"Group","Scale","N","Missing","Mean","SD","Min","Max"
"Argentina","Composite_Religiosity",131,8,-0.324,0.769,-1.12,1.635
"Armenia","Composite_Religiosity",322,14,0.265,0.724,-1.12,1.635
"Australia","Composite_Religiosity",896,9,-0.481,0.762,-1.12,1.635
"Austria","Composite_Religiosity",230,2,-0.528,0.651,-1.12,1.635
"Bangladesh","Composite_Religiosity",286,4,0.876,0.569,-1.12,1.635
"Bosnia-Herzegovina","Composite_Religiosity",370,29,0.651,0.786,-1.12,1.635
"Brazil","Composite_Religiosity",294,10,0.363,0.785,-1.12,1.635
"Bulgaria","Composite_Religiosity",282,5,-0.312,0.636,-1.12,1.266
"Cameroon","Composite_Religiosity",152,6,1.011,0.547,-0.609,1.635
"Canada","Composite_Religiosity",695,6,-0.125,0.811,-1.12,1.635
"Chile","Composite_Religiosity",340,23,-0.342,0.754,-1.12,1.635
"China","Composite_Religiosity",359,5,-0.71,0.418,-1.12,1.155
"Croatia","Composite_Religiosity",657,14,0.173,0.827,-1.12,1.635
"Czech Republic","Composite_Religiosity",381,10,-0.497,0.717,-1.12,1.524
"Ethiopia","Composite_Religiosity",295,4,1.076,0.492,-1.12,1.635
"France","Composite_Religiosity",424,11,-0.268,0.876,-1.12,1.635
"Georgia","Composite_Religiosity",274,12,0.069,0.724,-1.12,1.635
"Germany","Composite_Religiosity",691,8,-0.551,0.642,-1.12,1.635
"Ghana","Composite_Religiosity",62,0,0.884,0.549,-0.491,1.635
"Greece","Composite_Religiosity",427,15,-0.067,0.723,-1.12,1.524
"Hong Kong","Composite_Religiosity",90,1,-0.41,0.757,-1.12,1.635
"Hungary","Composite_Religiosity",416,2,-0.497,0.73,-1.12,1.635
"India","Composite_Religiosity",351,37,0.139,0.7,-1.12,1.635
"Indonesia","Composite_Religiosity",271,6,1.019,0.422,-0.468,1.635
"Iran","Composite_Religiosity",361,22,0,0.788,-1.12,1.685
"Ireland","Composite_Religiosity",72,1,-0.507,0.668,-1.12,1.265
"Israel","Composite_Religiosity",442,2,0.045,0.871,-1.12,1.635
"Italy","Composite_Religiosity",559,7,-0.478,0.721,-1.12,1.635
"Japan","Composite_Religiosity",423,1,-0.742,0.376,-1.12,1.155
"Kazakhstan","Composite_Religiosity",87,6,-0.379,0.661,-1.12,1.524
"Kenya","Composite_Religiosity",223,1048,1.003,0.495,-1.12,1.635
"Kosovo","Composite_Religiosity",204,3,0.482,0.693,-1.12,1.635
"Kuwait","Composite_Religiosity",172,8,0.663,0.785,-1.12,1.635
"Lebanon","Composite_Religiosity",83,4,0.173,0.895,-1.12,1.635
"Malaysia","Composite_Religiosity",301,10,0.047,0.728,-1.12,1.635
"Mexico","Composite_Religiosity",133,7,-0.124,0.703,-1.12,1.635
"Morocco","Composite_Religiosity",170,5,0.769,0.544,-1.12,1.635
"Namibia","Composite_Religiosity",0,973,NA,NA,NA,NA
"New Zealand","Composite_Religiosity",221,8,-0.711,0.609,-1.12,1.413
"Nigeria","Composite_Religiosity",467,20,0.941,0.565,-1.12,1.635
"North Macedonia","Composite_Religiosity",304,8,0.118,0.742,-1.12,1.635
"Overall","Composite_Religiosity",22980,3531,0,0.859,-1.19,1.685
"Pakistan","Composite_Religiosity",432,5,0.871,0.491,-1.12,1.635
"Philippines","Composite_Religiosity",842,18,0.384,0.63,-1.12,1.635
"Poland","Composite_Religiosity",649,10,-0.35,0.733,-1.12,1.635
"Portugal","Composite_Religiosity",326,5,-0.562,0.656,-1.12,1.635
"Romania","Composite_Religiosity",457,21,-0.022,0.82,-1.12,1.635
"Russia","Composite_Religiosity",288,22,-0.228,0.672,-1.12,1.507
"Saudi Arabia","Composite_Religiosity",141,11,0.901,0.475,-1.12,1.635
"Serbia","Composite_Religiosity",372,9,-0.2,0.739,-1.12,1.507
"Singapore","Composite_Religiosity",323,4,-0.034,0.813,-1.12,1.635
"Slovakia","Composite_Religiosity",269,5,-0.07,0.873,-1.12,1.635
"South Africa","Composite_Religiosity",113,907,0.721,0.712,-1.12,1.635
"Spain","Composite_Religiosity",416,10,-0.047,0.917,-1.12,1.635
"Switzerland","Composite_Religiosity",91,0,-0.719,0.571,-1.12,1.413
"Taiwan","Composite_Religiosity",260,6,-0.432,0.607,-1.12,1.524
"Thailand","Composite_Religiosity",301,7,-0.118,0.667,-1.12,1.635
"The Netherlands","Composite_Religiosity",134,2,-0.717,0.668,-1.12,1.635
"Turkey","Composite_Religiosity",1853,44,0.324,0.747,-1.12,1.635
"Ukraine","Composite_Religiosity",426,6,-0.478,0.63,-1.12,1.635
"United Arab Emirates","Composite_Religiosity",59,3,0.924,0.616,-0.866,1.635
"United Kingdom","Composite_Religiosity",506,8,-0.423,0.83,-1.12,1.635
"United States","Composite_Religiosity",1542,35,-0.013,0.803,-1.12,1.635
"Uzbekistan","Composite_Religiosity",98,10,0.476,0.607,-1.12,1.635
"Vietnam","Composite_Religiosity",164,9,-0.532,0.564,-1.19,1.247
"Argentina","Conservation",134,5,3.991,0.796,1.833,5.5
"Armenia","Conservation",332,4,3.738,0.783,1.667,6
"Australia","Conservation",900,5,3.936,0.847,1,6
"Austria","Conservation",230,2,3.749,0.887,1.5,6
"Bangladesh","Conservation",287,3,4.69,0.811,1,6
"Bosnia-Herzegovina","Conservation",383,16,3.992,0.859,1.667,6
"Brazil","Conservation",300,4,4.18,0.866,1.167,6
"Bulgaria","Conservation",282,5,3.776,0.815,1,6
"Cameroon","Conservation",154,4,4.991,0.89,1,6
"Canada","Conservation",697,4,4.15,0.808,1.5,6
"Chile","Conservation",348,15,4.052,0.811,1.5,6
"China","Conservation",360,4,4.336,0.698,1.833,6
"Croatia","Conservation",664,7,3.899,0.845,1,6
"Czech Republic","Conservation",386,5,3.767,0.813,1.167,5.667
"Ethiopia","Conservation",297,2,4.627,0.879,1,6
"France","Conservation",430,5,3.865,0.908,1.5,6
"Georgia","Conservation",277,9,3.968,0.819,1.5,6
"Germany","Conservation",695,4,3.723,0.776,1.333,5.667
"Ghana","Conservation",62,0,4.739,0.908,2.333,6
"Greece","Conservation",432,10,3.971,0.849,1.5,6
"Hong Kong","Conservation",90,1,3.956,0.749,2.333,5.333
"Hungary","Conservation",418,0,4.079,0.804,2,6
"India","Conservation",364,24,4.17,0.771,2,6
"Indonesia","Conservation",274,3,4.617,0.722,2,6
"Iran","Conservation",368,15,4.041,0.804,1.667,6
"Ireland","Conservation",73,0,3.986,0.798,2.167,5.667
"Israel","Conservation",443,1,4.012,0.779,1.833,6
"Italy","Conservation",562,4,3.766,0.848,1.333,6
"Japan","Conservation",424,0,3.854,0.722,1.833,6
"Kazakhstan","Conservation",90,3,3.53,0.774,1.5,5.5
"Kenya","Conservation",223,1048,4.741,0.913,1,6
"Kosovo","Conservation",204,3,4.379,0.778,2,6
"Kuwait","Conservation",173,7,4.175,0.87,1.833,6
"Lebanon","Conservation",84,3,4.085,0.769,2.167,6
"Malaysia","Conservation",302,9,4.127,0.789,2,6
"Mexico","Conservation",137,3,4.141,0.82,1.5,5.833
"Morocco","Conservation",173,2,4.254,0.807,1,6
"Namibia","Conservation",0,973,NA,NA,NA,NA
"New Zealand","Conservation",222,7,3.619,0.814,1.5,6
"Nigeria","Conservation",473,14,4.844,0.882,2.167,6
"North Macedonia","Conservation",309,3,3.978,0.816,1.833,5.833
"Overall","Conservation",23224,3287,4.108,0.878,1,6
"Pakistan","Conservation",436,1,4.463,0.828,1.5,6
"Philippines","Conservation",850,10,4.649,0.766,1,6
"Poland","Conservation",652,7,3.599,0.825,1.333,6
"Portugal","Conservation",328,3,3.758,0.801,1.5,5.833
"Romania","Conservation",466,12,3.851,0.778,1.167,6
"Russia","Conservation",296,14,3.776,0.812,1.667,6
"Saudi Arabia","Conservation",147,5,4.426,0.806,1.5,6
"Serbia","Conservation",375,6,3.694,0.887,1.5,6
"Singapore","Conservation",325,2,4.202,0.795,1,6
"Slovakia","Conservation",270,4,4.121,0.719,2,6
"South Africa","Conservation",121,899,4.433,0.835,1,6
"Spain","Conservation",417,9,4.063,0.86,1.667,6
"Switzerland","Conservation",91,0,3.621,0.756,1.667,5.5
"Taiwan","Conservation",262,4,4.006,0.737,2.167,6
"Thailand","Conservation",304,4,4.589,0.569,2.833,6
"The Netherlands","Conservation",134,2,3.869,0.809,1.5,5.333
"Turkey","Conservation",1872,25,4.499,0.8,1,6
"Ukraine","Conservation",429,3,3.514,0.787,1.333,5.5
"United Arab Emirates","Conservation",61,1,4.574,0.873,2.167,6
"United Kingdom","Conservation",509,5,4.022,0.895,1.667,6
"United States","Conservation",1551,26,4.17,0.823,1.5,6
"Uzbekistan","Conservation",102,6,4.042,0.877,1,5.833
"Vietnam","Conservation",170,3,4.182,0.851,2,6
"Argentina","Corporal_Punishment",139,0,1.554,0.902,1,5
"Armenia","Corporal_Punishment",336,0,1.417,0.703,1,4.333
"Australia","Corporal_Punishment",885,20,1.805,0.944,1,5
"Austria","Corporal_Punishment",232,0,1.289,0.646,1,4.333
"Bangladesh","Corporal_Punishment",290,0,2.279,1.061,1,5
"Bosnia-Herzegovina","Corporal_Punishment",399,0,1.707,0.866,1,4.667
"Brazil","Corporal_Punishment",304,0,2.019,1.042,1,4.667
"Bulgaria","Corporal_Punishment",287,0,1.504,0.848,1,4.667
"Cameroon","Corporal_Punishment",158,0,3.31,1.028,1,5
"Canada","Corporal_Punishment",701,0,1.604,0.856,1,5
"Chile","Corporal_Punishment",363,0,1.309,0.659,1,5
"China","Corporal_Punishment",363,1,2.153,0.901,1,5
"Croatia","Corporal_Punishment",671,0,1.895,1.017,1,5
"Czech Republic","Corporal_Punishment",391,0,1.645,0.78,1,4.667
"Ethiopia","Corporal_Punishment",299,0,2.399,0.942,1,5
"France","Corporal_Punishment",435,0,1.805,1.072,1,5
"Georgia","Corporal_Punishment",286,0,1.441,0.781,1,4.333
"Germany","Corporal_Punishment",699,0,1.182,0.486,1,4.667
"Ghana","Corporal_Punishment",62,0,2.495,1.104,1,4.667
"Greece","Corporal_Punishment",442,0,1.169,0.466,1,4.333
"Hong Kong","Corporal_Punishment",91,0,1.993,0.836,1,3.667
"Hungary","Corporal_Punishment",418,0,1.427,0.683,1,4.333
"India","Corporal_Punishment",388,0,2,0.937,1,4.667
"Indonesia","Corporal_Punishment",277,0,1.834,0.851,1,5
"Iran","Corporal_Punishment",381,2,1.283,0.564,1,4.333
"Ireland","Corporal_Punishment",73,0,1.507,0.873,1,5
"Israel","Corporal_Punishment",444,0,1.368,0.661,1,5
"Italy","Corporal_Punishment",566,0,1.669,0.857,1,4.333
"Japan","Corporal_Punishment",424,0,1.959,0.867,1,5
"Kazakhstan","Corporal_Punishment",93,0,1.47,0.681,1,4.667
"Kenya","Corporal_Punishment",1192,79,2.854,0.979,1,5
"Kosovo","Corporal_Punishment",207,0,1.443,0.806,1,5
"Kuwait","Corporal_Punishment",180,0,1.993,0.992,1,5
"Lebanon","Corporal_Punishment",87,0,1.655,0.681,1,3.667
"Malaysia","Corporal_Punishment",311,0,2.386,0.864,1,4.667
"Mexico","Corporal_Punishment",140,0,1.571,0.793,1,4
"Morocco","Corporal_Punishment",175,0,1.922,0.848,1,4
"Namibia","Corporal_Punishment",912,61,2.751,1.019,1,5
"New Zealand","Corporal_Punishment",229,0,1.426,0.695,1,4.333
"Nigeria","Corporal_Punishment",487,0,3.331,1.188,1,5
"North Macedonia","Corporal_Punishment",312,0,1.521,0.722,1,5
"Overall","Corporal_Punishment",26222,289,1.868,1.007,1,5
"Pakistan","Corporal_Punishment",437,0,2.226,1.017,1,5
"Philippines","Corporal_Punishment",860,0,2.059,0.939,1,5
"Poland","Corporal_Punishment",659,0,1.424,0.692,1,4.333
"Portugal","Corporal_Punishment",331,0,2.003,0.995,1,4.667
"Romania","Corporal_Punishment",478,0,1.409,0.745,1,5
"Russia","Corporal_Punishment",308,2,1.665,0.863,1,5
"Saudi Arabia","Corporal_Punishment",151,1,1.766,0.813,1,5
"Serbia","Corporal_Punishment",381,0,1.721,0.897,1,5
"Singapore","Corporal_Punishment",327,0,2.265,0.974,1,5
"Slovakia","Corporal_Punishment",274,0,1.843,0.811,1,4.333
"South Africa","Corporal_Punishment",899,121,2.667,1.029,1,5
"Spain","Corporal_Punishment",425,1,1.589,0.907,1,5
"Switzerland","Corporal_Punishment",91,0,1.465,0.793,1,4.333
"Taiwan","Corporal_Punishment",266,0,2.142,0.906,1,4.333
"Thailand","Corporal_Punishment",308,0,1.682,0.741,1,4.333
"The Netherlands","Corporal_Punishment",136,0,1.279,0.526,1,3.333
"Turkey","Corporal_Punishment",1897,0,1.479,0.737,1,5
"Ukraine","Corporal_Punishment",432,0,1.282,0.552,1,4.333
"United Arab Emirates","Corporal_Punishment",62,0,2.005,1.062,1,4.333
"United Kingdom","Corporal_Punishment",514,0,1.756,1.007,1,5
"United States","Corporal_Punishment",1577,0,1.908,0.996,1,5
"Uzbekistan","Corporal_Punishment",107,1,2.178,0.872,1,5
"Vietnam","Corporal_Punishment",173,0,2.137,0.929,1,5
"Argentina","Humor",137,2,3.471,1.937,1,7
"Armenia","Humor",335,1,2.754,1.598,1,7
"Australia","Humor",902,3,4.289,1.875,1,7
"Austria","Humor",232,0,3.83,1.76,1,7
"Bangladesh","Humor",289,1,3.166,2.138,1,7
"Bosnia-Herzegovina","Humor",389,10,3.68,1.931,1,7
"Brazil","Humor",301,3,3.336,2.044,1,7
"Bulgaria","Humor",285,2,4.067,1.95,1,7
"Cameroon","Humor",155,3,3.687,2.385,1,7
"Canada","Humor",698,3,4.489,1.888,1,7
"Chile","Humor",355,8,3.346,2.024,1,7
"China","Humor",361,3,3.878,1.741,1,7
"Croatia","Humor",667,4,3.839,1.924,1,7
"Czech Republic","Humor",388,3,4.191,1.895,1,7
"Ethiopia","Humor",299,0,4.087,2.212,1,7
"France","Humor",431,4,4.425,1.97,1,7
"Georgia","Humor",280,6,1.888,1.344,1,7
"Germany","Humor",697,2,3.639,1.759,1,7
"Ghana","Humor",62,0,3.605,1.988,1,7
"Greece","Humor",435,7,3.269,1.916,1,7
"Hong Kong","Humor",90,1,4.211,1.604,1,7
"Hungary","Humor",418,0,3.752,1.827,1,7
"India","Humor",372,16,4.687,1.94,1,7
"Indonesia","Humor",274,3,2.839,1.627,1,7
"Iran","Humor",380,3,3.063,1.757,1,7
"Ireland","Humor",73,0,4.452,2.036,1,7
"Israel","Humor",443,1,4.033,1.843,1,7
"Italy","Humor",564,2,3.785,1.933,1,7
"Japan","Humor",424,0,3.14,1.698,1,7
"Kazakhstan","Humor",92,1,4.272,1.879,1,7
"Kenya","Humor",223,1048,3.619,2.096,1,7
"Kosovo","Humor",205,2,3.207,1.998,1,7
"Kuwait","Humor",174,6,4.144,1.952,1,7
"Lebanon","Humor",85,2,3.394,0.926,1,7
"Malaysia","Humor",305,6,4.285,1.819,1,7
"Mexico","Humor",140,0,3.264,1.914,1,7
"Morocco","Humor",175,0,2.963,2.181,1,7
"Namibia","Humor",0,973,NA,NA,NA,NA
"New Zealand","Humor",223,6,4.704,1.794,1,7
"Nigeria","Humor",476,11,4.566,2.148,1,7
"North Macedonia","Humor",309,3,3.934,2.006,1,7
"Overall","Humor",23374,3137,3.833,2.004,1,7
"Pakistan","Humor",436,1,4.13,1.992,1,7
"Philippines","Humor",850,10,4.785,1.992,1,7
"Poland","Humor",653,6,3.85,1.819,1,7
"Portugal","Humor",331,0,4.349,1.894,1,7
"Romania","Humor",473,5,4.414,1.987,1,7
"Russia","Humor",306,4,4.871,1.785,1,7
"Saudi Arabia","Humor",149,3,2.51,1.849,1,7
"Serbia","Humor",379,2,3.962,1.947,1,7
"Singapore","Humor",326,1,4.216,1.901,1,7
"Slovakia","Humor",273,1,4.383,1.89,1,7
"South Africa","Humor",122,898,4.061,2.132,1,7
"Spain","Humor",421,5,3.517,1.927,1,7
"Switzerland","Humor",91,0,4.44,1.745,1,7
"Taiwan","Humor",263,3,3.996,1.815,1,7
"Thailand","Humor",305,3,3.826,2.035,1,7
"The Netherlands","Humor",135,1,4.159,1.687,1,7
"Turkey","Humor",1878,19,2.633,1.818,1,7
"Ukraine","Humor",429,3,3.583,1.933,1,7
"United Arab Emirates","Humor",61,1,3.418,2.21,1,7
"United Kingdom","Humor",512,2,4.576,1.815,1,7
"United States","Humor",1564,13,4.409,1.909,1,7
"Uzbekistan","Humor",103,5,3.194,1.879,1,7
"Vietnam","Humor",171,2,3.211,1.984,1,7
"Argentina","Intimate_Violence",139,0,1.201,0.571,1,5
"Armenia","Intimate_Violence",336,0,1.562,0.723,1,5
"Australia","Intimate_Violence",885,20,1.177,0.466,1,4.667
"Austria","Intimate_Violence",232,0,1.259,0.596,1,3.667
"Bangladesh","Intimate_Violence",290,0,2.339,0.984,1,5
"Bosnia-Herzegovina","Intimate_Violence",399,0,1.185,0.424,1,3.333
"Brazil","Intimate_Violence",304,0,1.137,0.375,1,3.333
"Bulgaria","Intimate_Violence",287,0,1.213,0.47,1,3.667
"Cameroon","Intimate_Violence",158,0,2.534,1.09,1,5
"Canada","Intimate_Violence",701,0,1.199,0.452,1,4
"Chile","Intimate_Violence",363,0,1.13,0.407,1,4
"China","Intimate_Violence",363,1,1.482,0.645,1,5
"Croatia","Intimate_Violence",671,0,1.231,0.514,1,5
"Czech Republic","Intimate_Violence",391,0,1.246,0.502,1,3.667
"Ethiopia","Intimate_Violence",299,0,2.52,0.857,1,5
"France","Intimate_Violence",435,0,1.499,0.943,1,5
"Georgia","Intimate_Violence",286,0,1.615,0.777,1,4.333
"Germany","Intimate_Violence",699,0,1.114,0.326,1,3
"Ghana","Intimate_Violence",62,0,2.054,1.06,1,5
"Greece","Intimate_Violence",442,0,1.118,0.302,1,2.667
"Hong Kong","Intimate_Violence",91,0,1.516,0.549,1,3
"Hungary","Intimate_Violence",418,0,1.272,0.397,1,3
"India","Intimate_Violence",388,0,1.405,0.615,1,5
"Indonesia","Intimate_Violence",277,0,1.845,0.765,1,4
"Iran","Intimate_Violence",383,0,1.522,0.612,1,4
"Ireland","Intimate_Violence",73,0,1.132,0.355,1,2.333
"Israel","Intimate_Violence",444,0,1.152,0.423,1,4
"Italy","Intimate_Violence",566,0,1.216,0.532,1,4.667
"Japan","Intimate_Violence",424,0,1.409,0.547,1,4.667
"Kazakhstan","Intimate_Violence",93,0,1.541,0.622,1,3.333
"Kenya","Intimate_Violence",1192,79,2.18,0.993,1,5
"Kosovo","Intimate_Violence",207,0,1.337,0.68,1,4.667
"Kuwait","Intimate_Violence",35,145,1.562,0.656,1,3.333
"Lebanon","Intimate_Violence",87,0,1.157,0.406,1,3.333
"Malaysia","Intimate_Violence",311,0,1.669,0.79,1,4.667
"Mexico","Intimate_Violence",140,0,1.252,0.544,1,4
"Morocco","Intimate_Violence",175,0,1.821,0.788,1,4.333
"Namibia","Intimate_Violence",912,61,2.377,0.999,1,5
"New Zealand","Intimate_Violence",229,0,1.122,0.362,1,4.333
"Nigeria","Intimate_Violence",487,0,2.157,1.082,1,5
"North Macedonia","Intimate_Violence",312,0,1.237,0.502,1,5
"Overall","Intimate_Violence",26081,430,1.499,0.78,1,5
"Pakistan","Intimate_Violence",437,0,1.811,0.843,1,5
"Philippines","Intimate_Violence",860,0,1.437,0.693,1,5
"Poland","Intimate_Violence",659,0,1.263,0.47,1,4.333
"Portugal","Intimate_Violence",331,0,1.129,0.389,1,4
"Romania","Intimate_Violence",478,0,1.192,0.497,1,5
"Russia","Intimate_Violence",308,2,1.64,0.736,1,5
"Saudi Arabia","Intimate_Violence",151,1,1.629,0.762,1,5
"Serbia","Intimate_Violence",381,0,1.151,0.363,1,3
"Singapore","Intimate_Violence",327,0,1.529,0.729,1,4.667
"Slovakia","Intimate_Violence",274,0,1.31,0.53,1,5
"South Africa","Intimate_Violence",899,121,1.928,1.057,1,5
"Spain","Intimate_Violence",426,0,1.226,0.639,1,5
"Switzerland","Intimate_Violence",91,0,1.121,0.339,1,3
"Taiwan","Intimate_Violence",266,0,1.38,0.513,1,4.333
"Thailand","Intimate_Violence",308,0,1.295,0.514,1,4.667
"The Netherlands","Intimate_Violence",136,0,1.044,0.156,1,2.333
"Turkey","Intimate_Violence",1897,0,1.633,0.774,1,4.667
"Ukraine","Intimate_Violence",432,0,1.362,0.555,1,4.333
"United Arab Emirates","Intimate_Violence",62,0,1.887,0.768,1,3.667
"United Kingdom","Intimate_Violence",514,0,1.261,0.612,1,5
"United States","Intimate_Violence",1577,0,1.336,0.637,1,5
"Uzbekistan","Intimate_Violence",108,0,2.022,0.803,1,4.333
"Vietnam","Intimate_Violence",173,0,1.938,0.845,1,5
"Argentina","Intrinsic_Religiosity",131,8,2.402,1.315,1,5
"Armenia","Intrinsic_Religiosity",322,14,3.365,1.204,1,5
"Australia","Intrinsic_Religiosity",896,9,2.135,1.334,1,5
"Austria","Intrinsic_Religiosity",230,2,1.948,1.13,1,5
"Bangladesh","Intrinsic_Religiosity",286,4,4.311,0.913,1,5
"Bosnia-Herzegovina","Intrinsic_Religiosity",370,29,3.874,1.199,1,5
"Brazil","Intrinsic_Religiosity",294,10,3.56,1.283,1,5
"Bulgaria","Intrinsic_Religiosity",282,5,2.531,1.211,1,5
"Cameroon","Intrinsic_Religiosity",152,6,4.414,0.87,1,5
"Canada","Intrinsic_Religiosity",695,6,2.744,1.371,1,5
"Chile","Intrinsic_Religiosity",340,23,2.409,1.297,1,5
"China","Intrinsic_Religiosity",359,5,1.728,0.817,1,5
"Croatia","Intrinsic_Religiosity",657,14,3.2,1.325,1,5
"Czech Republic","Intrinsic_Religiosity",381,10,2.037,1.159,1,5
"Ethiopia","Intrinsic_Religiosity",295,4,4.412,0.839,1,5
"France","Intrinsic_Religiosity",424,11,2.436,1.441,1,5
"Georgia","Intrinsic_Religiosity",274,12,3.206,1.31,1,5
"Germany","Intrinsic_Religiosity",691,8,2,1.177,1,5
"Ghana","Intrinsic_Religiosity",62,0,4.204,0.896,1.333,5
"Greece","Intrinsic_Religiosity",427,15,2.726,1.222,1,5
"Hong Kong","Intrinsic_Religiosity",90,1,2.256,1.25,1,5
"Hungary","Intrinsic_Religiosity",416,2,2.102,1.244,1,5
"India","Intrinsic_Religiosity",351,37,3.024,1.181,1,5
"Indonesia","Intrinsic_Religiosity",271,6,4.549,0.673,1.667,5
"Iran","Intrinsic_Religiosity",361,22,3.045,1.333,1,5
"Ireland","Intrinsic_Religiosity",72,1,1.944,1.191,1,5
"Israel","Intrinsic_Religiosity",442,2,2.866,1.452,1,5
"Italy","Intrinsic_Religiosity",559,7,2.111,1.212,1,5
"Japan","Intrinsic_Religiosity",423,1,1.738,0.759,1,5
"Kazakhstan","Intrinsic_Religiosity",87,6,2.517,1.242,1,5
"Kenya","Intrinsic_Religiosity",223,1048,4.268,0.808,1,5
"Kosovo","Intrinsic_Religiosity",204,3,4.006,1.098,1,5
"Kuwait","Intrinsic_Religiosity",172,8,3.857,1.245,1,5
"Lebanon","Intrinsic_Religiosity",83,4,3.08,1.311,1,5
"Malaysia","Intrinsic_Religiosity",301,10,2.951,1.218,1,5
"Mexico","Intrinsic_Religiosity",133,7,2.789,1.218,1,5
"Morocco","Intrinsic_Religiosity",170,5,3.976,0.849,1,5
"Namibia","Intrinsic_Religiosity",0,973,NA,NA,NA,NA
"New Zealand","Intrinsic_Religiosity",221,8,1.715,1.068,1,5
"Nigeria","Intrinsic_Religiosity",467,20,4.075,0.946,1,5
"North Macedonia","Intrinsic_Religiosity",304,8,3.203,1.317,1,5
"Overall","Intrinsic_Religiosity",22980,3531,2.896,1.421,1,5
"Pakistan","Intrinsic_Religiosity",432,5,4.221,0.799,1,5
"Philippines","Intrinsic_Religiosity",842,18,3.494,1.058,1,5
"Poland","Intrinsic_Religiosity",649,10,2.211,1.212,1,5
"Portugal","Intrinsic_Religiosity",326,5,1.984,1.145,1,5
"Romania","Intrinsic_Religiosity",457,21,2.912,1.396,1,5
"Russia","Intrinsic_Religiosity",288,22,2.765,1.256,1,5
"Saudi Arabia","Intrinsic_Religiosity",141,11,4.298,0.848,1,5
"Serbia","Intrinsic_Religiosity",372,9,2.734,1.345,1,5
"Singapore","Intrinsic_Religiosity",323,4,2.843,1.321,1,5
"Slovakia","Intrinsic_Religiosity",269,5,2.654,1.386,1,5
"South Africa","Intrinsic_Religiosity",113,907,4.112,1.131,1,5
"Spain","Intrinsic_Religiosity",416,10,2.654,1.462,1,5
"Switzerland","Intrinsic_Religiosity",91,0,1.667,1.034,1,5
"Taiwan","Intrinsic_Religiosity",260,6,2.319,1.153,1,5
"Thailand","Intrinsic_Religiosity",301,7,2.679,1.141,1,5
"The Netherlands","Intrinsic_Religiosity",134,2,1.699,1.168,1,5
"Turkey","Intrinsic_Religiosity",1853,44,3.478,1.226,1,5
"Ukraine","Intrinsic_Religiosity",426,6,2.21,1.156,1,5
"United Arab Emirates","Intrinsic_Religiosity",59,3,4.254,0.87,1.667,5
"United Kingdom","Intrinsic_Religiosity",506,8,2.194,1.382,1,5
"United States","Intrinsic_Religiosity",1542,35,2.901,1.371,1,5
"Uzbekistan","Intrinsic_Religiosity",98,10,3.957,1.067,1,5
"Vietnam","Intrinsic_Religiosity",164,9,2.177,1.167,1,5
"Argentina","MFQ_Authority",131,8,3.396,0.856,1.5,5
"Armenia","MFQ_Authority",324,12,3.171,0.738,1,5
"Australia","MFQ_Authority",897,8,3.071,0.858,1.167,5
"Austria","MFQ_Authority",230,2,2.655,0.945,1,5
"Bangladesh","MFQ_Authority",286,4,4.051,0.695,1,5
"Bosnia-Herzegovina","MFQ_Authority",372,27,3.574,0.852,1,5
"Brazil","MFQ_Authority",295,9,3.561,0.935,1.333,5
"Bulgaria","MFQ_Authority",283,4,3.2,0.787,1,5
"Cameroon","MFQ_Authority",153,5,4.324,0.666,1,5
"Canada","MFQ_Authority",695,6,3.23,0.844,1.167,5
"Chile","MFQ_Authority",343,20,3.138,0.976,1,5
"China","MFQ_Authority",359,5,3.181,0.841,1.167,5
"Croatia","MFQ_Authority",658,13,3.493,0.794,1,5
"Czech Republic","MFQ_Authority",382,9,2.825,0.822,1,4.667
"Ethiopia","MFQ_Authority",297,2,4.068,0.688,1.167,5
"France","MFQ_Authority",424,11,3.186,0.896,1,5
"Georgia","MFQ_Authority",275,11,3.057,0.786,1,5
"Germany","MFQ_Authority",691,8,2.651,0.843,1,4.833
"Ghana","MFQ_Authority",62,0,4.313,0.566,2.833,5
"Greece","MFQ_Authority",428,14,2.936,0.804,1,5
"Hong Kong","MFQ_Authority",90,1,3.117,0.756,1.5,4.667
"Hungary","MFQ_Authority",417,1,3.086,0.74,1,5
"India","MFQ_Authority",354,34,3.51,0.886,1.167,5
"Indonesia","MFQ_Authority",271,6,3.921,0.676,1.667,5
"Iran","MFQ_Authority",362,21,2.937,0.965,1,5
"Ireland","MFQ_Authority",72,1,3.141,0.96,1.167,5
"Israel","MFQ_Authority",443,1,3.406,0.714,1.333,5
"Italy","MFQ_Authority",560,6,2.923,0.946,1,5
"Japan","MFQ_Authority",424,0,2.662,0.68,1,4.833
"Kazakhstan","MFQ_Authority",87,6,2.875,0.731,1.333,5
"Kenya","MFQ_Authority",223,1048,4.193,0.671,2,5
"Kosovo","MFQ_Authority",204,3,3.961,0.663,1.833,5
"Kuwait","MFQ_Authority",172,8,3.569,0.918,1.167,5
"Lebanon","MFQ_Authority",83,4,3.614,0.754,1.5,5
"Malaysia","MFQ_Authority",302,9,3.484,0.727,1.167,5
"Mexico","MFQ_Authority",133,7,3.38,0.858,1.167,5
"Morocco","MFQ_Authority",170,5,3.996,0.675,2.167,5
"Namibia","MFQ_Authority",0,973,NA,NA,NA,NA
"New Zealand","MFQ_Authority",222,7,2.646,0.8,1.167,5
"Nigeria","MFQ_Authority",469,18,4.199,0.726,1,5
"North Macedonia","MFQ_Authority",306,6,3.492,0.847,1,5
"Overall","MFQ_Authority",23025,3486,3.281,0.921,1,5
"Pakistan","MFQ_Authority",434,3,3.907,0.713,1,5
"Philippines","MFQ_Authority",845,15,3.81,0.714,1.5,5
"Poland","MFQ_Authority",650,9,2.778,0.846,1,5
"Portugal","MFQ_Authority",327,4,2.962,0.929,1.167,5
"Romania","MFQ_Authority",456,22,2.946,0.838,1,5
"Russia","MFQ_Authority",287,23,3.131,0.812,1,5
"Saudi Arabia","MFQ_Authority",142,10,4.094,0.732,2.333,5
"Serbia","MFQ_Authority",372,9,2.884,1.02,1,5
"Singapore","MFQ_Authority",323,4,3.361,0.788,1,5
"Slovakia","MFQ_Authority",269,5,3.137,0.807,1,4.833
"South Africa","MFQ_Authority",113,907,3.901,0.665,1.833,5
"Spain","MFQ_Authority",416,10,3.531,0.914,1,5
"Switzerland","MFQ_Authority",91,0,2.69,0.846,1,5
"Taiwan","MFQ_Authority",260,6,2.849,0.757,1.333,5
"Thailand","MFQ_Authority",301,7,3.088,0.733,1,5
"The Netherlands","MFQ_Authority",134,2,2.882,0.701,1.333,4.5
"Turkey","MFQ_Authority",1858,39,3.352,0.904,1,5
"Ukraine","MFQ_Authority",426,6,2.718,0.717,1,5
"United Arab Emirates","MFQ_Authority",59,3,4.008,0.789,1.833,5
"United Kingdom","MFQ_Authority",506,8,2.974,0.948,1,5
"United States","MFQ_Authority",1542,35,3.254,0.852,1.167,5
"Uzbekistan","MFQ_Authority",100,8,3.656,0.71,2,5
"Vietnam","MFQ_Authority",165,8,3.69,0.781,1.333,5
"Argentina","MFQ_Care",131,8,3.879,0.859,1,5
"Armenia","MFQ_Care",324,12,3.305,0.865,1,5
"Australia","MFQ_Care",897,8,4.106,0.715,1,5
"Austria","MFQ_Care",230,2,3.963,0.782,1,5
"Bangladesh","MFQ_Care",286,4,4.064,0.74,1,5
"Bosnia-Herzegovina","MFQ_Care",371,28,4.15,0.679,1.5,5
"Brazil","MFQ_Care",295,9,4.025,0.731,1.333,5
"Bulgaria","MFQ_Care",283,4,4.01,0.72,1,5
"Cameroon","MFQ_Care",153,5,4.32,0.657,1.333,5
"Canada","MFQ_Care",695,6,4.192,0.667,1.333,5
"Chile","MFQ_Care",343,20,3.888,0.814,1.5,5
"China","MFQ_Care",359,5,3.311,0.905,1,5
"Croatia","MFQ_Care",658,13,3.987,0.684,1,5
"Czech Republic","MFQ_Care",382,9,3.663,0.767,1.333,5
"Ethiopia","MFQ_Care",297,2,4.365,0.697,1.333,5
"France","MFQ_Care",424,11,4.089,0.689,1.333,5
"Georgia","MFQ_Care",275,11,3.854,0.814,1.5,5
"Germany","MFQ_Care",691,8,3.984,0.687,1.333,5
"Ghana","MFQ_Care",62,0,4.183,0.727,1,5
"Greece","MFQ_Care",428,14,4.118,0.632,1.333,5
"Hong Kong","MFQ_Care",90,1,3.611,0.746,1.5,5
"Hungary","MFQ_Care",417,1,3.736,0.719,1.5,5
"India","MFQ_Care",354,34,4.007,0.735,1,5
"Indonesia","MFQ_Care",271,6,3.887,0.722,1.333,5
"Iran","MFQ_Care",361,22,3.961,0.735,1,5
"Ireland","MFQ_Care",72,1,4.044,0.641,2.5,5
"Israel","MFQ_Care",443,1,3.853,0.681,1.5,5
"Italy","MFQ_Care",560,6,3.886,0.782,1.167,5
"Japan","MFQ_Care",424,0,3.352,0.732,1.167,5
"Kazakhstan","MFQ_Care",87,6,3.387,0.812,1,5
"Kenya","MFQ_Care",223,1048,4.23,0.713,1.333,5
"Kosovo","MFQ_Care",204,3,4.187,0.663,1.833,5
"Kuwait","MFQ_Care",172,8,3.925,0.818,1.5,5
"Lebanon","MFQ_Care",83,4,4.494,0.629,2.5,5
"Malaysia","MFQ_Care",302,9,3.735,0.817,1.333,5
"Mexico","MFQ_Care",133,7,3.664,0.901,1.167,5
"Morocco","MFQ_Care",170,5,3.956,0.778,2,5
"Namibia","MFQ_Care",0,973,NA,NA,NA,NA
"New Zealand","MFQ_Care",222,7,4.132,0.707,1,5
"Nigeria","MFQ_Care",469,18,4.22,0.747,1.667,5
"North Macedonia","MFQ_Care",306,6,4.211,0.653,2,5
"Overall","MFQ_Care",23024,3487,3.924,0.778,1,5
"Pakistan","MFQ_Care",434,3,4.137,0.679,1.833,5
"Philippines","MFQ_Care",845,15,4.045,0.681,1.167,5
"Poland","MFQ_Care",650,9,3.72,0.798,1,5
"Portugal","MFQ_Care",327,4,3.872,0.83,1.167,5
"Romania","MFQ_Care",456,22,3.975,0.753,1,5
"Russia","MFQ_Care",288,22,3.523,0.74,1.167,5
"Saudi Arabia","MFQ_Care",142,10,3.943,0.774,1.833,5
"Serbia","MFQ_Care",372,9,4.059,0.731,1,5
"Singapore","MFQ_Care",323,4,3.77,0.799,1,5
"Slovakia","MFQ_Care",269,5,3.769,0.721,1,5
"South Africa","MFQ_Care",113,907,4.131,0.659,2.333,5
"Spain","MFQ_Care",416,10,4.146,0.673,1.5,5
"Switzerland","MFQ_Care",91,0,3.956,0.722,2,5
"Taiwan","MFQ_Care",260,6,3.223,0.802,1.167,5
"Thailand","MFQ_Care",301,7,3.915,0.659,1.833,5
"The Netherlands","MFQ_Care",134,2,4.042,0.645,2,5
"Turkey","MFQ_Care",1858,39,3.782,0.763,1,5
"Ukraine","MFQ_Care",426,6,3.366,0.829,1,5
"United Arab Emirates","MFQ_Care",59,3,4.09,0.653,2.333,5
"United Kingdom","MFQ_Care",506,8,4.169,0.712,1,5
"United States","MFQ_Care",1542,35,4.07,0.731,1.167,5
"Uzbekistan","MFQ_Care",100,8,3.605,0.79,1.5,5
"Vietnam","MFQ_Care",165,8,3.562,0.83,1,5
"Argentina","MFQ_Equality",131,8,2.958,1.03,1,5
"Armenia","MFQ_Equality",324,12,2.653,0.892,1,4.833
"Australia","MFQ_Equality",897,8,2.969,0.91,1,5
"Austria","MFQ_Equality",230,2,3.256,0.961,1,5
"Bangladesh","MFQ_Equality",286,4,3.212,0.988,1,5
"Bosnia-Herzegovina","MFQ_Equality",372,27,3.245,0.87,1,5
"Brazil","MFQ_Equality",295,9,3.277,1.009,1,5
"Bulgaria","MFQ_Equality",283,4,2.753,0.868,1,4.833
"Cameroon","MFQ_Equality",153,5,3.891,0.933,1,5
"Canada","MFQ_Equality",695,6,3.023,0.87,1,5
"Chile","MFQ_Equality",343,20,2.986,1.034,1,5
"China","MFQ_Equality",359,5,2.569,0.951,1,5
"Croatia","MFQ_Equality",658,13,3.101,0.861,1,5
"Czech Republic","MFQ_Equality",382,9,2.462,0.892,1,5
"Ethiopia","MFQ_Equality",297,2,3.13,1.006,1,5
"France","MFQ_Equality",424,11,3.059,1.013,1,5
"Georgia","MFQ_Equality",275,11,3.239,0.896,1,5
"Germany","MFQ_Equality",691,8,2.966,0.969,1,5
"Ghana","MFQ_Equality",62,0,3.441,0.921,1.333,5
"Greece","MFQ_Equality",428,14,3.18,0.838,1,5
"Hong Kong","MFQ_Equality",90,1,2.448,0.837,1,4.333
"Hungary","MFQ_Equality",417,1,3.054,0.866,1,5
"India","MFQ_Equality",354,34,2.806,0.887,1,5
"Indonesia","MFQ_Equality",271,6,2.859,0.833,1,5
"Iran","MFQ_Equality",361,22,2.952,0.948,1,5
"Ireland","MFQ_Equality",72,1,3.132,0.78,1.667,5
"Israel","MFQ_Equality",443,1,2.486,0.849,1,5
"Italy","MFQ_Equality",560,6,3.078,0.957,1,5
"Japan","MFQ_Equality",424,0,2.199,0.735,1,4.333
"Kazakhstan","MFQ_Equality",87,6,2.749,0.798,1,5
"Kenya","MFQ_Equality",223,1048,3.318,0.972,1,5
"Kosovo","MFQ_Equality",204,3,3.24,0.935,1,5
"Kuwait","MFQ_Equality",172,8,2.955,0.92,1,5
"Lebanon","MFQ_Equality",83,4,3.159,0.649,1.333,5
"Malaysia","MFQ_Equality",302,9,2.864,0.877,1,5
"Mexico","MFQ_Equality",133,7,2.604,0.892,1,5
"Morocco","MFQ_Equality",170,5,3.01,0.906,1.333,5
"Namibia","MFQ_Equality",0,973,NA,NA,NA,NA
"New Zealand","MFQ_Equality",222,7,3.12,0.891,1.167,5
"Nigeria","MFQ_Equality",469,18,3.221,1.083,1,5
"North Macedonia","MFQ_Equality",306,6,3.373,0.83,1,5
"Overall","MFQ_Equality",23024,3487,2.92,0.954,1,5
"Pakistan","MFQ_Equality",434,3,3.194,0.894,1,5
"Philippines","MFQ_Equality",845,15,3.204,0.845,1,5
"Poland","MFQ_Equality",650,9,2.424,0.974,1,5
"Portugal","MFQ_Equality",327,4,2.826,1.071,1,5
"Romania","MFQ_Equality",456,22,2.564,0.866,1,5
"Russia","MFQ_Equality",288,22,2.867,0.895,1,5
"Saudi Arabia","MFQ_Equality",142,10,2.793,0.901,1.167,5
"Serbia","MFQ_Equality",372,9,2.909,0.943,1,5
"Singapore","MFQ_Equality",323,4,2.824,0.914,1,5
"Slovakia","MFQ_Equality",269,5,2.9,0.847,1,5
"South Africa","MFQ_Equality",113,907,3.206,0.823,1.167,5
"Spain","MFQ_Equality",416,10,2.708,0.985,1,5
"Switzerland","MFQ_Equality",91,0,3.141,0.821,1.333,5
"Taiwan","MFQ_Equality",260,6,2.36,0.899,1,5
"Thailand","MFQ_Equality",301,7,2.976,0.863,1,5
"The Netherlands","MFQ_Equality",134,2,2.701,0.801,1,4.667
"Turkey","MFQ_Equality",1858,39,2.873,0.91,1,5
"Ukraine","MFQ_Equality",426,6,2.311,0.878,1,5
"United Arab Emirates","MFQ_Equality",59,3,3.376,0.978,1,5
"United Kingdom","MFQ_Equality",506,8,3.095,0.919,1,5
"United States","MFQ_Equality",1541,36,2.891,0.916,1,5
"Uzbekistan","MFQ_Equality",100,8,3.044,0.856,1,5
"Vietnam","MFQ_Equality",165,8,2.502,1.061,1,5
"Argentina","MFQ_Loyalty",131,8,3.295,0.923,1,5
"Armenia","MFQ_Loyalty",324,12,3.649,0.873,1,5
"Australia","MFQ_Loyalty",897,8,2.796,0.847,1,5
"Austria","MFQ_Loyalty",230,2,2.694,0.927,1.167,5
"Bangladesh","MFQ_Loyalty",286,4,4.082,0.764,1,5
"Bosnia-Herzegovina","MFQ_Loyalty",372,27,3.474,0.901,1,5
"Brazil","MFQ_Loyalty",295,9,3.377,0.924,1,5
"Bulgaria","MFQ_Loyalty",283,4,3.234,0.783,1,5
"Cameroon","MFQ_Loyalty",153,5,4.225,0.718,1,5
"Canada","MFQ_Loyalty",695,6,2.849,0.81,1,5
"Chile","MFQ_Loyalty",343,20,2.993,0.911,1.167,5
"China","MFQ_Loyalty",359,5,3.923,0.919,1.333,5
"Croatia","MFQ_Loyalty",658,13,3.422,0.831,1,5
"Czech Republic","MFQ_Loyalty",382,9,2.868,0.786,1,5
"Ethiopia","MFQ_Loyalty",297,2,3.829,0.688,1.333,5
"France","MFQ_Loyalty",424,11,3.364,0.884,1.167,5
"Georgia","MFQ_Loyalty",275,11,3.883,0.805,1.333,5
"Germany","MFQ_Loyalty",691,8,2.621,0.805,1,4.833
"Ghana","MFQ_Loyalty",62,0,4.207,0.685,2,5
"Greece","MFQ_Loyalty",428,14,3.321,0.781,1.333,5
"Hong Kong","MFQ_Loyalty",90,1,3.03,0.776,1.333,4.833
"Hungary","MFQ_Loyalty",417,1,2.85,0.781,1.167,5
"India","MFQ_Loyalty",354,34,3.642,0.86,1.167,5
"Indonesia","MFQ_Loyalty",271,6,3.523,0.781,1.167,5
"Iran","MFQ_Loyalty",361,22,3.416,0.941,1.167,5
"Ireland","MFQ_Loyalty",72,1,3.097,0.914,1.333,5
"Israel","MFQ_Loyalty",443,1,3.769,0.697,1.5,5
"Italy","MFQ_Loyalty",560,6,2.85,0.883,1,5
"Japan","MFQ_Loyalty",424,0,2.653,0.815,1,5
"Kazakhstan","MFQ_Loyalty",87,6,3.02,0.778,1.333,5
"Kenya","MFQ_Loyalty",223,1048,4.117,0.787,1.667,5
"Kosovo","MFQ_Loyalty",204,3,4.243,0.65,2,5
"Kuwait","MFQ_Loyalty",172,8,3.586,0.932,1,5
"Lebanon","MFQ_Loyalty",83,4,3.777,0.626,2.167,5
"Malaysia","MFQ_Loyalty",302,9,3.417,0.763,1.167,5
"Mexico","MFQ_Loyalty",133,7,2.995,0.934,1.167,5
"Morocco","MFQ_Loyalty",170,5,4.051,0.812,1.667,5
"Namibia","MFQ_Loyalty",0,973,NA,NA,NA,NA
"New Zealand","MFQ_Loyalty",222,7,2.634,0.735,1,5
"Nigeria","MFQ_Loyalty",469,18,4.098,0.795,1,5
"North Macedonia","MFQ_Loyalty",306,6,3.575,0.8,1.167,5
"Overall","MFQ_Loyalty",23024,3487,3.315,0.952,1,5
"Pakistan","MFQ_Loyalty",434,3,3.875,0.749,1.5,5
"Philippines","MFQ_Loyalty",845,15,3.618,0.788,1.5,5
"Poland","MFQ_Loyalty",650,9,2.77,0.836,1,5
"Portugal","MFQ_Loyalty",327,4,2.964,0.843,1,5
"Romania","MFQ_Loyalty",456,22,3.203,0.764,1.333,5
"Russia","MFQ_Loyalty",288,22,3.244,0.839,1.167,5
"Saudi Arabia","MFQ_Loyalty",142,10,4.296,0.722,2.167,5
"Serbia","MFQ_Loyalty",372,9,2.982,0.945,1,5
"Singapore","MFQ_Loyalty",323,4,3.204,0.847,1,5
"Slovakia","MFQ_Loyalty",269,5,2.976,0.764,1,4.833
"South Africa","MFQ_Loyalty",113,907,3.462,0.81,1.5,5
"Spain","MFQ_Loyalty",416,10,3.318,0.919,1,5
"Switzerland","MFQ_Loyalty",91,0,2.588,0.836,1,4.667
"Taiwan","MFQ_Loyalty",260,6,3.035,0.745,1.333,5
"Thailand","MFQ_Loyalty",301,7,3.067,0.842,1,5
"The Netherlands","MFQ_Loyalty",134,2,2.514,0.715,1,4.333
"Turkey","MFQ_Loyalty",1858,39,3.925,0.847,1,5
"Ukraine","MFQ_Loyalty",426,6,3.197,0.891,1,5
"United Arab Emirates","MFQ_Loyalty",59,3,4.017,0.835,1.667,5
"United Kingdom","MFQ_Loyalty",505,9,2.848,0.959,1,5
"United States","MFQ_Loyalty",1542,35,2.954,0.825,1,5
"Uzbekistan","MFQ_Loyalty",100,8,3.817,0.815,1.833,5
"Vietnam","MFQ_Loyalty",165,8,3.916,0.872,1.167,5
"Argentina","MFQ_Proportionality",131,8,3.856,0.715,2.333,5
"Armenia","MFQ_Proportionality",324,12,3.727,0.726,1,5
"Australia","MFQ_Proportionality",897,8,3.61,0.758,1.333,5
"Austria","MFQ_Proportionality",230,2,3.617,0.757,1.333,5
"Bangladesh","MFQ_Proportionality",286,4,4.002,0.671,1,5
"Bosnia-Herzegovina","MFQ_Proportionality",372,27,4.12,0.684,1,5
"Brazil","MFQ_Proportionality",295,9,4,0.728,1.5,5
"Bulgaria","MFQ_Proportionality",283,4,4.106,0.608,1,5
"Cameroon","MFQ_Proportionality",153,5,4.178,0.733,1,5
"Canada","MFQ_Proportionality",695,6,3.682,0.7,1.333,5
"Chile","MFQ_Proportionality",343,20,3.696,0.717,1.5,5
"China","MFQ_Proportionality",359,5,3.701,0.745,1,5
"Croatia","MFQ_Proportionality",658,13,4.066,0.635,1,5
"Czech Republic","MFQ_Proportionality",382,9,3.681,0.708,1.167,5
"Ethiopia","MFQ_Proportionality",297,2,4.189,0.74,1.167,5
"France","MFQ_Proportionality",424,11,3.807,0.613,1.833,5
"Georgia","MFQ_Proportionality",275,11,3.971,0.739,1.333,5
"Germany","MFQ_Proportionality",691,8,3.78,0.695,1.167,5
"Ghana","MFQ_Proportionality",62,0,3.952,0.701,1.667,5
"Greece","MFQ_Proportionality",428,14,3.882,0.646,1.5,5
"Hong Kong","MFQ_Proportionality",90,1,3.719,0.659,2,5
"Hungary","MFQ_Proportionality",417,1,3.856,0.672,1.333,5
"India","MFQ_Proportionality",354,34,3.76,0.727,1.167,5
"Indonesia","MFQ_Proportionality",271,6,3.953,0.714,1.333,5
"Iran","MFQ_Proportionality",361,22,4.071,0.649,1.5,5
"Ireland","MFQ_Proportionality",72,1,3.604,0.704,1.5,5
"Israel","MFQ_Proportionality",443,1,3.837,0.618,1.667,5
"Italy","MFQ_Proportionality",560,6,3.61,0.744,1.333,5
"Japan","MFQ_Proportionality",424,0,3.54,0.708,1.333,5
"Kazakhstan","MFQ_Proportionality",87,6,3.719,0.649,1.333,5
"Kenya","MFQ_Proportionality",223,1048,3.883,0.738,1.333,5
"Kosovo","MFQ_Proportionality",204,3,4.194,0.632,1.667,5
"Kuwait","MFQ_Proportionality",172,8,3.826,0.754,1,5
"Lebanon","MFQ_Proportionality",83,4,4.275,0.634,2.333,5
"Malaysia","MFQ_Proportionality",302,9,3.751,0.745,1.5,5
"Mexico","MFQ_Proportionality",133,7,3.623,0.785,1.333,5
"Morocco","MFQ_Proportionality",170,5,4.094,0.671,1.833,5
"Namibia","MFQ_Proportionality",0,973,NA,NA,NA,NA
"New Zealand","MFQ_Proportionality",222,7,3.435,0.806,1.167,5
"Nigeria","MFQ_Proportionality",469,18,4.137,0.734,1.5,5
"North Macedonia","MFQ_Proportionality",306,6,4.085,0.662,2,5
"Overall","MFQ_Proportionality",23025,3486,3.862,0.716,1,5
"Pakistan","MFQ_Proportionality",434,3,3.839,0.692,1.167,5
"Philippines","MFQ_Proportionality",845,15,3.97,0.683,1.333,5
"Poland","MFQ_Proportionality",650,9,3.838,0.67,1.667,5
"Portugal","MFQ_Proportionality",327,4,3.904,0.71,1.167,5
"Romania","MFQ_Proportionality",456,22,3.962,0.624,1.5,5
"Russia","MFQ_Proportionality",288,22,3.803,0.662,2,5
"Saudi Arabia","MFQ_Proportionality",142,10,4.04,0.757,2,5
"Serbia","MFQ_Proportionality",372,9,3.93,0.692,1.333,5
"Singapore","MFQ_Proportionality",323,4,3.781,0.728,1,5
"Slovakia","MFQ_Proportionality",269,5,3.901,0.645,2.167,5
"South Africa","MFQ_Proportionality",113,907,3.783,0.633,1.667,5
"Spain","MFQ_Proportionality",416,10,3.811,0.725,1.333,5
"Switzerland","MFQ_Proportionality",91,0,3.551,0.729,2,5
"Taiwan","MFQ_Proportionality",260,6,3.806,0.651,2.167,5
"Thailand","MFQ_Proportionality",301,7,4.017,0.568,1.667,5
"The Netherlands","MFQ_Proportionality",134,2,3.705,0.577,1.833,5
"Turkey","MFQ_Proportionality",1858,39,4.093,0.65,1,5
"Ukraine","MFQ_Proportionality",426,6,3.901,0.719,1,5
"United Arab Emirates","MFQ_Proportionality",59,3,3.975,0.692,2.5,5
"United Kingdom","MFQ_Proportionality",506,8,3.722,0.785,1.333,5
"United States","MFQ_Proportionality",1542,35,3.716,0.708,1.333,5
"Uzbekistan","MFQ_Proportionality",100,8,3.746,0.767,1.667,5
"Vietnam","MFQ_Proportionality",165,8,3.819,0.7,1.667,5
"Argentina","MFQ_Purity",131,8,2.504,0.841,1,4.667
"Armenia","MFQ_Purity",324,12,3.026,0.852,1,5
"Australia","MFQ_Purity",897,8,2.296,0.859,1,5
"Austria","MFQ_Purity",230,2,2.269,0.856,1,5
"Bangladesh","MFQ_Purity",286,4,3.913,0.747,1,5
"Bosnia-Herzegovina","MFQ_Purity",372,27,3.297,0.967,1,5
"Brazil","MFQ_Purity",295,9,2.7,0.96,1,5
"Bulgaria","MFQ_Purity",283,4,2.823,0.712,1,4.667
"Cameroon","MFQ_Purity",153,5,4.085,0.706,1,5
"Canada","MFQ_Purity",695,6,2.527,0.889,1,5
"Chile","MFQ_Purity",343,20,2.362,0.873,1,5
"China","MFQ_Purity",359,5,2.704,0.886,1,5
"Croatia","MFQ_Purity",658,13,2.973,0.873,1,5
"Czech Republic","MFQ_Purity",382,9,2.447,0.785,1,4.667
"Ethiopia","MFQ_Purity",297,2,4.05,0.695,1.5,5
"France","MFQ_Purity",424,11,2.786,0.9,1,5
"Georgia","MFQ_Purity",275,11,2.679,0.898,1,5
"Germany","MFQ_Purity",691,8,2.311,0.754,1,5
"Ghana","MFQ_Purity",62,0,3.79,0.75,1.167,5
"Greece","MFQ_Purity",428,14,2.772,0.783,1,5
"Hong Kong","MFQ_Purity",90,1,2.578,0.844,1,4.333
"Hungary","MFQ_Purity",417,1,2.465,0.852,1,5
"India","MFQ_Purity",354,34,2.941,0.913,1,5
"Indonesia","MFQ_Purity",271,6,3.573,0.718,1.5,5
"Iran","MFQ_Purity",361,22,3.04,0.973,1,5
"Ireland","MFQ_Purity",72,1,2.16,0.91,1,4.667
"Israel","MFQ_Purity",443,1,2.562,0.773,1,5
"Italy","MFQ_Purity",560,6,2.262,0.785,1,5
"Japan","MFQ_Purity",424,0,2.66,0.654,1.167,4.833
"Kazakhstan","MFQ_Purity",87,6,2.582,0.866,1,5
"Kenya","MFQ_Purity",223,1048,3.857,0.754,1.667,5
"Kosovo","MFQ_Purity",204,3,3.694,0.668,2.167,5
"Kuwait","MFQ_Purity",172,8,3.31,0.941,1,5
"Lebanon","MFQ_Purity",83,4,3.283,0.928,1.5,5
"Malaysia","MFQ_Purity",302,9,2.966,0.844,1,5
"Mexico","MFQ_Purity",133,7,2.442,0.82,1,5
"Morocco","MFQ_Purity",170,5,3.855,0.66,1.5,5
"Namibia","MFQ_Purity",0,973,NA,NA,NA,NA
"New Zealand","MFQ_Purity",222,7,1.991,0.73,1,4.667
"Nigeria","MFQ_Purity",469,18,3.852,0.789,1.167,5
"North Macedonia","MFQ_Purity",306,6,3.104,0.84,1.167,5
"Overall","MFQ_Purity",23022,3489,2.798,0.985,1,5
"Pakistan","MFQ_Purity",434,3,3.603,0.735,1,5
"Philippines","MFQ_Purity",845,15,3.18,0.886,1,5
"Poland","MFQ_Purity",650,9,2.213,0.819,1,5
"Portugal","MFQ_Purity",327,4,2.153,0.77,1,4.833
"Romania","MFQ_Purity",456,22,2.52,0.836,1,5
"Russia","MFQ_Purity",287,23,2.647,0.853,1,5
"Saudi Arabia","MFQ_Purity",142,10,4.031,0.686,2.167,5
"Serbia","MFQ_Purity",372,9,2.443,0.876,1,5
"Singapore","MFQ_Purity",323,4,2.821,0.904,1,5
"Slovakia","MFQ_Purity",269,5,2.776,0.87,1,4.833
"South Africa","MFQ_Purity",113,907,3.317,0.834,1.167,5
"Spain","MFQ_Purity",416,10,2.457,0.897,1,5
"Switzerland","MFQ_Purity",91,0,2.152,0.832,1,4.833
"Taiwan","MFQ_Purity",260,6,2.54,0.862,1,5
"Thailand","MFQ_Purity",301,7,2.526,0.894,1,4.667
"The Netherlands","MFQ_Purity",134,2,2.282,0.811,1,5
"Turkey","MFQ_Purity",1857,40,3.105,0.907,1,5
"Ukraine","MFQ_Purity",426,6,2.034,0.812,1,5
"United Arab Emirates","MFQ_Purity",59,3,3.774,0.925,1.833,5
"United Kingdom","MFQ_Purity",505,9,2.346,0.972,1,5
"United States","MFQ_Purity",1542,35,2.558,0.925,1,5
"Uzbekistan","MFQ_Purity",100,8,3.578,0.657,2,5
"Vietnam","MFQ_Purity",165,8,2.966,0.916,1,5
"Argentina","Negative_Reciprocity",139,0,2.863,1.586,1,7
"Armenia","Negative_Reciprocity",336,0,3.067,1.464,1,7
"Australia","Negative_Reciprocity",905,0,2.818,1.387,1,7
"Austria","Negative_Reciprocity",232,0,2.694,1.378,1,7
"Bangladesh","Negative_Reciprocity",290,0,2.767,1.691,1,7
"Bosnia-Herzegovina","Negative_Reciprocity",399,0,2.485,1.393,1,7
"Brazil","Negative_Reciprocity",304,0,2.595,1.401,1,7
"Bulgaria","Negative_Reciprocity",287,0,2.655,1.432,1,7
"Cameroon","Negative_Reciprocity",158,0,3.002,2.131,1,7
"Canada","Negative_Reciprocity",701,0,2.876,1.305,1,7
"Chile","Negative_Reciprocity",363,0,2.462,1.344,1,7
"China","Negative_Reciprocity",364,0,3.961,1.529,1,7
"Croatia","Negative_Reciprocity",671,0,2.777,1.366,1,7
"Czech Republic","Negative_Reciprocity",391,0,2.616,1.135,1,7
"Ethiopia","Negative_Reciprocity",299,0,2.362,1.454,1,7
"France","Negative_Reciprocity",435,0,3.284,1.597,1,7
"Georgia","Negative_Reciprocity",286,0,2.959,1.632,1,7
"Germany","Negative_Reciprocity",699,0,2.5,1.229,1,7
"Ghana","Negative_Reciprocity",62,0,2.591,1.659,1,7
"Greece","Negative_Reciprocity",442,0,2.592,1.322,1,7
"Hong Kong","Negative_Reciprocity",91,0,3.864,1.512,1,7
"Hungary","Negative_Reciprocity",418,0,2.798,1.268,1,6.333
"India","Negative_Reciprocity",388,0,3.077,1.485,1,7
"Indonesia","Negative_Reciprocity",277,0,3.1,1.61,1,7
"Iran","Negative_Reciprocity",383,0,3.058,1.407,1,7
"Ireland","Negative_Reciprocity",73,0,2.79,1.351,1,6.667
"Israel","Negative_Reciprocity",444,0,2.443,1.153,1,7
"Italy","Negative_Reciprocity",566,0,3.011,1.457,1,7
"Japan","Negative_Reciprocity",424,0,3.847,1.472,1,7
"Kazakhstan","Negative_Reciprocity",93,0,3.111,1.481,1,7
"Kenya","Negative_Reciprocity",223,1048,2.575,1.73,1,7
"Kosovo","Negative_Reciprocity",207,0,2.415,1.425,1,7
"Kuwait","Negative_Reciprocity",180,0,3.313,1.599,1,7
"Lebanon","Negative_Reciprocity",87,0,2.92,1.215,1,6.333
"Malaysia","Negative_Reciprocity",311,0,3.589,1.341,1,6.667
"Mexico","Negative_Reciprocity",140,0,2.686,1.424,1,7
"Morocco","Negative_Reciprocity",175,0,2.397,1.517,1,7
"Namibia","Negative_Reciprocity",0,973,NA,NA,NA,NA
"New Zealand","Negative_Reciprocity",229,0,3.064,1.347,1,7
"Nigeria","Negative_Reciprocity",487,0,2.899,1.953,1,7
"North Macedonia","Negative_Reciprocity",312,0,2.573,1.399,1,7
"Overall","Negative_Reciprocity",23594,2917,2.972,1.515,1,7
"Pakistan","Negative_Reciprocity",436,1,2.752,1.532,1,7
"Philippines","Negative_Reciprocity",860,0,3.242,1.684,1,7
"Poland","Negative_Reciprocity",659,0,3.147,1.448,1,7
"Portugal","Negative_Reciprocity",331,0,2.944,1.362,1,7
"Romania","Negative_Reciprocity",478,0,2.695,1.477,1,7
"Russia","Negative_Reciprocity",310,0,3.423,1.606,1,7
"Saudi Arabia","Negative_Reciprocity",152,0,2.719,1.541,1,7
"Serbia","Negative_Reciprocity",381,0,2.78,1.309,1,7
"Singapore","Negative_Reciprocity",327,0,3.35,1.482,1,7
"Slovakia","Negative_Reciprocity",274,0,2.665,1.176,1,6
"South Africa","Negative_Reciprocity",126,894,2.323,1.286,1,6
"Spain","Negative_Reciprocity",426,0,2.793,1.489,1,7
"Switzerland","Negative_Reciprocity",91,0,3.161,1.413,1,7
"Taiwan","Negative_Reciprocity",266,0,3.905,1.461,1,7
"Thailand","Negative_Reciprocity",308,0,3.669,1.704,1,7
"The Netherlands","Negative_Reciprocity",136,0,2.76,1.271,1,6.333
"Turkey","Negative_Reciprocity",1896,1,3.281,1.618,1,7
"Ukraine","Negative_Reciprocity",432,0,3.26,1.539,1,7
"United Arab Emirates","Negative_Reciprocity",62,0,3.091,1.564,1,7
"United Kingdom","Negative_Reciprocity",514,0,2.916,1.4,1,7
"United States","Negative_Reciprocity",1577,0,3.032,1.414,1,7
"Uzbekistan","Negative_Reciprocity",108,0,3.056,1.656,1,7
"Vietnam","Negative_Reciprocity",173,0,3.445,1.582,1,7
"Argentina","Openness_to_Change",134,5,4.31,0.87,2.333,6
"Armenia","Openness_to_Change",332,4,4.382,0.885,2.167,6
"Australia","Openness_to_Change",900,5,4.215,0.865,1,6
"Austria","Openness_to_Change",230,2,4.286,0.816,2.333,6
"Bangladesh","Openness_to_Change",287,3,4.611,0.849,1,6
"Bosnia-Herzegovina","Openness_to_Change",383,16,4.192,0.922,1.833,6
"Brazil","Openness_to_Change",300,4,4.301,0.828,1.167,6
"Bulgaria","Openness_to_Change",282,5,4.711,0.805,1,6
"Cameroon","Openness_to_Change",154,4,4.936,0.94,1,6
"Canada","Openness_to_Change",697,4,4.471,0.807,2,6
"Chile","Openness_to_Change",348,15,4.37,0.852,1.833,6
"China","Openness_to_Change",360,4,4.552,0.784,1.667,6
"Croatia","Openness_to_Change",664,7,4.003,0.951,1,6
"Czech Republic","Openness_to_Change",386,5,4.323,0.85,1.833,6
"Ethiopia","Openness_to_Change",297,2,4.483,0.951,1,6
"France","Openness_to_Change",430,5,4.512,0.759,2.667,6
"Georgia","Openness_to_Change",276,10,4.227,0.873,1.667,6
"Germany","Openness_to_Change",695,4,4.398,0.803,1.167,6
"Ghana","Openness_to_Change",62,0,4.411,0.921,2.5,6
"Greece","Openness_to_Change",432,10,4.28,0.775,2,6
"Hong Kong","Openness_to_Change",90,1,4.343,0.723,2.667,6
"Hungary","Openness_to_Change",418,0,4.469,0.739,2.167,6
"India","Openness_to_Change",364,24,4.551,0.796,2.167,6
"Indonesia","Openness_to_Change",274,3,4.593,0.759,2.167,6
"Iran","Openness_to_Change",368,15,4.233,0.857,1.5,6
"Ireland","Openness_to_Change",73,0,4.007,0.785,2.333,5.833
"Israel","Openness_to_Change",443,1,4.192,0.829,2,6
"Italy","Openness_to_Change",562,4,3.875,0.833,1.5,6
"Japan","Openness_to_Change",424,0,3.968,0.859,1.667,6
"Kazakhstan","Openness_to_Change",90,3,4.246,0.768,1.833,6
"Kenya","Openness_to_Change",223,1048,4.69,0.87,1,6
"Kosovo","Openness_to_Change",204,3,4.43,0.864,2.167,6
"Kuwait","Openness_to_Change",173,7,4.434,0.89,2,6
"Lebanon","Openness_to_Change",84,3,4.256,0.657,2.667,6
"Malaysia","Openness_to_Change",302,9,4.236,0.867,1.167,6
"Mexico","Openness_to_Change",137,3,4.584,0.791,2.667,6
"Morocco","Openness_to_Change",173,2,4.393,0.872,1,6
"Namibia","Openness_to_Change",0,973,NA,NA,NA,NA
"New Zealand","Openness_to_Change",222,7,4.306,0.825,2,6
"Nigeria","Openness_to_Change",473,14,4.785,0.963,1.5,6
"North Macedonia","Openness_to_Change",309,3,4.401,0.943,1,6
"Overall","Openness_to_Change",23223,3288,4.39,0.873,1,6
"Pakistan","Openness_to_Change",436,1,4.483,0.916,1.5,6
"Philippines","Openness_to_Change",850,10,4.785,0.796,1,6
"Poland","Openness_to_Change",652,7,4.037,0.875,1.5,6
"Portugal","Openness_to_Change",328,3,4.337,0.814,2,6
"Romania","Openness_to_Change",466,12,4.257,0.85,1.5,6
"Russia","Openness_to_Change",296,14,4.26,0.902,1.833,6
"Saudi Arabia","Openness_to_Change",147,5,4.412,0.901,1.833,6
"Serbia","Openness_to_Change",375,6,4.189,0.841,2,6
"Singapore","Openness_to_Change",325,2,4.193,0.814,1,6
"Slovakia","Openness_to_Change",270,4,4.202,0.764,1.833,6
"South Africa","Openness_to_Change",121,899,4.531,0.867,1,6
"Spain","Openness_to_Change",417,9,4.348,0.926,1.5,6
"Switzerland","Openness_to_Change",91,0,4.15,0.845,1.833,5.667
"Taiwan","Openness_to_Change",262,4,4.257,0.888,1.833,6
"Thailand","Openness_to_Change",304,4,4.665,0.728,2.5,6
"The Netherlands","Openness_to_Change",134,2,4.317,0.69,2.667,6
"Turkey","Openness_to_Change",1872,25,4.78,0.742,1,6
"Ukraine","Openness_to_Change",429,3,4.011,0.9,1.667,6
"United Arab Emirates","Openness_to_Change",61,1,4.53,0.773,2.333,5.833
"United Kingdom","Openness_to_Change",509,5,4.287,0.885,1.667,6
"United States","Openness_to_Change",1551,26,4.495,0.836,1.5,6
"Uzbekistan","Openness_to_Change",102,6,4.275,0.99,1,6
"Vietnam","Openness_to_Change",170,3,4.357,0.883,1.667,6
"Argentina","Other_Face_Concern",137,2,3.389,0.86,1.167,5
"Armenia","Other_Face_Concern",335,1,2.968,0.886,1,5
"Australia","Other_Face_Concern",903,2,3.196,0.903,1,5
"Austria","Other_Face_Concern",232,0,3.181,0.833,1,5
"Bangladesh","Other_Face_Concern",289,1,3.908,0.818,1,5
"Bosnia-Herzegovina","Other_Face_Concern",395,4,3.365,0.877,1,5
"Brazil","Other_Face_Concern",301,3,3.401,0.967,1,5
"Bulgaria","Other_Face_Concern",285,2,3.504,0.971,1,5
"Cameroon","Other_Face_Concern",157,1,4.217,0.79,1.667,5
"Canada","Other_Face_Concern",700,1,3.38,0.889,1,5
"Chile","Other_Face_Concern",361,2,3.391,0.883,1,5
"China","Other_Face_Concern",362,2,3.802,0.768,1,5
"Croatia","Other_Face_Concern",667,4,3.273,0.843,1,5
"Czech Republic","Other_Face_Concern",389,2,3.424,0.796,1.333,5
"Ethiopia","Other_Face_Concern",299,0,4.157,0.798,1,5
"France","Other_Face_Concern",434,1,3.254,0.904,1,5
"Georgia","Other_Face_Concern",282,4,3.286,0.941,1,5
"Germany","Other_Face_Concern",698,1,3.202,0.796,1,5
"Ghana","Other_Face_Concern",62,0,3.863,0.899,1.5,5
"Greece","Other_Face_Concern",438,4,3.259,0.767,1,5
"Hong Kong","Other_Face_Concern",91,0,3.339,0.722,1,4.5
"Hungary","Other_Face_Concern",417,1,3.156,0.963,1,5
"India","Other_Face_Concern",375,13,3.573,0.87,1,5
"Indonesia","Other_Face_Concern",274,3,4.194,0.577,1.667,5
"Iran","Other_Face_Concern",381,2,3.64,0.902,1,5
"Ireland","Other_Face_Concern",73,0,3.128,0.939,1,5
"Israel","Other_Face_Concern",443,1,3.427,0.89,1,5
"Italy","Other_Face_Concern",565,1,3.019,0.824,1,5
"Japan","Other_Face_Concern",423,1,3.307,0.842,1,5
"Kazakhstan","Other_Face_Concern",92,1,2.967,0.781,1,4.5
"Kenya","Other_Face_Concern",1190,81,4.817,1.212,1,7
"Kosovo","Other_Face_Concern",206,1,3.633,0.845,1,5
"Kuwait","Other_Face_Concern",177,3,3.567,0.933,1,5
"Lebanon","Other_Face_Concern",86,1,4.184,0.66,1.833,5
"Malaysia","Other_Face_Concern",306,5,3.602,0.729,1.333,5
"Mexico","Other_Face_Concern",140,0,3.436,0.841,1,5
"Morocco","Other_Face_Concern",175,0,3.79,0.927,1,5
"Namibia","Other_Face_Concern",904,69,4.978,1.19,1,7
"New Zealand","Other_Face_Concern",226,3,3.103,0.976,1,5
"Nigeria","Other_Face_Concern",479,8,3.739,0.951,1,5
"North Macedonia","Other_Face_Concern",310,2,3.511,0.893,1,5
"Overall","Other_Face_Concern",26098,413,3.593,1.041,1,7
"Pakistan","Other_Face_Concern",437,0,3.767,0.798,1,5
"Philippines","Other_Face_Concern",855,5,3.816,0.756,1,5
"Poland","Other_Face_Concern",656,3,3.307,0.837,1,5
"Portugal","Other_Face_Concern",331,0,3.377,0.888,1,5
"Romania","Other_Face_Concern",475,3,3.228,0.784,1,5
"Russia","Other_Face_Concern",308,2,3.056,0.943,1,5
"Saudi Arabia","Other_Face_Concern",149,3,3.954,0.786,1.5,5
"Serbia","Other_Face_Concern",380,1,3.172,0.874,1,5
"Singapore","Other_Face_Concern",326,1,3.317,0.879,1,5
"Slovakia","Other_Face_Concern",272,2,3.389,0.826,1,5
"South Africa","Other_Face_Concern",894,126,4.671,1.343,1,7
"Spain","Other_Face_Concern",423,3,3.402,0.851,1,5
"Switzerland","Other_Face_Concern",91,0,3.247,0.788,1,5
"Taiwan","Other_Face_Concern",264,2,3.503,0.748,1.5,5
"Thailand","Other_Face_Concern",306,2,3.899,0.638,1.833,5
"The Netherlands","Other_Face_Concern",135,1,3.237,0.822,1,5
"Turkey","Other_Face_Concern",1889,8,3.531,0.87,1,5
"Ukraine","Other_Face_Concern",430,2,3.149,0.924,1,5
"United Arab Emirates","Other_Face_Concern",61,1,3.904,0.892,1,5
"United Kingdom","Other_Face_Concern",510,4,3.188,0.93,1,5
"United States","Other_Face_Concern",1570,7,3.389,0.871,1,5
"Uzbekistan","Other_Face_Concern",106,2,3.593,0.755,2,5
"Vietnam","Other_Face_Concern",171,2,3.783,0.823,1,5
"Argentina","Penal_Code_Violence",139,0,2.353,1.357,1,5
"Armenia","Penal_Code_Violence",336,0,2.966,1.123,1,5
"Australia","Penal_Code_Violence",885,20,2.278,1.136,1,5
"Austria","Penal_Code_Violence",232,0,1.805,1.055,1,5
"Bangladesh","Penal_Code_Violence",290,0,2.803,1.004,1,5
"Bosnia-Herzegovina","Penal_Code_Violence",399,0,2.737,1.264,1,5
"Brazil","Penal_Code_Violence",304,0,2.416,1.248,1,5
"Bulgaria","Penal_Code_Violence",286,1,2.599,1.181,1,5
"Cameroon","Penal_Code_Violence",158,0,2.65,1.12,1,5
"Canada","Penal_Code_Violence",701,0,2.199,1.017,1,5
"Chile","Penal_Code_Violence",363,0,2.388,1.184,1,5
"China","Penal_Code_Violence",363,1,3.896,0.894,1,5
"Croatia","Penal_Code_Violence",671,0,2.538,1.196,1,5
"Czech Republic","Penal_Code_Violence",391,0,2.075,0.997,1,5
"Ethiopia","Penal_Code_Violence",299,0,2.456,1.011,1,5
"France","Penal_Code_Violence",435,0,2.493,1.201,1,5
"Georgia","Penal_Code_Violence",286,0,2.071,1.081,1,5
"Germany","Penal_Code_Violence",699,0,1.738,0.91,1,5
"Ghana","Penal_Code_Violence",62,0,2.527,1.079,1,5
"Greece","Penal_Code_Violence",442,0,2.121,1.094,1,5
"Hong Kong","Penal_Code_Violence",91,0,2.996,0.929,1.333,5
"Hungary","Penal_Code_Violence",418,0,2.406,1.107,1,5
"India","Penal_Code_Violence",388,0,3.209,0.989,1,5
"Indonesia","Penal_Code_Violence",277,0,3.462,0.954,1,5
"Iran","Penal_Code_Violence",382,1,2.598,1.128,1,5
"Ireland","Penal_Code_Violence",73,0,2.196,1.125,1,5
"Israel","Penal_Code_Violence",444,0,2.813,1.097,1,5
"Italy","Penal_Code_Violence",566,0,1.941,1.101,1,5
"Japan","Penal_Code_Violence",424,0,3.062,0.915,1,5
"Kazakhstan","Penal_Code_Violence",93,0,3.254,0.941,1,5
"Kenya","Penal_Code_Violence",1192,79,2.617,1.046,1,5
"Kosovo","Penal_Code_Violence",207,0,2.615,1.265,1,5
"Kuwait","Penal_Code_Violence",180,0,3.376,1.065,1,5
"Lebanon","Penal_Code_Violence",87,0,2.448,0.877,1,4.667
"Malaysia","Penal_Code_Violence",311,0,3.268,0.951,1,5
"Mexico","Penal_Code_Violence",140,0,2.852,1.097,1,5
"Morocco","Penal_Code_Violence",175,0,3.088,1.154,1,5
"Namibia","Penal_Code_Violence",912,61,2.985,1.076,1,5
"New Zealand","Penal_Code_Violence",229,0,1.964,0.931,1,5
"Nigeria","Penal_Code_Violence",487,0,3.066,1.086,1,5
"North Macedonia","Penal_Code_Violence",312,0,2.99,1.147,1,5
"Overall","Penal_Code_Violence",26225,286,2.669,1.176,1,5
"Pakistan","Penal_Code_Violence",437,0,3.528,0.918,1,5
"Philippines","Penal_Code_Violence",860,0,2.871,0.982,1,5
"Poland","Penal_Code_Violence",659,0,2.177,1.074,1,5
"Portugal","Penal_Code_Violence",331,0,2.154,1.197,1,5
"Romania","Penal_Code_Violence",478,0,2.243,1.144,1,5
"Russia","Penal_Code_Violence",310,0,3.21,1.006,1,5
"Saudi Arabia","Penal_Code_Violence",151,1,3.453,1.025,1,5
"Serbia","Penal_Code_Violence",381,0,2.666,1.263,1,5
"Singapore","Penal_Code_Violence",327,0,3.246,1.021,1,5
"Slovakia","Penal_Code_Violence",273,1,2.145,0.967,1,5
"South Africa","Penal_Code_Violence",899,121,3.205,1.086,1,5
"Spain","Penal_Code_Violence",426,0,2.079,1.185,1,5
"Switzerland","Penal_Code_Violence",91,0,2.044,1.037,1,5
"Taiwan","Penal_Code_Violence",266,0,3.446,1.077,1,5
"Thailand","Penal_Code_Violence",308,0,3.498,1.07,1,5
"The Netherlands","Penal_Code_Violence",136,0,2.596,0.816,1,5
"Turkey","Penal_Code_Violence",1897,0,2.904,1.21,1,5
"Ukraine","Penal_Code_Violence",432,0,3.266,0.962,1,5
"United Arab Emirates","Penal_Code_Violence",62,0,3.183,0.974,1,5
"United Kingdom","Penal_Code_Violence",514,0,2.379,1.142,1,5
"United States","Penal_Code_Violence",1577,0,2.472,0.971,1,5
"Uzbekistan","Penal_Code_Violence",108,0,2.42,1.05,1,5
"Vietnam","Penal_Code_Violence",173,0,3.125,1.009,1,5
"Argentina","Positive_Reciprocity",139,0,6.257,0.98,1,7
"Armenia","Positive_Reciprocity",336,0,6.083,0.974,2,7
"Australia","Positive_Reciprocity",905,0,6.003,0.905,1,7
"Austria","Positive_Reciprocity",232,0,6.062,0.914,2.667,7
"Bangladesh","Positive_Reciprocity",290,0,6.067,1.214,1,7
"Bosnia-Herzegovina","Positive_Reciprocity",399,0,6.069,0.908,1,7
"Brazil","Positive_Reciprocity",304,0,6.095,0.977,1,7
"Bulgaria","Positive_Reciprocity",287,0,6.009,0.94,2.667,7
"Cameroon","Positive_Reciprocity",158,0,5.97,1.653,1,7
"Canada","Positive_Reciprocity",701,0,5.941,0.866,2.667,7
"Chile","Positive_Reciprocity",363,0,6.217,0.85,2.333,7
"China","Positive_Reciprocity",364,0,5.941,0.896,3.333,7
"Croatia","Positive_Reciprocity",671,0,6.012,0.861,1,7
"Czech Republic","Positive_Reciprocity",391,0,6.093,0.817,2.333,7
"Ethiopia","Positive_Reciprocity",299,0,5.789,1.356,1,7
"France","Positive_Reciprocity",435,0,5.967,0.933,2,7
"Georgia","Positive_Reciprocity",286,0,5.957,1.127,1.333,7
"Germany","Positive_Reciprocity",699,0,6.134,0.736,2.667,7
"Ghana","Positive_Reciprocity",62,0,5.414,2.101,1,7
"Greece","Positive_Reciprocity",442,0,5.842,0.905,1,7
"Hong Kong","Positive_Reciprocity",91,0,5.619,1.044,1,7
"Hungary","Positive_Reciprocity",418,0,5.848,0.975,1.333,7
"India","Positive_Reciprocity",388,0,5.93,0.951,1,7
"Indonesia","Positive_Reciprocity",277,0,6.183,0.957,2,7
"Iran","Positive_Reciprocity",383,0,6.016,0.998,1,7
"Ireland","Positive_Reciprocity",73,0,6.164,0.676,4.667,7
"Israel","Positive_Reciprocity",444,0,5.589,0.944,2,7
"Italy","Positive_Reciprocity",566,0,5.907,1.012,1,7
"Japan","Positive_Reciprocity",424,0,5.462,0.949,1.333,7
"Kazakhstan","Positive_Reciprocity",93,0,5.706,1.127,1.667,7
"Kenya","Positive_Reciprocity",223,1048,6.188,1.076,2,7
"Kosovo","Positive_Reciprocity",207,0,6.277,0.922,1.333,7
"Kuwait","Positive_Reciprocity",180,0,6.078,1.127,1.333,7
"Lebanon","Positive_Reciprocity",87,0,6.077,0.687,3,7
"Malaysia","Positive_Reciprocity",311,0,5.507,1.091,1,7
"Mexico","Positive_Reciprocity",140,0,6.155,1.103,1,7
"Morocco","Positive_Reciprocity",175,0,6.44,0.875,3,7
"Namibia","Positive_Reciprocity",0,973,NA,NA,NA,NA
"New Zealand","Positive_Reciprocity",229,0,5.959,0.91,1.333,7
"Nigeria","Positive_Reciprocity",487,0,6.207,1.261,1,7
"North Macedonia","Positive_Reciprocity",312,0,5.959,0.893,2,7
"Overall","Positive_Reciprocity",23594,2917,5.967,0.981,1,7
"Pakistan","Positive_Reciprocity",436,1,5.993,1.04,1,7
"Philippines","Positive_Reciprocity",860,0,5.993,1.001,1,7
"Poland","Positive_Reciprocity",659,0,5.895,0.846,2,7
"Portugal","Positive_Reciprocity",331,0,6.064,0.811,4,7
"Romania","Positive_Reciprocity",478,0,6.023,0.942,1,7
"Russia","Positive_Reciprocity",310,0,5.855,1.094,1,7
"Saudi Arabia","Positive_Reciprocity",152,0,6.246,1.079,1,7
"Serbia","Positive_Reciprocity",381,0,6.283,0.778,3,7
"Singapore","Positive_Reciprocity",327,0,5.682,0.971,1,7
"Slovakia","Positive_Reciprocity",274,0,6.013,0.942,1,7
"South Africa","Positive_Reciprocity",126,894,6.159,0.923,2.667,7
"Spain","Positive_Reciprocity",426,0,6.248,0.874,2,7
"Switzerland","Positive_Reciprocity",91,0,5.784,0.82,3.667,7
"Taiwan","Positive_Reciprocity",266,0,5.815,0.8,3.333,7
"Thailand","Positive_Reciprocity",308,0,5.868,1.031,2,7
"The Netherlands","Positive_Reciprocity",136,0,6.137,0.683,4,7
"Turkey","Positive_Reciprocity",1896,1,5.86,0.928,1,7
"Ukraine","Positive_Reciprocity",432,0,5.929,0.966,1,7
"United Arab Emirates","Positive_Reciprocity",62,0,6.306,0.932,3.667,7
"United Kingdom","Positive_Reciprocity",514,0,5.96,0.939,1,7
"United States","Positive_Reciprocity",1577,0,5.866,0.976,2,7
"Uzbekistan","Positive_Reciprocity",108,0,6.154,1.189,1,7
"Vietnam","Positive_Reciprocity",173,0,6.114,1.086,1,7
"Argentina","Retaliation",136,3,5.173,1.856,1,7
"Armenia","Retaliation",335,1,5.919,1.41,1,7
"Australia","Retaliation",902,3,4.955,1.826,1,7
"Austria","Retaliation",232,0,4.142,1.717,1,7
"Bangladesh","Retaliation",289,1,4.369,2.165,1,7
"Bosnia-Herzegovina","Retaliation",389,10,5.478,1.506,1,7
"Brazil","Retaliation",301,3,5.126,1.906,1,7
"Bulgaria","Retaliation",285,2,5.744,1.457,1,7
"Cameroon","Retaliation",155,3,4.345,2.335,1,7
"Canada","Retaliation",699,2,5.28,1.592,1,7
"Chile","Retaliation",355,8,5.242,1.811,1,7
"China","Retaliation",361,3,6.093,1.085,1,7
"Croatia","Retaliation",667,4,5.466,1.463,1,7
"Czech Republic","Retaliation",388,3,5.358,1.573,1,7
"Ethiopia","Retaliation",299,0,4.448,2.179,1,7
"France","Retaliation",431,4,5.346,1.497,1,7
"Georgia","Retaliation",282,4,5.631,1.631,1,7
"Germany","Retaliation",697,2,4.065,1.804,1,7
"Ghana","Retaliation",62,0,3.323,2.154,1,7
"Greece","Retaliation",435,7,5.316,1.633,1,7
"Hong Kong","Retaliation",90,1,5.089,1.367,2,7
"Hungary","Retaliation",418,0,5.77,1.276,1,7
"India","Retaliation",372,16,5.526,1.628,1,7
"Indonesia","Retaliation",274,3,4.774,1.72,1,7
"Iran","Retaliation",380,3,4.932,1.713,1,7
"Ireland","Retaliation",73,0,5.171,1.623,1,7
"Israel","Retaliation",443,1,4.374,1.899,1,7
"Italy","Retaliation",565,1,4.459,1.822,1,7
"Japan","Retaliation",424,0,5.014,1.5,1,7
"Kazakhstan","Retaliation",92,1,5.679,1.518,1,7
"Kenya","Retaliation",223,1048,4.036,2.239,1,7
"Kosovo","Retaliation",205,2,4.373,1.933,1,7
"Kuwait","Retaliation",174,6,5.414,1.569,1,7
"Lebanon","Retaliation",85,2,6.247,0.868,2,7
"Malaysia","Retaliation",304,7,4.954,1.566,1,7
"Mexico","Retaliation",140,0,5.021,1.848,1,7
"Morocco","Retaliation",175,0,5.637,1.83,1,7
"Namibia","Retaliation",0,973,NA,NA,NA,NA
"New Zealand","Retaliation",223,6,5.439,1.46,1,7
"Nigeria","Retaliation",476,11,5.179,1.998,1,7
"North Macedonia","Retaliation",310,2,5.413,1.721,1,7
"Overall","Retaliation",23376,3135,5.24,1.725,1,7
"Pakistan","Retaliation",436,1,5.43,1.62,1,7
"Philippines","Retaliation",850,10,5.249,1.777,1,7
"Poland","Retaliation",653,6,5.743,1.2,1,7
"Portugal","Retaliation",331,0,5.133,1.732,1,7
"Romania","Retaliation",472,6,5.076,1.791,1,7
"Russia","Retaliation",306,4,5.358,1.587,1,7
"Saudi Arabia","Retaliation",149,3,5.872,1.572,1,7
"Serbia","Retaliation",379,2,5.38,1.596,1,7
"Singapore","Retaliation",326,1,5.225,1.578,1,7
"Slovakia","Retaliation",273,1,5.397,1.566,1,7
"South Africa","Retaliation",122,898,4.959,1.844,1,7
"Spain","Retaliation",421,5,5.236,1.715,1,7
"Switzerland","Retaliation",91,0,5.088,1.603,1,7
"Taiwan","Retaliation",263,3,5.726,1.217,1,7
"Thailand","Retaliation",305,3,5.17,1.785,1,7
"The Netherlands","Retaliation",135,1,4.97,1.677,1,7
"Turkey","Retaliation",1879,18,5.718,1.536,1,7
"Ukraine","Retaliation",429,3,6.329,1.012,1,7
"United Arab Emirates","Retaliation",61,1,5.639,1.388,1.5,7
"United Kingdom","Retaliation",511,3,5.159,1.664,1,7
"United States","Retaliation",1564,13,5.257,1.641,1,7
"Uzbekistan","Retaliation",103,5,5.277,1.906,1,7
"Vietnam","Retaliation",171,2,5.988,1.284,1,7
"Argentina","Self_Enhancement",134,5,3.431,1.061,1,6
"Armenia","Self_Enhancement",331,5,3.895,1.028,1.5,6
"Australia","Self_Enhancement",900,5,3.799,1.054,1,6
"Austria","Self_Enhancement",230,2,3.659,0.981,1.25,6
"Bangladesh","Self_Enhancement",287,3,3.956,1.056,1,6
"Bosnia-Herzegovina","Self_Enhancement",383,16,3.534,0.948,1.25,6
"Brazil","Self_Enhancement",300,4,3.669,1.019,1,6
"Bulgaria","Self_Enhancement",282,5,4.003,0.989,1,6
"Cameroon","Self_Enhancement",154,4,4.763,1.09,1,6
"Canada","Self_Enhancement",697,4,4.246,0.906,1.5,6
"Chile","Self_Enhancement",348,15,3.501,1.067,1,6
"China","Self_Enhancement",360,4,4.463,0.763,2,6
"Croatia","Self_Enhancement",664,7,3.637,1.038,1,6
"Czech Republic","Self_Enhancement",386,5,3.599,1.017,1,6
"Ethiopia","Self_Enhancement",297,2,4.24,1.028,1,6
"France","Self_Enhancement",430,5,3.801,1.071,1,6
"Georgia","Self_Enhancement",277,9,3.963,1.064,1,6
"Germany","Self_Enhancement",695,4,3.891,0.962,1,6
"Ghana","Self_Enhancement",62,0,4.383,1.04,1.5,6
"Greece","Self_Enhancement",432,10,3.713,0.879,1.5,5.75
"Hong Kong","Self_Enhancement",90,1,4.403,0.943,2,6
"Hungary","Self_Enhancement",418,0,4.017,0.994,1,6
"India","Self_Enhancement",364,24,4.365,0.957,1.5,6
"Indonesia","Self_Enhancement",274,3,4.108,0.99,1.25,6
"Iran","Self_Enhancement",369,14,4.367,0.914,1,6
"Ireland","Self_Enhancement",73,0,3.442,1.024,1,5.25
"Israel","Self_Enhancement",443,1,4.459,0.899,1.25,6
"Italy","Self_Enhancement",562,4,3.391,1.025,1,6
"Japan","Self_Enhancement",424,0,3.703,1.036,1.25,6
"Kazakhstan","Self_Enhancement",90,3,4.197,0.933,1.5,6
"Kenya","Self_Enhancement",223,1048,4.386,1.129,1,6
"Kosovo","Self_Enhancement",204,3,3.751,1.024,1.5,6
"Kuwait","Self_Enhancement",173,7,4.21,1.049,1,6
"Lebanon","Self_Enhancement",84,3,4.006,0.723,1.75,6
"Malaysia","Self_Enhancement",302,9,4.087,1.021,1,6
"Mexico","Self_Enhancement",137,3,3.984,1.063,1,6
"Morocco","Self_Enhancement",173,2,4.134,0.949,1,6
"Namibia","Self_Enhancement",0,973,NA,NA,NA,NA
"New Zealand","Self_Enhancement",222,7,3.851,0.934,1,6
"Nigeria","Self_Enhancement",473,14,4.818,0.954,1.5,6
"North Macedonia","Self_Enhancement",309,3,3.764,0.992,1,6
"Overall","Self_Enhancement",23224,3287,4.038,1.047,1,6
"Pakistan","Self_Enhancement",436,1,4.312,1.019,1,6
"Philippines","Self_Enhancement",850,10,4.541,0.96,1,6
"Poland","Self_Enhancement",652,7,3.688,1.031,1.25,6
"Portugal","Self_Enhancement",328,3,3.665,0.994,1,6
"Romania","Self_Enhancement",466,12,3.888,0.978,1,6
"Russia","Self_Enhancement",296,14,4.125,1.161,1.5,6
"Saudi Arabia","Self_Enhancement",147,5,4.514,1.023,1,6
"Serbia","Self_Enhancement",375,6,3.811,0.984,1,6
"Singapore","Self_Enhancement",325,2,4.08,1.019,1,6
"Slovakia","Self_Enhancement",270,4,3.77,0.909,1.25,6
"South Africa","Self_Enhancement",121,899,4.091,0.95,1,6
"Spain","Self_Enhancement",417,9,3.643,1.112,1,6
"Switzerland","Self_Enhancement",91,0,3.505,0.914,1.75,5.75
"Taiwan","Self_Enhancement",262,4,3.969,0.936,2,6
"Thailand","Self_Enhancement",304,4,4.487,0.895,1,6
"The Netherlands","Self_Enhancement",134,2,3.66,0.912,1.5,5.5
"Turkey","Self_Enhancement",1872,25,4.403,0.909,1,6
"Ukraine","Self_Enhancement",429,3,3.76,1.067,1,6
"United Arab Emirates","Self_Enhancement",61,1,4.385,0.877,2.25,6
"United Kingdom","Self_Enhancement",509,5,3.98,1.124,1,6
"United States","Self_Enhancement",1551,26,4.361,0.95,1.5,6
"Uzbekistan","Self_Enhancement",102,6,3.769,0.943,1,6
"Vietnam","Self_Enhancement",170,3,4.387,1.031,1.5,6
"Argentina","Self_Face_Concern",137,2,3.058,1.018,1,5
"Armenia","Self_Face_Concern",335,1,3.201,1.067,1,5
"Australia","Self_Face_Concern",903,2,2.963,0.98,1,5
"Austria","Self_Face_Concern",232,0,3.126,0.963,1,5
"Bangladesh","Self_Face_Concern",289,1,3.926,0.827,1,5
"Bosnia-Herzegovina","Self_Face_Concern",395,4,3.554,0.919,1,5
"Brazil","Self_Face_Concern",301,3,3.091,1.053,1,5
"Bulgaria","Self_Face_Concern",285,2,3.284,0.991,1,5
"Cameroon","Self_Face_Concern",157,1,4.029,1.033,1,5
"Canada","Self_Face_Concern",700,1,3.149,1.01,1,5
"Chile","Self_Face_Concern",361,2,3.04,1.037,1,5
"China","Self_Face_Concern",362,2,3.733,0.722,1,5
"Croatia","Self_Face_Concern",667,4,3.348,0.942,1,5
"Czech Republic","Self_Face_Concern",389,2,3.125,0.867,1,5
"Ethiopia","Self_Face_Concern",299,0,3.2,1.114,1,5
"France","Self_Face_Concern",434,1,3.29,1.019,1,5
"Georgia","Self_Face_Concern",282,4,3.083,1.188,1,5
"Germany","Self_Face_Concern",698,1,3.198,0.86,1,5
"Ghana","Self_Face_Concern",62,0,4,0.88,1,5
"Greece","Self_Face_Concern",438,4,3.27,0.999,1,5
"Hong Kong","Self_Face_Concern",91,0,3.511,0.842,1.5,5
"Hungary","Self_Face_Concern",417,1,2.897,0.965,1,5
"India","Self_Face_Concern",375,13,3.438,0.938,1,5
"Indonesia","Self_Face_Concern",274,3,4.193,0.683,1.5,5
"Iran","Self_Face_Concern",381,2,3.796,0.736,1,5
"Ireland","Self_Face_Concern",73,0,3.075,0.893,1,5
"Israel","Self_Face_Concern",443,1,3.394,0.836,1.25,5
"Italy","Self_Face_Concern",565,1,2.835,0.962,1,5
"Japan","Self_Face_Concern",423,1,3.121,0.838,1,5
"Kazakhstan","Self_Face_Concern",92,1,3.035,0.847,1,4.5
"Kenya","Self_Face_Concern",1190,81,4.675,1.405,1,7
"Kosovo","Self_Face_Concern",206,1,3.486,1.134,1,5
"Kuwait","Self_Face_Concern",177,3,3.537,0.943,1,5
"Lebanon","Self_Face_Concern",86,1,3.904,0.955,1.75,5
"Malaysia","Self_Face_Concern",306,5,3.526,0.842,1,5
"Mexico","Self_Face_Concern",140,0,3.191,0.992,1,5
"Morocco","Self_Face_Concern",175,0,4.109,0.844,1.25,5
"Namibia","Self_Face_Concern",904,69,4.959,1.382,1,7
"New Zealand","Self_Face_Concern",226,3,3.106,0.977,1,5
"Nigeria","Self_Face_Concern",479,8,4.007,0.987,1,5
"North Macedonia","Self_Face_Concern",310,2,3.589,0.905,1,5
"Overall","Self_Face_Concern",26098,413,3.486,1.143,1,7
"Pakistan","Self_Face_Concern",437,0,3.714,0.859,1,5
"Philippines","Self_Face_Concern",855,5,3.615,0.867,1,5
"Poland","Self_Face_Concern",656,3,3.309,0.93,1,5
"Portugal","Self_Face_Concern",331,0,3.195,0.929,1,5
"Romania","Self_Face_Concern",475,3,2.952,1.015,1,5
"Russia","Self_Face_Concern",308,2,3.034,0.938,1,5
"Saudi Arabia","Self_Face_Concern",149,3,4.151,0.77,1.75,5
"Serbia","Self_Face_Concern",380,1,3.353,0.962,1,5
"Singapore","Self_Face_Concern",326,1,3.298,0.944,1,5
"Slovakia","Self_Face_Concern",272,2,3.424,0.829,1,5
"South Africa","Self_Face_Concern",894,126,4.473,1.549,1,7
"Spain","Self_Face_Concern",423,3,3.067,1.032,1,5
"Switzerland","Self_Face_Concern",91,0,2.852,0.945,1,4.75
"Taiwan","Self_Face_Concern",264,2,3.589,0.569,1.5,5
"Thailand","Self_Face_Concern",306,2,3.844,0.717,1.75,5
"The Netherlands","Self_Face_Concern",135,1,3.078,0.895,1,5
"Turkey","Self_Face_Concern",1889,8,3.296,1.034,1,5
"Ukraine","Self_Face_Concern",430,2,3.214,1.03,1,5
"United Arab Emirates","Self_Face_Concern",61,1,3.807,1.034,1,5
"United Kingdom","Self_Face_Concern",510,4,3.111,1.008,1,5
"United States","Self_Face_Concern",1570,7,3.179,0.966,1,5
"Uzbekistan","Self_Face_Concern",106,2,3.875,0.833,1.25,5
"Vietnam","Self_Face_Concern",171,2,3.662,0.908,1,5
"Argentina","Self_Transcendence",134,5,4.954,0.765,2.2,6
"Armenia","Self_Transcendence",332,4,4.616,0.751,2,6
"Australia","Self_Transcendence",900,5,4.96,0.699,1,6
"Austria","Self_Transcendence",230,2,4.963,0.814,2,6
"Bangladesh","Self_Transcendence",287,3,4.778,0.858,1,6
"Bosnia-Herzegovina","Self_Transcendence",383,16,5.024,0.703,2,6
"Brazil","Self_Transcendence",300,4,5.029,0.721,1.2,6
"Bulgaria","Self_Transcendence",282,5,5.072,0.663,1.2,6
"Cameroon","Self_Transcendence",154,4,5.121,0.832,1,6
"Canada","Self_Transcendence",697,4,5.065,0.65,2.4,6
"Chile","Self_Transcendence",348,15,5.068,0.697,2.8,6
"China","Self_Transcendence",360,4,4.722,0.702,1.8,6
"Croatia","Self_Transcendence",664,7,4.795,0.777,1,6
"Czech Republic","Self_Transcendence",386,5,4.851,0.625,2.8,6
"Ethiopia","Self_Transcendence",297,2,4.911,0.907,1,6
"France","Self_Transcendence",430,5,4.867,0.749,1.6,6
"Georgia","Self_Transcendence",276,10,4.858,0.802,1.8,6
"Germany","Self_Transcendence",695,4,4.964,0.684,2.2,6
"Ghana","Self_Transcendence",62,0,4.787,0.96,1.8,6
"Greece","Self_Transcendence",432,10,5.117,0.613,2.6,6
"Hong Kong","Self_Transcendence",90,1,4.567,0.777,1.6,6
"Hungary","Self_Transcendence",418,0,4.814,0.681,2.8,6
"India","Self_Transcendence",364,24,4.963,0.71,2.4,6
"Indonesia","Self_Transcendence",274,3,4.845,0.734,1.8,6
"Iran","Self_Transcendence",369,14,4.691,0.718,2,6
"Ireland","Self_Transcendence",73,0,4.929,0.61,3.2,6
"Israel","Self_Transcendence",443,1,4.732,0.731,2,6
"Italy","Self_Transcendence",562,4,4.786,0.795,2.4,6
"Japan","Self_Transcendence",424,0,4.004,0.77,1.6,6
"Kazakhstan","Self_Transcendence",90,3,4.316,0.736,2.6,5.8
"Kenya","Self_Transcendence",223,1048,4.984,0.844,1,6
"Kosovo","Self_Transcendence",204,3,5.155,0.722,2.6,6
"Kuwait","Self_Transcendence",173,7,4.773,0.896,1.6,6
"Lebanon","Self_Transcendence",84,3,5.188,0.731,3,6
"Malaysia","Self_Transcendence",302,9,4.528,0.889,1.8,6
"Mexico","Self_Transcendence",137,3,5.099,0.695,2.6,6
"Morocco","Self_Transcendence",173,2,4.555,0.876,1,6
"Namibia","Self_Transcendence",0,973,NA,NA,NA,NA
"New Zealand","Self_Transcendence",222,7,5.038,0.709,1.8,6
"Nigeria","Self_Transcendence",473,14,5.007,0.881,1,6
"North Macedonia","Self_Transcendence",309,3,5.162,0.752,1.8,6
"Overall","Self_Transcendence",23221,3290,4.876,0.773,1,6
"Pakistan","Self_Transcendence",436,1,4.941,0.803,1.4,6
"Philippines","Self_Transcendence",850,10,5.13,0.67,1,6
"Poland","Self_Transcendence",652,7,4.807,0.716,2.4,6
"Portugal","Self_Transcendence",328,3,5.006,0.685,2,6
"Romania","Self_Transcendence",466,12,5.008,0.672,2.4,6
"Russia","Self_Transcendence",296,14,4.362,0.826,2.2,6
"Saudi Arabia","Self_Transcendence",147,5,4.622,0.866,2.4,6
"Serbia","Self_Transcendence",375,6,5.004,0.693,2,6
"Singapore","Self_Transcendence",325,2,4.598,0.77,1,6
"Slovakia","Self_Transcendence",269,5,4.747,0.741,1.4,6
"South Africa","Self_Transcendence",121,899,4.945,0.831,1,6
"Spain","Self_Transcendence",417,9,4.971,0.73,1.8,6
"Switzerland","Self_Transcendence",91,0,4.84,0.729,2.8,6
"Taiwan","Self_Transcendence",262,4,4.458,0.749,2.4,6
"Thailand","Self_Transcendence",304,4,4.951,0.591,3,6
"The Netherlands","Self_Transcendence",134,2,5.006,0.606,3.2,6
"Turkey","Self_Transcendence",1871,26,4.959,0.714,1,6
"Ukraine","Self_Transcendence",429,3,4.217,0.793,1.8,6
"United Arab Emirates","Self_Transcendence",61,1,4.866,0.833,2.6,6
"United Kingdom","Self_Transcendence",509,5,5.003,0.72,2.2,6
"United States","Self_Transcendence",1551,26,5.013,0.732,2,6
"Uzbekistan","Self_Transcendence",101,7,4.31,0.91,1,6
"Vietnam","Self_Transcendence",170,3,4.613,0.878,1.8,6
"Argentina","Subjective_Wellbeing",130,9,3.915,1.502,1,7
"Armenia","Subjective_Wellbeing",320,16,4.207,1.304,1,7
"Australia","Subjective_Wellbeing",896,9,4.448,1.318,1,7
"Austria","Subjective_Wellbeing",230,2,4.81,1.124,1.4,7
"Bangladesh","Subjective_Wellbeing",286,4,4.745,1.269,1,7
"Bosnia-Herzegovina","Subjective_Wellbeing",367,32,4.921,1.222,1.4,7
"Brazil","Subjective_Wellbeing",294,10,4.406,1.359,1,7
"Bulgaria","Subjective_Wellbeing",282,5,4.591,1.179,1.2,7
"Cameroon","Subjective_Wellbeing",152,6,4.858,1.484,1,7
"Canada","Subjective_Wellbeing",695,6,4.58,1.286,1,7
"Chile","Subjective_Wellbeing",339,24,4.51,1.365,1,7
"China","Subjective_Wellbeing",359,5,3.784,1.292,1,7
"Croatia","Subjective_Wellbeing",657,14,4.736,1.169,1,7
"Czech Republic","Subjective_Wellbeing",379,12,4.587,1.162,1,7
"Ethiopia","Subjective_Wellbeing",294,5,4.733,1.276,1,7
"France","Subjective_Wellbeing",424,11,4.703,1.267,1,7
"Georgia","Subjective_Wellbeing",275,11,3.531,1.249,1,6.8
"Germany","Subjective_Wellbeing",691,8,4.831,1.076,1,7
"Ghana","Subjective_Wellbeing",62,0,4.335,1.278,1,6.6
"Greece","Subjective_Wellbeing",426,16,4.512,1.126,1.2,7
"Hong Kong","Subjective_Wellbeing",90,1,4.493,1.162,1.2,7
"Hungary","Subjective_Wellbeing",415,3,4.82,1.212,1.2,7
"India","Subjective_Wellbeing",350,38,3.987,1.338,1,7
"Indonesia","Subjective_Wellbeing",271,6,4.322,1.144,1.6,6.8
"Iran","Subjective_Wellbeing",359,24,3.862,1.398,1,7
"Ireland","Subjective_Wellbeing",72,1,4.25,1.441,1,6.8
"Israel","Subjective_Wellbeing",443,1,5.287,1.011,1,7
"Italy","Subjective_Wellbeing",558,8,4.053,1.211,1,7
"Japan","Subjective_Wellbeing",424,0,4.249,1.33,1,7
"Kazakhstan","Subjective_Wellbeing",87,6,4.444,1.356,1,6.8
"Kenya","Subjective_Wellbeing",223,1048,4.184,1.427,1,7
"Kosovo","Subjective_Wellbeing",203,4,5.293,1.069,1.2,7
"Kuwait","Subjective_Wellbeing",171,9,4.13,1.437,1,7
"Lebanon","Subjective_Wellbeing",83,4,3.827,0.901,1.2,5.2
"Malaysia","Subjective_Wellbeing",301,10,4.308,1.175,1,7
"Mexico","Subjective_Wellbeing",133,7,4.678,1.343,1,7
"Morocco","Subjective_Wellbeing",170,5,3.992,1.358,1,7
"Namibia","Subjective_Wellbeing",0,973,NA,NA,NA,NA
"New Zealand","Subjective_Wellbeing",221,8,4.205,1.276,1,7
"Nigeria","Subjective_Wellbeing",467,20,4.012,1.433,1,7
"North Macedonia","Subjective_Wellbeing",303,9,4.865,1.207,1,7
"Overall","Subjective_Wellbeing",22949,3562,4.401,1.321,1,7
"Pakistan","Subjective_Wellbeing",432,5,4.174,1.263,1,7
"Philippines","Subjective_Wellbeing",840,20,4.068,1.315,1,7
"Poland","Subjective_Wellbeing",647,12,4.251,1.3,1,7
"Portugal","Subjective_Wellbeing",326,5,4.263,1.391,1,7
"Romania","Subjective_Wellbeing",454,24,4.834,1.242,1,7
"Russia","Subjective_Wellbeing",287,23,4.101,1.4,1,7
"Saudi Arabia","Subjective_Wellbeing",141,11,4.444,1.364,1.6,7
"Serbia","Subjective_Wellbeing",370,11,4.664,1.193,1.8,7
"Singapore","Subjective_Wellbeing",322,5,4.283,1.268,1,7
"Slovakia","Subjective_Wellbeing",269,5,4.433,1.177,1,7
"South Africa","Subjective_Wellbeing",113,907,4.251,1.446,1.4,7
"Spain","Subjective_Wellbeing",416,10,5.169,1.226,1,7
"Switzerland","Subjective_Wellbeing",91,0,4.631,1.293,1,6.8
"Taiwan","Subjective_Wellbeing",260,6,3.986,1.341,1,7
"Thailand","Subjective_Wellbeing",301,7,4.229,1.293,1,7
"The Netherlands","Subjective_Wellbeing",134,2,5.033,1.111,1.6,6.8
"Turkey","Subjective_Wellbeing",1853,44,3.908,1.284,1,7
"Ukraine","Subjective_Wellbeing",426,6,4.154,1.259,1,6.6
"United Arab Emirates","Subjective_Wellbeing",59,3,4.617,1.255,1,6.6
"United Kingdom","Subjective_Wellbeing",505,9,4.331,1.333,1,7
"United States","Subjective_Wellbeing",1540,37,4.615,1.266,1,7
"Uzbekistan","Subjective_Wellbeing",97,11,4.901,1.464,1,7
"Vietnam","Subjective_Wellbeing",164,9,3.912,1.15,1,7
"Argentina","Total_Violence",139,0,1.844,0.696,1,5
"Armenia","Total_Violence",336,0,2.178,0.566,1,4.083
"Australia","Total_Violence",885,20,1.834,0.647,1,4.333
"Austria","Total_Violence",232,0,1.535,0.595,1,4
"Bangladesh","Total_Violence",290,0,2.618,0.747,1,5
"Bosnia-Herzegovina","Total_Violence",399,0,1.941,0.56,1,4
"Brazil","Total_Violence",304,0,1.904,0.655,1,3.75
"Bulgaria","Total_Violence",287,0,1.895,0.554,1,3.833
"Cameroon","Total_Violence",158,0,2.729,0.885,1,5
"Canada","Total_Violence",701,0,1.758,0.588,1,3.75
"Chile","Total_Violence",363,0,1.71,0.584,1,4.583
"China","Total_Violence",363,1,2.731,0.527,1.333,5
"Croatia","Total_Violence",671,0,2.001,0.636,1,5
"Czech Republic","Total_Violence",391,0,1.851,0.488,1,3.667
"Ethiopia","Total_Violence",299,0,2.489,0.632,1,5
"France","Total_Violence",435,0,2.103,0.862,1,4.917
"Georgia","Total_Violence",286,0,1.893,0.606,1,3.917
"Germany","Total_Violence",699,0,1.475,0.431,1,4
"Ghana","Total_Violence",62,0,2.281,0.898,1,4.667
"Greece","Total_Violence",442,0,1.571,0.461,1,3.667
"Hong Kong","Total_Violence",91,0,2.229,0.568,1.167,3.667
"Hungary","Total_Violence",418,0,1.799,0.519,1,3.417
"India","Total_Violence",388,0,2.285,0.596,1,4.333
"Indonesia","Total_Violence",277,0,2.505,0.575,1.167,4.167
"Iran","Total_Violence",383,0,2.03,0.528,1,3.909
"Ireland","Total_Violence",73,0,1.689,0.597,1,3.75
"Israel","Total_Violence",444,0,2.198,0.527,1,4.583
"Italy","Total_Violence",566,0,1.683,0.625,1,3.917
"Japan","Total_Violence",424,0,2.149,0.554,1,4.833
"Kazakhstan","Total_Violence",93,0,2.148,0.476,1.167,3.917
"Kenya","Total_Violence",1192,79,2.497,0.762,1,5
"Kosovo","Total_Violence",207,0,1.899,0.675,1,4.25
"Kuwait","Total_Violence",180,0,2.547,0.726,1,4.2
"Lebanon","Total_Violence",87,0,2.054,0.539,1,4.167
"Malaysia","Total_Violence",311,0,2.395,0.564,1,4.417
"Mexico","Total_Violence",140,0,2.015,0.574,1,3.667
"Morocco","Total_Violence",175,0,2.382,0.638,1,4.25
"Namibia","Total_Violence",912,61,2.605,0.745,1,5
"New Zealand","Total_Violence",229,0,1.584,0.499,1,4.083
"Nigeria","Total_Violence",487,0,2.82,0.816,1,5
"North Macedonia","Total_Violence",312,0,1.996,0.543,1,4.417
"Overall","Total_Violence",26228,283,2.104,0.713,1,5
"Pakistan","Total_Violence",437,0,2.639,0.654,1,5
"Philippines","Total_Violence",860,0,2.116,0.653,1,5
"Poland","Total_Violence",659,0,1.767,0.536,1,3.917
"Portugal","Total_Violence",331,0,1.866,0.619,1,3.917
"Romania","Total_Violence",478,0,1.697,0.576,1,5
"Russia","Total_Violence",310,0,2.286,0.633,1,4.909
"Saudi Arabia","Total_Violence",151,1,2.418,0.56,1.083,5
"Serbia","Total_Violence",381,0,1.893,0.616,1,4.167
"Singapore","Total_Violence",327,0,2.361,0.684,1,4.5
"Slovakia","Total_Violence",274,0,1.862,0.561,1,3.667
"South Africa","Total_Violence",899,121,2.544,0.755,1,5
"Spain","Total_Violence",426,0,1.842,0.716,1,5
"Switzerland","Total_Violence",91,0,1.643,0.548,1,3.667
"Taiwan","Total_Violence",266,0,2.424,0.584,1,4.083
"Thailand","Total_Violence",308,0,2.172,0.583,1,4.333
"The Netherlands","Total_Violence",136,0,1.669,0.363,1.083,3.083
"Turkey","Total_Violence",1897,0,2.196,0.627,1,4.667
"Ukraine","Total_Violence",432,0,2.117,0.439,1.083,3.75
"United Arab Emirates","Total_Violence",62,0,2.458,0.689,1.167,4.083
"United Kingdom","Total_Violence",514,0,1.891,0.713,1,4.833
"United States","Total_Violence",1577,0,2.027,0.652,1,5
"Uzbekistan","Total_Violence",108,0,2.384,0.567,1.25,3.833
"Vietnam","Total_Violence",173,0,2.429,0.705,1,5
"Argentina","War_Acceptance",139,0,2.269,1.061,1,5
"Armenia","War_Acceptance",336,0,2.766,0.843,1,5
"Australia","War_Acceptance",885,20,2.076,0.929,1,5
"Austria","War_Acceptance",232,0,1.787,0.757,1,4.333
"Bangladesh","War_Acceptance",290,0,3.048,1.046,1,5
"Bosnia-Herzegovina","War_Acceptance",399,0,2.137,0.757,1,5
"Brazil","War_Acceptance",304,0,2.043,0.813,1,4.667
"Bulgaria","War_Acceptance",287,0,2.265,0.798,1,4.667
"Cameroon","War_Acceptance",158,0,2.418,1.201,1,5
"Canada","War_Acceptance",701,0,2.029,0.885,1,5
"Chile","War_Acceptance",363,0,2.011,0.899,1,4.667
"China","War_Acceptance",363,1,3.391,0.748,1,5
"Croatia","War_Acceptance",671,0,2.341,0.873,1,5
"Czech Republic","War_Acceptance",391,0,2.436,0.802,1,4.667
"Ethiopia","War_Acceptance",299,0,2.58,0.857,1,5
"France","War_Acceptance",435,0,2.615,0.967,1,5
"Georgia","War_Acceptance",286,0,2.446,0.991,1,5
"Germany","War_Acceptance",699,0,1.866,0.68,1,5
"Ghana","War_Acceptance",62,0,2.048,1.05,1,4.667
"Greece","War_Acceptance",442,0,1.875,0.84,1,5
"Hong Kong","War_Acceptance",91,0,2.41,0.892,1,4.667
"Hungary","War_Acceptance",418,0,2.089,0.777,1,4.667
"India","War_Acceptance",388,0,2.527,0.94,1,5
"Indonesia","War_Acceptance",277,0,2.881,0.843,1,5
"Iran","War_Acceptance",382,1,2.719,0.768,1,5
"Ireland","War_Acceptance",73,0,1.922,0.934,1,5
"Israel","War_Acceptance",444,0,3.456,0.829,1,5
"Italy","War_Acceptance",566,0,1.907,0.909,1,5
"Japan","War_Acceptance",424,0,2.167,0.9,1,5
"Kazakhstan","War_Acceptance",93,0,2.326,0.726,1,5
"Kenya","War_Acceptance",1192,79,2.338,1.008,1,5
"Kosovo","War_Acceptance",207,0,2.201,0.994,1,4.667
"Kuwait","War_Acceptance",180,0,2.557,1.001,1,5
"Lebanon","War_Acceptance",87,0,2.954,0.759,1,5
"Malaysia","War_Acceptance",311,0,2.256,0.857,1,5
"Mexico","War_Acceptance",140,0,2.383,0.876,1,4.333
"Morocco","War_Acceptance",175,0,2.697,0.97,1,5
"Namibia","War_Acceptance",912,61,2.308,0.972,1,5
"New Zealand","War_Acceptance",229,0,1.822,0.787,1,4
"Nigeria","War_Acceptance",486,1,2.727,1.09,1,5
"North Macedonia","War_Acceptance",312,0,2.234,0.9,1,5
"Overall","War_Acceptance",26223,288,2.374,0.97,1,5
"Pakistan","War_Acceptance",436,1,2.994,0.97,1,5
"Philippines","War_Acceptance",860,0,2.1,0.925,1,5
"Poland","War_Acceptance",659,0,2.204,0.777,1,5
"Portugal","War_Acceptance",331,0,2.179,0.885,1,5
"Romania","War_Acceptance",478,0,1.945,0.854,1,5
"Russia","War_Acceptance",309,1,2.619,0.913,1,5
"Saudi Arabia","War_Acceptance",151,1,2.79,0.884,1,5
"Serbia","War_Acceptance",381,0,2.034,0.869,1,5
"Singapore","War_Acceptance",327,0,2.403,0.97,1,5
"Slovakia","War_Acceptance",273,1,2.145,0.742,1,4
"South Africa","War_Acceptance",899,121,2.377,1.037,1,5
"Spain","War_Acceptance",426,0,2.473,1.044,1,5
"Switzerland","War_Acceptance",91,0,1.941,0.954,1,5
"Taiwan","War_Acceptance",266,0,2.731,0.777,1,5
"Thailand","War_Acceptance",308,0,2.212,0.899,1,5
"The Netherlands","War_Acceptance",136,0,1.757,0.691,1,4
"Turkey","War_Acceptance",1897,0,2.768,0.945,1,5
"Ukraine","War_Acceptance",432,0,2.56,0.715,1,4.667
"United Arab Emirates","War_Acceptance",62,0,2.758,0.91,1,4.333
"United Kingdom","War_Acceptance",514,0,2.169,0.982,1,5
"United States","War_Acceptance",1577,0,2.393,0.924,1,5
"Uzbekistan","War_Acceptance",108,0,2.917,0.694,1.667,5
"Vietnam","War_Acceptance",173,0,2.514,1.039,1,5
"Argentina","Withdrawal",136,3,2.474,1.863,1,7
"Armenia","Withdrawal",334,2,1.38,0.934,1,7
"Australia","Withdrawal",902,3,2.166,1.373,1,7
"Austria","Withdrawal",232,0,2.213,1.247,1,7
"Bangladesh","Withdrawal",289,1,2.438,1.949,1,7
"Bosnia-Herzegovina","Withdrawal",389,10,1.647,1.258,1,7
"Brazil","Withdrawal",301,3,2.01,1.419,1,7
"Bulgaria","Withdrawal",285,2,1.623,1.104,1,7
"Cameroon","Withdrawal",155,3,4.132,2.308,1,7
"Canada","Withdrawal",698,3,1.991,1.216,1,7
"Chile","Withdrawal",355,8,2.324,1.671,1,7
"China","Withdrawal",361,3,1.566,0.996,1,7
"Croatia","Withdrawal",667,4,1.759,1.184,1,7
"Czech Republic","Withdrawal",388,3,1.907,1.144,1,7
"Ethiopia","Withdrawal",299,0,2.995,1.896,1,7
"France","Withdrawal",431,4,2.5,1.635,1,7
"Georgia","Withdrawal",280,6,1.548,1.11,1,6
"Germany","Withdrawal",697,2,1.992,1.11,1,7
"Ghana","Withdrawal",62,0,3.379,2.165,1,7
"Greece","Withdrawal",435,7,2.051,1.48,1,7
"Hong Kong","Withdrawal",90,1,2.472,1.176,1,5.5
"Hungary","Withdrawal",418,0,1.874,1.149,1,7
"India","Withdrawal",371,17,2.058,1.54,1,7
"Indonesia","Withdrawal",274,3,2.078,1.441,1,7
"Iran","Withdrawal",380,3,1.816,1.25,1,7
"Ireland","Withdrawal",73,0,2.548,1.659,1,7
"Israel","Withdrawal",443,1,2.108,1.404,1,7
"Italy","Withdrawal",565,1,2.327,1.533,1,7
"Japan","Withdrawal",424,0,2.611,1.459,1,7
"Kazakhstan","Withdrawal",92,1,1.891,1.374,1,6
"Kenya","Withdrawal",223,1048,3.074,1.932,1,7
"Kosovo","Withdrawal",206,1,2.667,1.969,1,7
"Kuwait","Withdrawal",174,6,2.221,1.612,1,7
"Lebanon","Withdrawal",85,2,1.541,0.749,1,5.5
"Malaysia","Withdrawal",304,7,2.479,1.59,1,7
"Mexico","Withdrawal",140,0,2.3,1.598,1,7
"Morocco","Withdrawal",175,0,2.134,1.754,1,7
"Namibia","Withdrawal",0,973,NA,NA,NA,NA
"New Zealand","Withdrawal",223,6,2.305,1.384,1,7
"Nigeria","Withdrawal",476,11,2.929,2.058,1,7
"North Macedonia","Withdrawal",310,2,1.682,1.285,1,7
"Overall","Withdrawal",23371,3140,2.072,1.465,1,7
"Pakistan","Withdrawal",436,1,2.256,1.717,1,7
"Philippines","Withdrawal",849,11,2.133,1.526,1,7
"Poland","Withdrawal",653,6,1.887,1.31,1,7
"Portugal","Withdrawal",331,0,2.053,1.314,1,6.5
"Romania","Withdrawal",472,6,2.074,1.538,1,7
"Russia","Withdrawal",306,4,1.971,1.371,1,7
"Saudi Arabia","Withdrawal",149,3,2.013,1.74,1,7
"Serbia","Withdrawal",379,2,1.756,1.15,1,7
"Singapore","Withdrawal",326,1,2.014,1.214,1,7
"Slovakia","Withdrawal",273,1,1.886,1.132,1,6
"South Africa","Withdrawal",122,898,2.332,1.651,1,7
"Spain","Withdrawal",421,5,2.188,1.627,1,7
"Switzerland","Withdrawal",91,0,2.363,1.354,1,7
"Taiwan","Withdrawal",263,3,1.947,1.251,1,6.5
"Thailand","Withdrawal",305,3,2.277,1.67,1,7
"The Netherlands","Withdrawal",135,1,2.07,1.14,1,7
"Turkey","Withdrawal",1879,18,1.468,0.914,1,7
"Ukraine","Withdrawal",428,4,1.894,1.537,1,7
"United Arab Emirates","Withdrawal",61,1,2.164,1.609,1,7
"United Kingdom","Withdrawal",512,2,2.415,1.513,1,7
"United States","Withdrawal",1564,13,2.127,1.363,1,7
"Uzbekistan","Withdrawal",103,5,2.073,1.494,1,7
"Vietnam","Withdrawal",171,2,1.912,1.419,1,7
