Event Index,UTC Timestamp,UTC Date and Time,Local Timestamp,Local Timezone,Local Date and Time,Experiment ID,Experiment Version,Tree Node Key,Repeat Key,Schedule ID,Participant Public ID,Participant Private ID,Participant Starting Group,Participant Status,Participant Completion Code,Participant External Session ID,Participant Device Type,Participant Device,Participant OS,Participant Browser,Participant Monitor Size,Participant Viewport Size,Checkpoint,Room ID,Room Order,Task Name,Task Version,branch-2d1i,values_n object-52 فکر کردن به ایده‌های جدید و خلاق بودن برای او مهم است. او دوست دارد کارها را به روش منحصر به فرد خود انجام دهد.,values_n object-52 فکر کردن به ایده‌های جدید و خلاق بودن برای او مهم است. او دوست دارد کارها را به روش منحصر به فرد خود انجام دهد. Quantised,values_n object-52 برای او مهم است که ثروتمند باشد. او می‌خواهد پول زیادی داشته باشد و چیزهای گران‌قیمت بخرد.,values_n object-52 برای او مهم است که ثروتمند باشد. او می‌خواهد پول زیادی داشته باشد و چیزهای گران‌قیمت بخرد. Quantised,values_n object-52 او فکر می‌کند که مهم است با هر فرد در جهان به طور برابر با دیگران رفتار شود. او معتقد است که همه باید فرصت‌های برابر در زندگی داشته باشند.,values_n object-52 او فکر می‌کند که مهم است با هر فرد در جهان به طور برابر با دیگران رفتار شود. او معتقد است که همه باید فرصت‌های برابر در زندگی داشته باشند. Quantised,values_n object-52 برای او مهم است که توانایی‌هایش را نشان دهد. او می‌خواهد دیگران کارهایی را که انجام می‌دهد تحسین کنند.,values_n object-52 برای او مهم است که توانایی‌هایش را نشان دهد. او می‌خواهد دیگران کارهایی را که انجام می‌دهد تحسین کنند. Quantised,values_n object-52 برای او مهم است که در محیطی امن زندگی کند. او از هر چیزی که ممکن است امنیتش را به خطر بیندازد، اجتناب می‌کند.,values_n object-52 برای او مهم است که در محیطی امن زندگی کند. او از هر چیزی که ممکن است امنیتش را به خطر بیندازد، اجتناب می‌کند. Quantised,values_n object-52 او از غافلگیری‌ لذت می‌برد و همیشه به دنبال کارهای جدید است. او فکر می‌کند انجام کارهای متنوع در زندگی مهم است.,values_n object-52 او از غافلگیری‌ لذت می‌برد و همیشه به دنبال کارهای جدید است. او فکر می‌کند انجام کارهای متنوع در زندگی مهم است. Quantised,values_n object-52 او معتقد است که مردم باید کاری را که به آن‌ها گفته می‌شود انجام دهند. او فکر می‌کند مردم باید همیشه از قوانین پیروی کنند، حتی زمانی که کسی نظاره‌گر نیست.,values_n object-52 او معتقد است که مردم باید کاری را که به آن‌ها گفته می‌شود انجام دهند. او فکر می‌کند مردم باید همیشه از قوانین پیروی کنند، حتی زمانی که کسی نظاره‌گر نیست. Quantised,values_n object-52 برای او مهم است که به حرف‌های افرادی که با او تفاوت دارند گوش دهد. حتی وقتی با آن‌ها مخالف است، همچنان می‌خواهد آن‌ها را درک کند.,values_n object-52 برای او مهم است که به حرف‌های افرادی که با او تفاوت دارند گوش دهد. حتی وقتی با آن‌ها مخالف است، همچنان می‌خواهد آن‌ها را درک کند. Quantised,values_n object-52 برای او مهم است که فروتن و متواضع باشد. او سعی می‌کند توجه دیگران را به خود جلب نکند.,values_n object-52 برای او مهم است که فروتن و متواضع باشد. او سعی می‌کند توجه دیگران را به خود جلب نکند. Quantised,"values_n object-52 خوش‌گذرانی برای او مهم است. او دوست دارد ""عشق و حال"" کند و به خودش برسد.","values_n object-52 خوش‌گذرانی برای او مهم است. او دوست دارد ""عشق و حال"" کند و به خودش برسد. Quantised",values_n object-52 برای او مهم است که درباره‌ی کارهایی که انجام می‌دهد، خودش تصمیم بگیرد. او دوست دارد آزاد باشد و به دیگران وابسته نباشد.,values_n object-52 برای او مهم است که درباره‌ی کارهایی که انجام می‌دهد، خودش تصمیم بگیرد. او دوست دارد آزاد باشد و به دیگران وابسته نباشد. Quantised,values_n object-52 برای او بسیار مهم است که به افرادی که در اطرافش هستند کمک کند. او می‌خواهد رفاه آن ها را تأمین کند.,values_n object-52 برای او بسیار مهم است که به افرادی که در اطرافش هستند کمک کند. او می‌خواهد رفاه آن ها را تأمین کند. Quantised,values_n object-52  برای او مهم است که بسیار موفق باشد. او امیدوار است که دیگران دستاوردهایش را به رسمیت بشناسند.,values_n object-52  برای او مهم است که بسیار موفق باشد. او امیدوار است که دیگران دستاوردهایش را به رسمیت بشناسند. Quantised,values_n object-52 برای او مهم است که دولت امنیتش را در برابر تمامی تهدیدات تضمین کند. او می‌خواهد دولت قوی باشد تا بتواند از شهروندانش دفاع کند.,values_n object-52 برای او مهم است که دولت امنیتش را در برابر تمامی تهدیدات تضمین کند. او می‌خواهد دولت قوی باشد تا بتواند از شهروندانش دفاع کند. Quantised,values_n object-52 او به دنبال ماجراجویی است و دوست دارد ریسک کند. او می‌خواهد زندگی هیجان‌انگیزی داشته باشد.,values_n object-52 او به دنبال ماجراجویی است و دوست دارد ریسک کند. او می‌خواهد زندگی هیجان‌انگیزی داشته باشد. Quantised,values_n object-52 برای او مهم است که همیشه به درستی رفتار کند. او می‌خواهد از انجام هر کاری که مردم آن را اشتباه میدانند، اجتناب کند.,values_n object-52 برای او مهم است که همیشه به درستی رفتار کند. او می‌خواهد از انجام هر کاری که مردم آن را اشتباه میدانند، اجتناب کند. Quantised,values_n object-52 برای او مهم است که دیگران به او احترام بگذارند. او می‌خواهد مردم کاری را که می‌گوید انجام دهند.,values_n object-52 برای او مهم است که دیگران به او احترام بگذارند. او می‌خواهد مردم کاری را که می‌گوید انجام دهند. Quantised,values_n object-52 برای او مهم است که به دوستانش وفادار باشد. او می‌خواهد خود را وقف افرادی کند که به او نزدیک هستند.,values_n object-52 برای او مهم است که به دوستانش وفادار باشد. او می‌خواهد خود را وقف افرادی کند که به او نزدیک هستند. Quantised,values_n object-52 او عمیقاً معتقد است که مردم باید از طبیعت مراقبت کنند. محافظت از محیط زیست برای او مهم است.,values_n object-52 او عمیقاً معتقد است که مردم باید از طبیعت مراقبت کنند. محافظت از محیط زیست برای او مهم است. Quantised,values_n object-52 سنت برای او مهم است. او سعی می‌کند از آداب و رسوم به‌جا مانده از دین یا خانواده‌اش پیروی کند.,values_n object-52 سنت برای او مهم است. او سعی می‌کند از آداب و رسوم به‌جا مانده از دین یا خانواده‌اش پیروی کند. Quantised,values_n object-52 او هر فرصتی را برای خوش‌گذرانی غنیمت میشمارد. برای او مهم است که کارهایی انجام دهد که به او لذت میبخشد.,values_n object-52 او هر فرصتی را برای خوش‌گذرانی غنیمت میشمارد. برای او مهم است که کارهایی انجام دهد که به او لذت میبخشد. Quantised
1,1747151769218,13/05/2025 15:56,1747162569218,3.5,13/05/2025 21:56,225473,4,questionnaire-mdgi,,46139551,BLINDED,13413499,,complete,,,computer,Desktop or Laptop,Windows 10,Chrome 136.0.0.0,1536x864,1536x738,,,0,PVQ N,5,consent,شبیه من نیست (۲),2,اندکی شبیه من است (۳),3,شبیه من است  (۵),5,خیلی شبیه من است (۶),6,شبیه من است  (۵),5,اندکی شبیه من است (۳),3,اصلاً شبیه من نیست (۱),1,تا حدی شبیه من است  (۴),4,شبیه من است  (۵),5,تا حدی شبیه من است  (۴),4,خیلی شبیه من است (۶),6,شبیه من است  (۵),5,خیلی شبیه من است (۶),6,خیلی شبیه من است (۶),6,تا حدی شبیه من است  (۴),4,شبیه من است  (۵),5,خیلی شبیه من است (۶),6,تا حدی شبیه من است  (۴),4,شبیه من است  (۵),5,اصلاً شبیه من نیست (۱),1,شبیه من نیست (۲),2
1,1747158471350,13/05/2025 17:47,1747169271350,3.5,13/05/2025 23:47,225473,4,questionnaire-mdgi,,46146107,BLINDED,13414410,,complete,,,mobile,undefined K,Android 10,Chrome 136.0.0.0,407x904,406x766,,,0,PVQ N,5,consent,خیلی شبیه من است (۶),6,شبیه من است  (۵),5,تا حدی شبیه من است  (۴),4,شبیه من است  (۵),5,اندکی شبیه من است (۳),3,شبیه من است  (۵),5,شبیه من نیست (۲),2,شبیه من است  (۵),5,شبیه من است  (۵),5,اندکی شبیه من است (۳),3,شبیه من است  (۵),5,شبیه من است  (۵),5,شبیه من است  (۵),5,شبیه من است  (۵),5,تا حدی شبیه من است  (۴),4,اندکی شبیه من است (۳),3,تا حدی شبیه من است  (۴),4,تا حدی شبیه من است  (۴),4,تا حدی شبیه من است  (۴),4,شبیه من است  (۵),5,اندکی شبیه من است (۳),3
1,1747160912989,13/05/2025 18:28,1747171712989,3.5,14/05/2025 00:28,225473,4,questionnaire-mdgi,,46148389,BLINDED,13414852,,complete,,,mobile,Apple iPhone,iOS 18.1.1,Mobile Safari 18.1.1,428x926,428x730,,,0,PVQ N,5,consent,خیلی شبیه من است (۶),6,تا حدی شبیه من است  (۴),4,تا حدی شبیه من است  (۴),4,شبیه من است  (۵),5,شبیه من است  (۵),5,تا حدی شبیه من است  (۴),4,شبیه من نیست (۲),2,خیلی شبیه من است (۶),6,اندکی شبیه من است (۳),3,شبیه من است  (۵),5,شبیه من است  (۵),5,شبیه من است  (۵),5,شبیه من است  (۵),5,خیلی شبیه من است (۶),6,تا حدی شبیه من است  (۴),4,شبیه من نیست (۲),2,اندکی شبیه من است (۳),3,تا حدی شبیه من است  (۴),4,تا حدی شبیه من است  (۴),4,شبیه من نیست (۲),2,تا حدی شبیه من است  (۴),4
1,1747166438871,13/05/2025 20:00,1747177238871,3.5,14/05/2025 02:00,225473,4,questionnaire-mdgi,,46152551,BLINDED,13415540,,complete,,,mobile,undefined K,Android 14,Chrome 135.0.7049.111,360x780,360x698,,,0,PVQ N,5,consent,تا حدی شبیه من است  (۴),4,تا حدی شبیه من است  (۴),4,شبیه من نیست (۲),2,تا حدی شبیه من است  (۴),4,تا حدی شبیه من است  (۴),4,شبیه من نیست (۲),2,تا حدی شبیه من است  (۴),4,خیلی شبیه من است (۶),6,شبیه من نیست (۲),2,اصلاً شبیه من نیست (۱),1,شبیه من است  (۵),5,خیلی شبیه من است (۶),6,خیلی شبیه من است (۶),6,تا حدی شبیه من است  (۴),4,اصلاً شبیه من نیست (۱),1,اندکی شبیه من است (۳),3,تا حدی شبیه من است  (۴),4,شبیه من نیست (۲),2,شبیه من است  (۵),5,شبیه من نیست (۲),2,اصلاً شبیه من نیست (۱),1
1,1747280421756,15/05/2025 03:40,1747291221756,3.5,15/05/2025 09:40,225473,4,questionnaire-mdgi,,46195549,BLINDED,13425716,,complete,,,mobile,undefined K,Android 12,Chrome 135.0.7049.111,412x915,411x771,,,0,PVQ N,5,consent,خیلی شبیه من است (۶),6,شبیه من نیست (۲),2,خیلی شبیه من است (۶),6,شبیه من است  (۵),5,تا حدی شبیه من است  (۴),4,تا حدی شبیه من است  (۴),4,شبیه من نیست (۲),2,شبیه من است  (۵),5,شبیه من نیست (۲),2,اندکی شبیه من است (۳),3,خیلی شبیه من است (۶),6,تا حدی شبیه من است  (۴),4,شبیه من است  (۵),5,شبیه من نیست (۲),2,اندکی شبیه من است (۳),3,شبیه من نیست (۲),2,اندکی شبیه من است (۳),3,تا حدی شبیه من است  (۴),4,شبیه من است  (۵),5,اصلاً شبیه من نیست (۱),1,اندکی شبیه من است (۳),3
1,1747385149130,16/05/2025 08:45,1747395949130,3.5,16/05/2025 14:45,225473,4,questionnaire-mdgi,,46237289,BLINDED,13436732,,complete,,,mobile,undefined K,Android 10,Samsung Internet 27.0,412x740,412x740,,,0,PVQ N,5,consent,اندکی شبیه من است (۳),3,شبیه من نیست (۲),2,شبیه من است  (۵),5,اندکی شبیه من است (۳),3,شبیه من است  (۵),5,خیلی شبیه من است (۶),6,اندکی شبیه من است (۳),3,خیلی شبیه من است (۶),6,شبیه من است  (۵),5,اندکی شبیه من است (۳),3,خیلی شبیه من است (۶),6,شبیه من است  (۵),5,تا حدی شبیه من است  (۴),4,شبیه من است  (۵),5,خیلی شبیه من است (۶),6,تا حدی شبیه من است  (۴),4,اندکی شبیه من است (۳),3,تا حدی شبیه من است  (۴),4,خیلی شبیه من است (۶),6,شبیه من نیست (۲),2,اندکی شبیه من است (۳),3
1,1747386201399,16/05/2025 09:03,1747400601399,4.5,16/05/2025 17:03,225473,4,questionnaire-mdgi,,46237781,BLINDED,13436735,,complete,,,mobile,Samsung SM-A217F,Android 11,Samsung Internet 13.2,412x915,412x732,,,0,PVQ N,5,consent,شبیه من است  (۵),5,شبیه من نیست (۲),2,خیلی شبیه من است (۶),6,اندکی شبیه من است (۳),3,شبیه من است  (۵),5,تا حدی شبیه من است  (۴),4,شبیه من است  (۵),5,شبیه من است  (۵),5,اندکی شبیه من است (۳),3,اندکی شبیه من است (۳),3,شبیه من است  (۵),5,تا حدی شبیه من است  (۴),4,خیلی شبیه من است (۶),6,خیلی شبیه من است (۶),6,اندکی شبیه من است (۳),3,اندکی شبیه من است (۳),3,شبیه من نیست (۲),2,اندکی شبیه من است (۳),3,خیلی شبیه من است (۶),6,شبیه من نیست (۲),2,تا حدی شبیه من است  (۴),4
1,1747637221808,19/05/2025 06:47,1747648021808,3.5,19/05/2025 12:47,225473,4,questionnaire-mdgi,,46294549,BLINDED,13452228,,complete,,,computer,Desktop or Laptop,Windows 10,Firefox 138.0,1280x720,1280x595,,,0,PVQ N,5,consent,شبیه من است  (۵),5,شبیه من است  (۵),5,خیلی شبیه من است (۶),6,شبیه من است  (۵),5,اندکی شبیه من است (۳),3,اندکی شبیه من است (۳),3,اندکی شبیه من است (۳),3,شبیه من است  (۵),5,شبیه من نیست (۲),2,اندکی شبیه من است (۳),3,خیلی شبیه من است (۶),6,شبیه من نیست (۲),2,شبیه من است  (۵),5,شبیه من است  (۵),5,تا حدی شبیه من است  (۴),4,اصلاً شبیه من نیست (۱),1,تا حدی شبیه من است  (۴),4,اندکی شبیه من است (۳),3,اندکی شبیه من است (۳),3,اندکی شبیه من است (۳),3,اندکی شبیه من است (۳),3
1,1747680979721,19/05/2025 18:56,1747691779721,3.5,20/05/2025 00:56,225473,4,questionnaire-mdgi,,46316458,BLINDED,13458235,,complete,,,mobile,Apple iPhone,iOS 18.3.2,Mobile Safari 18.3.1,414x896,504x876,,,0,PVQ N,5,consent,خیلی شبیه من است (۶),6,تا حدی شبیه من است  (۴),4,اصلاً شبیه من نیست (۱),1,اصلاً شبیه من نیست (۱),1,اندکی شبیه من است (۳),3,اندکی شبیه من است (۳),3,اندکی شبیه من است (۳),3,شبیه من نیست (۲),2,شبیه من نیست (۲),2,شبیه من نیست (۲),2,خیلی شبیه من است (۶),6,اندکی شبیه من است (۳),3,اندکی شبیه من است (۳),3,خیلی شبیه من است (۶),6,شبیه من است  (۵),5,اصلاً شبیه من نیست (۱),1,اصلاً شبیه من نیست (۱),1,تا حدی شبیه من است  (۴),4,خیلی شبیه من است (۶),6,اصلاً شبیه من نیست (۱),1,خیلی شبیه من است (۶),6
1,1747683563920,19/05/2025 19:39,1747694363920,3.5,20/05/2025 01:39,225473,4,questionnaire-mdgi,,46317611,BLINDED,13458170,,complete,,,mobile,undefined K,Android 14,Chrome 136.0.7103.60,384x832,384x699,,,0,PVQ N,5,consent,تا حدی شبیه من است  (۴),4,تا حدی شبیه من است  (۴),4,خیلی شبیه من است (۶),6,تا حدی شبیه من است  (۴),4,شبیه من است  (۵),5,خیلی شبیه من است (۶),6,تا حدی شبیه من است  (۴),4,تا حدی شبیه من است  (۴),4,اندکی شبیه من است (۳),3,خیلی شبیه من است (۶),6,شبیه من است  (۵),5,شبیه من است  (۵),5,تا حدی شبیه من است  (۴),4,شبیه من است  (۵),5,شبیه من است  (۵),5,شبیه من نیست (۲),2,تا حدی شبیه من است  (۴),4,تا حدی شبیه من است  (۴),4,خیلی شبیه من است (۶),6,شبیه من نیست (۲),2,خیلی شبیه من است (۶),6
1,1747686754907,19/05/2025 20:32,1747697554907,3.5,20/05/2025 02:32,225473,4,questionnaire-mdgi,,46319548,BLINDED,13459068,,complete,,,mobile,undefined K,Android 11,Chrome 136.0.7103.60,393x851,392x718,,,0,PVQ N,5,consent,تا حدی شبیه من است  (۴),4,شبیه من نیست (۲),2,شبیه من است  (۵),5,شبیه من است  (۵),5,تا حدی شبیه من است  (۴),4,شبیه من نیست (۲),2,تا حدی شبیه من است  (۴),4,خیلی شبیه من است (۶),6,شبیه من است  (۵),5,اصلاً شبیه من نیست (۱),1,خیلی شبیه من است (۶),6,شبیه من است  (۵),5,تا حدی شبیه من است  (۴),4,اندکی شبیه من است (۳),3,اندکی شبیه من است (۳),3,شبیه من نیست (۲),2,اندکی شبیه من است (۳),3,تا حدی شبیه من است  (۴),4,شبیه من است  (۵),5,شبیه من نیست (۲),2,شبیه من نیست (۲),2
1,1747697464956,19/05/2025 23:31,1747708264956,3.5,20/05/2025 05:31,225473,4,questionnaire-mdgi,,46322508,BLINDED,13459539,,complete,,,mobile,undefined K,Android 12,Chrome 136.0.7103.60,393x873,392x732,,,0,PVQ N,5,consent,خیلی شبیه من است (۶),6,شبیه من است  (۵),5,خیلی شبیه من است (۶),6,خیلی شبیه من است (۶),6,شبیه من است  (۵),5,اصلاً شبیه من نیست (۱),1,شبیه من است  (۵),5,شبیه من است  (۵),5,تا حدی شبیه من است  (۴),4,تا حدی شبیه من است  (۴),4,خیلی شبیه من است (۶),6,خیلی شبیه من است (۶),6,خیلی شبیه من است (۶),6,خیلی شبیه من است (۶),6,شبیه من نیست (۲),2,تا حدی شبیه من است  (۴),4,خیلی شبیه من است (۶),6,تا حدی شبیه من است  (۴),4,خیلی شبیه من است (۶),6,تا حدی شبیه من است  (۴),4,اندکی شبیه من است (۳),3
1,1747722694201,20/05/2025 06:31,1747733494201,3.5,20/05/2025 12:31,225473,4,questionnaire-mdgi,,46325350,BLINDED,13460433,,complete,,,mobile,undefined K,Android 11,Chrome 136.0.7103.125,393x873,392x735,,,0,PVQ N,5,consent,تا حدی شبیه من است  (۴),4,شبیه من نیست (۲),2,خیلی شبیه من است (۶),6,شبیه من است  (۵),5,شبیه من است  (۵),5,اصلاً شبیه من نیست (۱),1,خیلی شبیه من است (۶),6,تا حدی شبیه من است  (۴),4,اندکی شبیه من است (۳),3,شبیه من نیست (۲),2,شبیه من است  (۵),5,تا حدی شبیه من است  (۴),4,خیلی شبیه من است (۶),6,شبیه من است  (۵),5,شبیه من نیست (۲),2,تا حدی شبیه من است  (۴),4,شبیه من است  (۵),5,شبیه من است  (۵),5,شبیه من است  (۵),5,شبیه من است  (۵),5,تا حدی شبیه من است  (۴),4
1,1747734937544,20/05/2025 09:55,1747742137544,2,20/05/2025 13:55,225473,4,questionnaire-mdgi,,46329455,BLINDED,13461410,,complete,,,mobile,Apple iPhone,iOS 18.2.1,Mobile Safari 18.2.1,390x844,390x648,,,0,PVQ N,5,consent,تا حدی شبیه من است  (۴),4,شبیه من نیست (۲),2,خیلی شبیه من است (۶),6,تا حدی شبیه من است  (۴),4,تا حدی شبیه من است  (۴),4,اندکی شبیه من است (۳),3,شبیه من نیست (۲),2,خیلی شبیه من است (۶),6,اندکی شبیه من است (۳),3,تا حدی شبیه من است  (۴),4,تا حدی شبیه من است  (۴),4,شبیه من است  (۵),5,شبیه من است  (۵),5,تا حدی شبیه من است  (۴),4,شبیه من است  (۵),5,شبیه من نیست (۲),2,اندکی شبیه من است (۳),3,تا حدی شبیه من است  (۴),4,شبیه من است  (۵),5,شبیه من نیست (۲),2,اندکی شبیه من است (۳),3
1,1747751785001,20/05/2025 14:36,1747762585001,3.5,20/05/2025 20:36,225473,4,questionnaire-mdgi,,46337302,BLINDED,13463339,,complete,,,mobile,undefined K,Android 10,Samsung Internet 27.0,385x833,384x695,,,0,PVQ N,5,consent,تا حدی شبیه من است  (۴),4,شبیه من نیست (۲),2,تا حدی شبیه من است  (۴),4,اندکی شبیه من است (۳),3,تا حدی شبیه من است  (۴),4,شبیه من نیست (۲),2,شبیه من است  (۵),5,شبیه من است  (۵),5,تا حدی شبیه من است  (۴),4,تا حدی شبیه من است  (۴),4,خیلی شبیه من است (۶),6,شبیه من است  (۵),5,شبیه من است  (۵),5,شبیه من است  (۵),5,اندکی شبیه من است (۳),3,تا حدی شبیه من است  (۴),4,شبیه من نیست (۲),2,شبیه من است  (۵),5,خیلی شبیه من است (۶),6,اندکی شبیه من است (۳),3,اندکی شبیه من است (۳),3
1,1747752048119,20/05/2025 14:40,1747762848119,3.5,20/05/2025 20:40,225473,4,questionnaire-mdgi,,46337506,BLINDED,13463974,,complete,,,mobile,undefined K,Android 10,Chrome 136.0.7103.60,424x907,423x770,,,0,PVQ N,5,consent,تا حدی شبیه من است  (۴),4,تا حدی شبیه من است  (۴),4,خیلی شبیه من است (۶),6,شبیه من است  (۵),5,خیلی شبیه من است (۶),6,شبیه من است  (۵),5,اندکی شبیه من است (۳),3,شبیه من است  (۵),5,شبیه من است  (۵),5,شبیه من است  (۵),5,خیلی شبیه من است (۶),6,تا حدی شبیه من است  (۴),4,شبیه من است  (۵),5,شبیه من است  (۵),5,شبیه من است  (۵),5,خیلی شبیه من است (۶),6,شبیه من است  (۵),5,تا حدی شبیه من است  (۴),4,شبیه من است  (۵),5,شبیه من نیست (۲),2,تا حدی شبیه من است  (۴),4
1,1747753125534,20/05/2025 14:58,1747763925534,3.5,20/05/2025 20:58,225473,4,questionnaire-mdgi,,46338290,BLINDED,13464136,,live,,,mobile,Apple iPhone,iOS 17.4.1,Mobile Safari 17.4.1,390x844,390x648,,,0,PVQ N,5,consent,خیلی شبیه من است (۶),6,خیلی شبیه من است (۶),6,شبیه من نیست (۲),2,خیلی شبیه من است (۶),6,خیلی شبیه من است (۶),6,تا حدی شبیه من است  (۴),4,اندکی شبیه من است (۳),3,شبیه من نیست (۲),2,شبیه من است  (۵),5,شبیه من نیست (۲),2,خیلی شبیه من است (۶),6,شبیه من است  (۵),5,خیلی شبیه من است (۶),6,شبیه من است  (۵),5,شبیه من نیست (۲),2,تا حدی شبیه من است  (۴),4,شبیه من نیست (۲),2,شبیه من است  (۵),5,تا حدی شبیه من است  (۴),4,اصلاً شبیه من نیست (۱),1,شبیه من نیست (۲),2
1,1747765046635,20/05/2025 18:17,1747775846635,3.5,21/05/2025 00:17,225473,4,questionnaire-mdgi,,46343271,BLINDED,13465792,,complete,,,computer,Desktop or Laptop,Windows 10,Chrome 136.0.0.0,1536x864,1536x695,,,0,PVQ N,5,consent,شبیه من نیست (۲),2,شبیه من نیست (۲),2,اندکی شبیه من است (۳),3,تا حدی شبیه من است  (۴),4,تا حدی شبیه من است  (۴),4,شبیه من نیست (۲),2,اندکی شبیه من است (۳),3,خیلی شبیه من است (۶),6,تا حدی شبیه من است  (۴),4,شبیه من نیست (۲),2,تا حدی شبیه من است  (۴),4,اندکی شبیه من است (۳),3,شبیه من نیست (۲),2,تا حدی شبیه من است  (۴),4,شبیه من نیست (۲),2,اندکی شبیه من است (۳),3,اندکی شبیه من است (۳),3,تا حدی شبیه من است  (۴),4,شبیه من نیست (۲),2,شبیه من نیست (۲),2,شبیه من نیست (۲),2
1,1747804040344,21/05/2025 05:07,1747814840344,3.5,21/05/2025 11:07,225473,4,questionnaire-mdgi,,46360029,BLINDED,13468982,,complete,,,mobile,Apple iPhone,iOS 18.2.1,Mobile Safari 18.2,390x844,390x663,,,0,PVQ N,5,consent,شبیه من است  (۵),5,شبیه من است  (۵),5,اندکی شبیه من است (۳),3,خیلی شبیه من است (۶),6,تا حدی شبیه من است  (۴),4,خیلی شبیه من است (۶),6,اندکی شبیه من است (۳),3,اندکی شبیه من است (۳),3,اصلاً شبیه من نیست (۱),1,خیلی شبیه من است (۶),6,خیلی شبیه من است (۶),6,خیلی شبیه من است (۶),6,خیلی شبیه من است (۶),6,خیلی شبیه من است (۶),6,خیلی شبیه من است (۶),6,شبیه من است  (۵),5,شبیه من است  (۵),5,تا حدی شبیه من است  (۴),4,اندکی شبیه من است (۳),3,اندکی شبیه من است (۳),3,تا حدی شبیه من است  (۴),4
1,1747812601646,21/05/2025 07:30,1747823401646,3.5,21/05/2025 13:30,225473,4,questionnaire-mdgi,,46360977,BLINDED,13469253,,complete,,,mobile,undefined K,Android 14,Chrome 136.0.7103.60,360x780,360x643,,,0,PVQ N,5,consent,خیلی شبیه من است (۶),6,شبیه من نیست (۲),2,خیلی شبیه من است (۶),6,خیلی شبیه من است (۶),6,خیلی شبیه من است (۶),6,خیلی شبیه من است (۶),6,خیلی شبیه من است (۶),6,خیلی شبیه من است (۶),6,خیلی شبیه من است (۶),6,تا حدی شبیه من است  (۴),4,خیلی شبیه من است (۶),6,خیلی شبیه من است (۶),6,خیلی شبیه من است (۶),6,خیلی شبیه من است (۶),6,اندکی شبیه من است (۳),3,شبیه من است  (۵),5,خیلی شبیه من است (۶),6,شبیه من است  (۵),5,خیلی شبیه من است (۶),6,خیلی شبیه من است (۶),6,تا حدی شبیه من است  (۴),4
1,1747828342018,21/05/2025 11:52,1747839142018,3.5,21/05/2025 17:52,225473,4,questionnaire-mdgi,,46368245,BLINDED,13471068,,live,,,mobile,undefined K,Android 10,Chrome 136.0.0.0,412x915,411x781,,,0,PVQ N,5,consent,شبیه من است  (۵),5,تا حدی شبیه من است  (۴),4,خیلی شبیه من است (۶),6,تا حدی شبیه من است  (۴),4,تا حدی شبیه من است  (۴),4,اندکی شبیه من است (۳),3,تا حدی شبیه من است  (۴),4,اندکی شبیه من است (۳),3,تا حدی شبیه من است  (۴),4,اندکی شبیه من است (۳),3,خیلی شبیه من است (۶),6,تا حدی شبیه من است  (۴),4,خیلی شبیه من است (۶),6,تا حدی شبیه من است  (۴),4,شبیه من نیست (۲),2,تا حدی شبیه من است  (۴),4,شبیه من است  (۵),5,اندکی شبیه من است (۳),3,شبیه من است  (۵),5,اصلاً شبیه من نیست (۱),1,اندکی شبیه من است (۳),3
1,1747851781689,21/05/2025 18:23,1747862581689,3.5,22/05/2025 00:23,225473,4,questionnaire-mdgi,,46379443,BLINDED,13474228,,complete,,,mobile,undefined K,Android 10,Chrome 136.0.0.0,384x854,384x718,,,0,PVQ N,5,consent,خیلی شبیه من است (۶),6,اصلاً شبیه من نیست (۱),1,خیلی شبیه من است (۶),6,خیلی شبیه من است (۶),6,خیلی شبیه من است (۶),6,اصلاً شبیه من نیست (۱),1,خیلی شبیه من است (۶),6,خیلی شبیه من است (۶),6,خیلی شبیه من است (۶),6,اندکی شبیه من است (۳),3,خیلی شبیه من است (۶),6,خیلی شبیه من است (۶),6,خیلی شبیه من است (۶),6,خیلی شبیه من است (۶),6,اصلاً شبیه من نیست (۱),1,شبیه من نیست (۲),2,شبیه من است  (۵),5,شبیه من است  (۵),5,اندکی شبیه من است (۳),3,تا حدی شبیه من است  (۴),4,شبیه من نیست (۲),2
1,1747894900908,22/05/2025 06:21,1747905700908,3.5,22/05/2025 12:21,225473,4,questionnaire-mdgi,,46386152,BLINDED,13476025,,complete,,,mobile,undefined K,Android 15,Chrome 136.0.7103.60,393x873,392x735,,,0,PVQ N,5,consent,شبیه من است  (۵),5,اصلاً شبیه من نیست (۱),1,خیلی شبیه من است (۶),6,تا حدی شبیه من است  (۴),4,تا حدی شبیه من است  (۴),4,شبیه من است  (۵),5,شبیه من نیست (۲),2,شبیه من است  (۵),5,شبیه من است  (۵),5,اندکی شبیه من است (۳),3,خیلی شبیه من است (۶),6,خیلی شبیه من است (۶),6,تا حدی شبیه من است  (۴),4,شبیه من است  (۵),5,شبیه من است  (۵),5,تا حدی شبیه من است  (۴),4,اندکی شبیه من است (۳),3,تا حدی شبیه من است  (۴),4,شبیه من است  (۵),5,اصلاً شبیه من نیست (۱),1,اندکی شبیه من است (۳),3
1,1747912938855,22/05/2025 11:22,1747923738855,3.5,22/05/2025 17:22,225473,4,questionnaire-mdgi,,46392551,BLINDED,13476094,,complete,,,mobile,undefined K,Android 10,Chrome 135.0.0.0,393x873,392x736,,,0,PVQ N,5,consent,تا حدی شبیه من است  (۴),4,شبیه من نیست (۲),2,شبیه من است  (۵),5,شبیه من است  (۵),5,شبیه من است  (۵),5,اندکی شبیه من است (۳),3,شبیه من است  (۵),5,شبیه من است  (۵),5,تا حدی شبیه من است  (۴),4,شبیه من نیست (۲),2,شبیه من است  (۵),5,شبیه من است  (۵),5,تا حدی شبیه من است  (۴),4,خیلی شبیه من است (۶),6,اندکی شبیه من است (۳),3,شبیه من است  (۵),5,شبیه من نیست (۲),2,خیلی شبیه من است (۶),6,شبیه من است  (۵),5,خیلی شبیه من است (۶),6,اصلاً شبیه من نیست (۱),1
1,1747899463314,22/05/2025 07:37,1747910263314,3.5,22/05/2025 13:37,225473,4,questionnaire-mdgi,,46387314,BLINDED,13476229,,complete,,,computer,Desktop or Laptop,Windows 10,Edge 136.0.0.0,1280x720,1272x594,,,0,PVQ N,5,consent,شبیه من است  (۵),5,اصلاً شبیه من نیست (۱),1,شبیه من است  (۵),5,شبیه من است  (۵),5,شبیه من است  (۵),5,شبیه من است  (۵),5,شبیه من نیست (۲),2,شبیه من است  (۵),5,شبیه من است  (۵),5,اندکی شبیه من است (۳),3,تا حدی شبیه من است  (۴),4,شبیه من است  (۵),5,تا حدی شبیه من است  (۴),4,تا حدی شبیه من است  (۴),4,تا حدی شبیه من است  (۴),4,تا حدی شبیه من است  (۴),4,اندکی شبیه من است (۳),3,خیلی شبیه من است (۶),6,خیلی شبیه من است (۶),6,تا حدی شبیه من است  (۴),4,شبیه من است  (۵),5
1,1747936721155,22/05/2025 17:58,1747947521155,3.5,22/05/2025 23:58,225473,4,questionnaire-mdgi,,46402376,BLINDED,13481233,,complete,,,mobile,Samsung SM-A325F,Android 11,Samsung Internet 23.0,412x915,412x789,,,0,PVQ N,5,consent,شبیه من است  (۵),5,خیلی شبیه من است (۶),6,شبیه من است  (۵),5,تا حدی شبیه من است  (۴),4,شبیه من است  (۵),5,خیلی شبیه من است (۶),6,شبیه من نیست (۲),2,شبیه من است  (۵),5,اندکی شبیه من است (۳),3,خیلی شبیه من است (۶),6,خیلی شبیه من است (۶),6,خیلی شبیه من است (۶),6,شبیه من است  (۵),5,شبیه من است  (۵),5,خیلی شبیه من است (۶),6,تا حدی شبیه من است  (۴),4,اندکی شبیه من است (۳),3,تا حدی شبیه من است  (۴),4,خیلی شبیه من است (۶),6,شبیه من نیست (۲),2,خیلی شبیه من است (۶),6
1,1747945984362,22/05/2025 20:33,1747960384362,4.5,23/05/2025 04:33,225473,4,questionnaire-mdgi,,46405057,BLINDED,13482147,,complete,,,mobile,Samsung SM-A525F,Android 11,Samsung Internet 14.2,412x915,412x785,,,0,PVQ N,5,consent,شبیه من است  (۵),5,تا حدی شبیه من است  (۴),4,خیلی شبیه من است (۶),6,تا حدی شبیه من است  (۴),4,تا حدی شبیه من است  (۴),4,تا حدی شبیه من است  (۴),4,اندکی شبیه من است (۳),3,خیلی شبیه من است (۶),6,تا حدی شبیه من است  (۴),4,شبیه من نیست (۲),2,اندکی شبیه من است (۳),3,خیلی شبیه من است (۶),6,شبیه من است  (۵),5,تا حدی شبیه من است  (۴),4,تا حدی شبیه من است  (۴),4,تا حدی شبیه من است  (۴),4,شبیه من است  (۵),5,شبیه من است  (۵),5,شبیه من است  (۵),5,اندکی شبیه من است (۳),3,شبیه من است  (۵),5
1,1747953840596,22/05/2025 22:44,1747964640596,3.5,23/05/2025 04:44,225473,4,questionnaire-mdgi,,46408031,BLINDED,13482768,,live,,,mobile,Apple iPhone,iOS 18.0.0,Chrome 137.0.7151.34,390x844,390x669,,,0,PVQ N,5,consent,تا حدی شبیه من است  (۴),4,تا حدی شبیه من است  (۴),4,شبیه من است  (۵),5,اندکی شبیه من است (۳),3,اندکی شبیه من است (۳),3,اندکی شبیه من است (۳),3,تا حدی شبیه من است  (۴),4,تا حدی شبیه من است  (۴),4,شبیه من است  (۵),5,تا حدی شبیه من است  (۴),4,شبیه من است  (۵),5,شبیه من است  (۵),5,تا حدی شبیه من است  (۴),4,شبیه من است  (۵),5,تا حدی شبیه من است  (۴),4,تا حدی شبیه من است  (۴),4,تا حدی شبیه من است  (۴),4,شبیه من است  (۵),5,شبیه من است  (۵),5,تا حدی شبیه من است  (۴),4,تا حدی شبیه من است  (۴),4
1,1748001206725,23/05/2025 11:53,1748012006725,3.5,23/05/2025 17:53,225473,4,questionnaire-mdgi,,46425001,BLINDED,13486271,,live,,,mobile,undefined K,Android 14,Chrome 136.0.7103.60,384x832,384x699,,,0,PVQ N,5,consent,شبیه من است  (۵),5,شبیه من است  (۵),5,شبیه من است  (۵),5,شبیه من است  (۵),5,تا حدی شبیه من است  (۴),4,شبیه من نیست (۲),2,شبیه من نیست (۲),2,شبیه من نیست (۲),2,شبیه من نیست (۲),2,اندکی شبیه من است (۳),3,شبیه من است  (۵),5,شبیه من نیست (۲),2,شبیه من است  (۵),5,شبیه من نیست (۲),2,شبیه من نیست (۲),2,شبیه من نیست (۲),2,اندکی شبیه من است (۳),3,شبیه من نیست (۲),2,اندکی شبیه من است (۳),3,اصلاً شبیه من نیست (۱),1,شبیه من است  (۵),5
1,1748007321593,23/05/2025 13:35,1748018121593,3.5,23/05/2025 19:35,225473,4,questionnaire-mdgi,,46430708,BLINDED,13488040,,complete,,,computer,Desktop or Laptop,Ubuntu undefined,Firefox 138.0,1920x1200,1920x1088,,,0,PVQ N,5,consent,خیلی شبیه من است (۶),6,شبیه من است  (۵),5,اصلاً شبیه من نیست (۱),1,شبیه من نیست (۲),2,خیلی شبیه من است (۶),6,اصلاً شبیه من نیست (۱),1,خیلی شبیه من است (۶),6,خیلی شبیه من است (۶),6,شبیه من است  (۵),5,شبیه من نیست (۲),2,خیلی شبیه من است (۶),6,شبیه من است  (۵),5,تا حدی شبیه من است  (۴),4,خیلی شبیه من است (۶),6,اندکی شبیه من است (۳),3,شبیه من نیست (۲),2,تا حدی شبیه من است  (۴),4,شبیه من نیست (۲),2,تا حدی شبیه من است  (۴),4,اصلاً شبیه من نیست (۱),1,اصلاً شبیه من نیست (۱),1
1,1748075480220,24/05/2025 08:31,1748086280220,3.5,24/05/2025 14:31,225473,4,questionnaire-mdgi,,46447234,BLINDED,13491428,,complete,,,computer,Desktop or Laptop,Windows 10,Edge 136.0.0.0,1440x810,1432x650,,,0,PVQ N,5,consent,شبیه من است  (۵),5,شبیه من است  (۵),5,خیلی شبیه من است (۶),6,شبیه من نیست (۲),2,شبیه من است  (۵),5,تا حدی شبیه من است  (۴),4,تا حدی شبیه من است  (۴),4,شبیه من است  (۵),5,خیلی شبیه من است (۶),6,شبیه من نیست (۲),2,شبیه من است  (۵),5,خیلی شبیه من است (۶),6,خیلی شبیه من است (۶),6,خیلی شبیه من است (۶),6,تا حدی شبیه من است  (۴),4,تا حدی شبیه من است  (۴),4,شبیه من است  (۵),5,تا حدی شبیه من است  (۴),4,خیلی شبیه من است (۶),6,شبیه من نیست (۲),2,شبیه من نیست (۲),2
1,1748088367940,24/05/2025 12:06,1748099167940,3.5,24/05/2025 18:06,225473,4,questionnaire-mdgi,,46457397,BLINDED,13492792,,complete,,,mobile,undefined K,Android 10,Chrome 136.0.0.0,412x892,411x757,,,0,PVQ N,5,consent,خیلی شبیه من است (۶),6,اندکی شبیه من است (۳),3,اصلاً شبیه من نیست (۱),1,تا حدی شبیه من است  (۴),4,تا حدی شبیه من است  (۴),4,اندکی شبیه من است (۳),3,اصلاً شبیه من نیست (۱),1,اصلاً شبیه من نیست (۱),1,اصلاً شبیه من نیست (۱),1,خیلی شبیه من است (۶),6,خیلی شبیه من است (۶),6,تا حدی شبیه من است  (۴),4,خیلی شبیه من است (۶),6,شبیه من است  (۵),5,خیلی شبیه من است (۶),6,خیلی شبیه من است (۶),6,خیلی شبیه من است (۶),6,خیلی شبیه من است (۶),6,خیلی شبیه من است (۶),6,تا حدی شبیه من است  (۴),4,خیلی شبیه من است (۶),6
1,1748087656845,24/05/2025 11:54,1748098456845,3.5,24/05/2025 17:54,225473,4,questionnaire-mdgi,,46457023,BLINDED,13492765,,complete,,,mobile,undefined K,Android 13,Chrome 136.0.7103.125,412x915,411x810,,,0,PVQ N,5,consent,خیلی شبیه من است (۶),6,تا حدی شبیه من است  (۴),4,تا حدی شبیه من است  (۴),4,تا حدی شبیه من است  (۴),4,شبیه من است  (۵),5,شبیه من است  (۵),5,اندکی شبیه من است (۳),3,اندکی شبیه من است (۳),3,اندکی شبیه من است (۳),3,شبیه من نیست (۲),2,خیلی شبیه من است (۶),6,خیلی شبیه من است (۶),6,خیلی شبیه من است (۶),6,خیلی شبیه من است (۶),6,خیلی شبیه من است (۶),6,تا حدی شبیه من است  (۴),4,تا حدی شبیه من است  (۴),4,تا حدی شبیه من است  (۴),4,خیلی شبیه من است (۶),6,اندکی شبیه من است (۳),3,شبیه من است  (۵),5
1,1748100951528,24/05/2025 15:35,1748111751528,3.5,24/05/2025 21:35,225473,4,questionnaire-mdgi,,46462522,BLINDED,13493817,,complete,,,computer,Desktop or Laptop,Windows 10,Firefox 138.0,874x582,868x494,,,0,PVQ N,5,consent,اندکی شبیه من است (۳),3,اندکی شبیه من است (۳),3,شبیه من است  (۵),5,شبیه من است  (۵),5,اندکی شبیه من است (۳),3,تا حدی شبیه من است  (۴),4,اندکی شبیه من است (۳),3,خیلی شبیه من است (۶),6,شبیه من است  (۵),5,تا حدی شبیه من است  (۴),4,شبیه من است  (۵),5,شبیه من است  (۵),5,شبیه من است  (۵),5,تا حدی شبیه من است  (۴),4,تا حدی شبیه من است  (۴),4,تا حدی شبیه من است  (۴),4,تا حدی شبیه من است  (۴),4,تا حدی شبیه من است  (۴),4,شبیه من است  (۵),5,تا حدی شبیه من است  (۴),4,اندکی شبیه من است (۳),3
1,1748152806041,25/05/2025 06:00,1748163606041,3.5,25/05/2025 12:00,225473,4,questionnaire-mdgi,,46470756,BLINDED,13496370,,complete,,,mobile,undefined K,Android 14,Chrome 136.0.7103.61,384x832,384x701,,,0,PVQ N,5,consent,خیلی شبیه من است (۶),6,خیلی شبیه من است (۶),6,تا حدی شبیه من است  (۴),4,خیلی شبیه من است (۶),6,خیلی شبیه من است (۶),6,تا حدی شبیه من است  (۴),4,تا حدی شبیه من است  (۴),4,شبیه من است  (۵),5,تا حدی شبیه من است  (۴),4,شبیه من است  (۵),5,خیلی شبیه من است (۶),6,خیلی شبیه من است (۶),6,خیلی شبیه من است (۶),6,شبیه من است  (۵),5,شبیه من است  (۵),5,خیلی شبیه من است (۶),6,خیلی شبیه من است (۶),6,شبیه من است  (۵),5,تا حدی شبیه من است  (۴),4,اصلاً شبیه من نیست (۱),1,تا حدی شبیه من است  (۴),4
1,1748142462511,25/05/2025 03:07,1748153262511,3.5,25/05/2025 09:07,225473,4,questionnaire-mdgi,,46470965,BLINDED,13496406,,complete,,,computer,Desktop or Laptop,Windows 10,Chrome 136.0.0.0,1920x1080,1920x953,,,0,PVQ N,5,consent,خیلی شبیه من است (۶),6,شبیه من است  (۵),5,اندکی شبیه من است (۳),3,تا حدی شبیه من است  (۴),4,خیلی شبیه من است (۶),6,خیلی شبیه من است (۶),6,شبیه من است  (۵),5,تا حدی شبیه من است  (۴),4,تا حدی شبیه من است  (۴),4,اندکی شبیه من است (۳),3,خیلی شبیه من است (۶),6,اندکی شبیه من است (۳),3,شبیه من است  (۵),5,خیلی شبیه من است (۶),6,خیلی شبیه من است (۶),6,شبیه من است  (۵),5,تا حدی شبیه من است  (۴),4,تا حدی شبیه من است  (۴),4,شبیه من است  (۵),5,شبیه من نیست (۲),2,اندکی شبیه من است (۳),3
1,1748155061266,25/05/2025 06:37,1748165861266,3.5,25/05/2025 12:37,225473,4,questionnaire-mdgi,,46472013,BLINDED,13496577,,complete,,,mobile,undefined K,Android 10,Chrome 136.0.0.0,360x780,360x647,,,0,PVQ N,5,consent,خیلی شبیه من است (۶),6,شبیه من است  (۵),5,خیلی شبیه من است (۶),6,خیلی شبیه من است (۶),6,خیلی شبیه من است (۶),6,خیلی شبیه من است (۶),6,خیلی شبیه من است (۶),6,خیلی شبیه من است (۶),6,شبیه من است  (۵),5,اندکی شبیه من است (۳),3,شبیه من است  (۵),5,خیلی شبیه من است (۶),6,خیلی شبیه من است (۶),6,خیلی شبیه من است (۶),6,تا حدی شبیه من است  (۴),4,خیلی شبیه من است (۶),6,شبیه من است  (۵),5,خیلی شبیه من است (۶),6,تا حدی شبیه من است  (۴),4,تا حدی شبیه من است  (۴),4,شبیه من نیست (۲),2
1,1748192959177,25/05/2025 17:09,1748203759177,3.5,25/05/2025 23:09,225473,4,questionnaire-mdgi,,46485762,BLINDED,13499448,,complete,,,mobile,undefined K,Android 14,Chrome 136.0.7103.60,412x892,411x783,,,0,PVQ N,5,consent,اندکی شبیه من است (۳),3,شبیه من است  (۵),5,اندکی شبیه من است (۳),3,اندکی شبیه من است (۳),3,شبیه من است  (۵),5,شبیه من نیست (۲),2,شبیه من است  (۵),5,شبیه من است  (۵),5,تا حدی شبیه من است  (۴),4,تا حدی شبیه من است  (۴),4,شبیه من است  (۵),5,تا حدی شبیه من است  (۴),4,اندکی شبیه من است (۳),3,شبیه من است  (۵),5,شبیه من نیست (۲),2,تا حدی شبیه من است  (۴),4,شبیه من است  (۵),5,شبیه من است  (۵),5,خیلی شبیه من است (۶),6,تا حدی شبیه من است  (۴),4,تا حدی شبیه من است  (۴),4
1,1748210439178,25/05/2025 22:00,1748221239178,3.5,26/05/2025 04:00,225473,4,questionnaire-mdgi,,46490094,BLINDED,13500495,,complete,,,mobile,Apple iPhone,iOS 18.2.1,Mobile Safari 18.2,390x844,390x663,,,0,PVQ N,5,consent,شبیه من نیست (۲),2,شبیه من نیست (۲),2,تا حدی شبیه من است  (۴),4,اندکی شبیه من است (۳),3,اندکی شبیه من است (۳),3,شبیه من نیست (۲),2,تا حدی شبیه من است  (۴),4,شبیه من است  (۵),5,شبیه من نیست (۲),2,اصلاً شبیه من نیست (۱),1,اندکی شبیه من است (۳),3,تا حدی شبیه من است  (۴),4,شبیه من است  (۵),5,شبیه من است  (۵),5,شبیه من است  (۵),5,تا حدی شبیه من است  (۴),4,شبیه من است  (۵),5,شبیه من است  (۵),5,شبیه من است  (۵),5,خیلی شبیه من است (۶),6,خیلی شبیه من است (۶),6
1,1748249969355,26/05/2025 08:59,1748260769355,3.5,26/05/2025 14:59,225473,4,questionnaire-mdgi,,46501471,BLINDED,13502374,,complete,,,computer,Desktop or Laptop,Windows 10,Chrome 136.0.0.0,1536x864,1536x730,,,0,PVQ N,5,consent,تا حدی شبیه من است  (۴),4,شبیه من نیست (۲),2,تا حدی شبیه من است  (۴),4,شبیه من است  (۵),5,خیلی شبیه من است (۶),6,شبیه من نیست (۲),2,شبیه من نیست (۲),2,اندکی شبیه من است (۳),3,تا حدی شبیه من است  (۴),4,اصلاً شبیه من نیست (۱),1,شبیه من است  (۵),5,خیلی شبیه من است (۶),6,شبیه من است  (۵),5,تا حدی شبیه من است  (۴),4,اصلاً شبیه من نیست (۱),1,شبیه من نیست (۲),2,شبیه من است  (۵),5,شبیه من است  (۵),5,تا حدی شبیه من است  (۴),4,شبیه من نیست (۲),2,تا حدی شبیه من است  (۴),4
1,1748289478544,26/05/2025 19:57,1748300278544,3.5,27/05/2025 01:57,225473,4,questionnaire-mdgi,,46524604,BLINDED,13506944,,complete,,,computer,Desktop or Laptop,Windows 10,Chrome 136.0.0.0,1746x982,1746x818,,,0,PVQ N,5,consent,تا حدی شبیه من است  (۴),4,تا حدی شبیه من است  (۴),4,اندکی شبیه من است (۳),3,شبیه من است  (۵),5,تا حدی شبیه من است  (۴),4,تا حدی شبیه من است  (۴),4,اندکی شبیه من است (۳),3,تا حدی شبیه من است  (۴),4,اندکی شبیه من است (۳),3,اندکی شبیه من است (۳),3,شبیه من است  (۵),5,تا حدی شبیه من است  (۴),4,شبیه من است  (۵),5,شبیه من است  (۵),5,تا حدی شبیه من است  (۴),4,تا حدی شبیه من است  (۴),4,شبیه من است  (۵),5,تا حدی شبیه من است  (۴),4,شبیه من است  (۵),5,تا حدی شبیه من است  (۴),4,اندکی شبیه من است (۳),3
1,1748462257763,28/05/2025 19:57,1748473057763,3.5,29/05/2025 01:57,225473,4,questionnaire-mdgi,,46614968,BLINDED,13525440,,live,,,mobile,undefined K,Android 12,Chrome 136.0.7103.60,393x873,392x768,,,0,PVQ N,5,consent,تا حدی شبیه من است  (۴),4,اندکی شبیه من است (۳),3,شبیه من است  (۵),5,تا حدی شبیه من است  (۴),4,خیلی شبیه من است (۶),6,شبیه من نیست (۲),2,شبیه من است  (۵),5,شبیه من است  (۵),5,شبیه من است  (۵),5,تا حدی شبیه من است  (۴),4,شبیه من است  (۵),5,تا حدی شبیه من است  (۴),4,خیلی شبیه من است (۶),6,شبیه من است  (۵),5,شبیه من نیست (۲),2,اندکی شبیه من است (۳),3,تا حدی شبیه من است  (۴),4,شبیه من است  (۵),5,خیلی شبیه من است (۶),6,اصلاً شبیه من نیست (۱),1,تا حدی شبیه من است  (۴),4
1,1748372098714,27/05/2025 18:54,1748382898714,3.5,28/05/2025 00:54,225473,4,questionnaire-mdgi,,46569825,BLINDED,13516492,,complete,,,mobile,undefined K,Android 15,Chrome 136.0.7103.60,384x832,384x699,,,0,PVQ N,5,consent,خیلی شبیه من است (۶),6,تا حدی شبیه من است  (۴),4,شبیه من است  (۵),5,خیلی شبیه من است (۶),6,تا حدی شبیه من است  (۴),4,خیلی شبیه من است (۶),6,تا حدی شبیه من است  (۴),4,شبیه من است  (۵),5,شبیه من است  (۵),5,تا حدی شبیه من است  (۴),4,خیلی شبیه من است (۶),6,اندکی شبیه من است (۳),3,خیلی شبیه من است (۶),6,خیلی شبیه من است (۶),6,شبیه من است  (۵),5,شبیه من نیست (۲),2,تا حدی شبیه من است  (۴),4,اندکی شبیه من است (۳),3,خیلی شبیه من است (۶),6,اندکی شبیه من است (۳),3,تا حدی شبیه من است  (۴),4
1,1748555070350,29/05/2025 21:44,1748565870350,3.5,30/05/2025 03:44,225473,4,questionnaire-mdgi,,46661729,BLINDED,13535505,,complete,,,mobile,Apple iPhone,iOS 15.1,Mobile Safari 15.1,414x896,414x712,,,0,PVQ N,5,consent,خیلی شبیه من است (۶),6,تا حدی شبیه من است  (۴),4,تا حدی شبیه من است  (۴),4,تا حدی شبیه من است  (۴),4,تا حدی شبیه من است  (۴),4,اندکی شبیه من است (۳),3,اصلاً شبیه من نیست (۱),1,تا حدی شبیه من است  (۴),4,تا حدی شبیه من است  (۴),4,شبیه من نیست (۲),2,شبیه من است  (۵),5,تا حدی شبیه من است  (۴),4,تا حدی شبیه من است  (۴),4,شبیه من است  (۵),5,اندکی شبیه من است (۳),3,اندکی شبیه من است (۳),3,تا حدی شبیه من است  (۴),4,تا حدی شبیه من است  (۴),4,شبیه من است  (۵),5,شبیه من نیست (۲),2,شبیه من نیست (۲),2
1,1748557676321,29/05/2025 22:27,1748568476321,3.5,30/05/2025 04:27,225473,4,questionnaire-mdgi,,46662990,BLINDED,13535743,,complete,,,computer,Desktop or Laptop,Mac OS 10.15.7,Safari 18.1,744x1133,1133x670,,,0,PVQ N,5,consent,خیلی شبیه من است (۶),6,تا حدی شبیه من است  (۴),4,شبیه من است  (۵),5,شبیه من نیست (۲),2,شبیه من نیست (۲),2,تا حدی شبیه من است  (۴),4,اصلاً شبیه من نیست (۱),1,تا حدی شبیه من است  (۴),4,تا حدی شبیه من است  (۴),4,اندکی شبیه من است (۳),3,اندکی شبیه من است (۳),3,تا حدی شبیه من است  (۴),4,تا حدی شبیه من است  (۴),4,خیلی شبیه من است (۶),6,شبیه من است  (۵),5,تا حدی شبیه من است  (۴),4,خیلی شبیه من است (۶),6,شبیه من است  (۵),5,تا حدی شبیه من است  (۴),4,اصلاً شبیه من نیست (۱),1,اندکی شبیه من است (۳),3
1,1748626675140,30/05/2025 17:37,1748637475140,3.5,30/05/2025 23:37,225473,4,questionnaire-mdgi,,46679488,BLINDED,13541259,,complete,,,mobile,undefined K,Android 12,Chrome 114.0.5735.196,377x832,377x698,,,0,PVQ N,5,consent,خیلی شبیه من است (۶),6,اندکی شبیه من است (۳),3,خیلی شبیه من است (۶),6,اندکی شبیه من است (۳),3,اندکی شبیه من است (۳),3,شبیه من است  (۵),5,شبیه من نیست (۲),2,خیلی شبیه من است (۶),6,خیلی شبیه من است (۶),6,شبیه من است  (۵),5,خیلی شبیه من است (۶),6,خیلی شبیه من است (۶),6,خیلی شبیه من است (۶),6,خیلی شبیه من است (۶),6,خیلی شبیه من است (۶),6,اندکی شبیه من است (۳),3,تا حدی شبیه من است  (۴),4,شبیه من است  (۵),5,خیلی شبیه من است (۶),6,اندکی شبیه من است (۳),3,خیلی شبیه من است (۶),6
1,1748274777994,26/05/2025 15:52,1748285577994,3.5,26/05/2025 21:52,225473,4,questionnaire-mdgi,,46518274,BLINDED,13505190,,live,,,computer,Desktop or Laptop,Windows 10,Chrome 136.0.0.0,1397x786,1397x663,,,0,PVQ N,5,consent,شبیه من است  (۵),5,تا حدی شبیه من است  (۴),4,خیلی شبیه من است (۶),6,شبیه من است  (۵),5,شبیه من است  (۵),5,شبیه من نیست (۲),2,اصلاً شبیه من نیست (۱),1,شبیه من نیست (۲),2,اندکی شبیه من است (۳),3,تا حدی شبیه من است  (۴),4,خیلی شبیه من است (۶),6,شبیه من نیست (۲),2,شبیه من است  (۵),5,شبیه من نیست (۲),2,اصلاً شبیه من نیست (۱),1,تا حدی شبیه من است  (۴),4,تا حدی شبیه من است  (۴),4,اصلاً شبیه من نیست (۱),1,اندکی شبیه من است (۳),3,شبیه من نیست (۲),2,شبیه من است  (۵),5
1,1748255230770,26/05/2025 10:27,1748266030770,3.5,26/05/2025 16:27,225473,4,questionnaire-mdgi,,46505305,BLINDED,13503018,,complete,,,mobile,undefined K,Android 10,Chrome 136.0.0.0,412x915,411x780,,,0,PVQ N,5,consent,اندکی شبیه من است (۳),3,اندکی شبیه من است (۳),3,خیلی شبیه من است (۶),6,شبیه من است  (۵),5,شبیه من است  (۵),5,شبیه من نیست (۲),2,اصلاً شبیه من نیست (۱),1,اندکی شبیه من است (۳),3,اندکی شبیه من است (۳),3,شبیه من نیست (۲),2,خیلی شبیه من است (۶),6,خیلی شبیه من است (۶),6,شبیه من است  (۵),5,خیلی شبیه من است (۶),6,تا حدی شبیه من است  (۴),4,اندکی شبیه من است (۳),3,اندکی شبیه من است (۳),3,تا حدی شبیه من است  (۴),4,خیلی شبیه من است (۶),6,شبیه من نیست (۲),2,اصلاً شبیه من نیست (۱),1
1,1748717680740,31/05/2025 18:54,1748728480740,3.5,01/06/2025 00:54,225473,4,questionnaire-mdgi,,46704193,BLINDED,13545854,,complete,,,mobile,undefined K,Android 13,Chrome 136.0.7103.125,393x873,392x740,,,0,PVQ N,5,consent,شبیه من است  (۵),5,شبیه من است  (۵),5,شبیه من نیست (۲),2,شبیه من است  (۵),5,اندکی شبیه من است (۳),3,شبیه من نیست (۲),2,تا حدی شبیه من است  (۴),4,شبیه من است  (۵),5,تا حدی شبیه من است  (۴),4,تا حدی شبیه من است  (۴),4,خیلی شبیه من است (۶),6,شبیه من است  (۵),5,شبیه من است  (۵),5,شبیه من است  (۵),5,تا حدی شبیه من است  (۴),4,اصلاً شبیه من نیست (۱),1,خیلی شبیه من است (۶),6,شبیه من است  (۵),5,خیلی شبیه من است (۶),6,تا حدی شبیه من است  (۴),4,تا حدی شبیه من است  (۴),4
1,1748889324426,02/06/2025 18:35,1748900124426,3.5,03/06/2025 00:35,225473,4,questionnaire-mdgi,,46764154,BLINDED,13556489,,complete,,,mobile,undefined K,Android 10,Chrome 136.0.0.0,384x857,384x729,,,0,PVQ N,5,consent,شبیه من است  (۵),5,شبیه من نیست (۲),2,شبیه من است  (۵),5,اندکی شبیه من است (۳),3,خیلی شبیه من است (۶),6,شبیه من نیست (۲),2,اصلاً شبیه من نیست (۱),1,تا حدی شبیه من است  (۴),4,اندکی شبیه من است (۳),3,تا حدی شبیه من است  (۴),4,شبیه من است  (۵),5,شبیه من است  (۵),5,شبیه من نیست (۲),2,شبیه من نیست (۲),2,شبیه من است  (۵),5,شبیه من است  (۵),5,شبیه من نیست (۲),2,تا حدی شبیه من است  (۴),4,اندکی شبیه من است (۳),3,شبیه من نیست (۲),2,اندکی شبیه من است (۳),3
1,1748936439361,03/06/2025 07:40,1748947239361,3.5,03/06/2025 13:40,225473,4,questionnaire-mdgi,,46776911,BLINDED,13558884,,complete,,,computer,Desktop or Laptop,Mac OS 10.15.7,Chrome 136.0.0.0,1920x1080,1920x966,,,0,PVQ N,5,consent,شبیه من است  (۵),5,اندکی شبیه من است (۳),3,خیلی شبیه من است (۶),6,تا حدی شبیه من است  (۴),4,خیلی شبیه من است (۶),6,خیلی شبیه من است (۶),6,شبیه من است  (۵),5,خیلی شبیه من است (۶),6,خیلی شبیه من است (۶),6,تا حدی شبیه من است  (۴),4,تا حدی شبیه من است  (۴),4,شبیه من است  (۵),5,شبیه من است  (۵),5,اندکی شبیه من است (۳),3,تا حدی شبیه من است  (۴),4,شبیه من است  (۵),5,اندکی شبیه من است (۳),3,شبیه من است  (۵),5,خیلی شبیه من است (۶),6,تا حدی شبیه من است  (۴),4,تا حدی شبیه من است  (۴),4
1,1748942185588,03/06/2025 09:16,1748952985588,3.5,03/06/2025 15:16,225473,4,questionnaire-mdgi,,46782109,BLINDED,13559047,,complete,,,mobile,undefined K,Android 13,Chrome 136.0.7103.125,385x854,384x718,,,0,PVQ N,5,consent,شبیه من است  (۵),5,شبیه من نیست (۲),2,تا حدی شبیه من است  (۴),4,اندکی شبیه من است (۳),3,شبیه من است  (۵),5,تا حدی شبیه من است  (۴),4,اندکی شبیه من است (۳),3,خیلی شبیه من است (۶),6,شبیه من نیست (۲),2,اندکی شبیه من است (۳),3,شبیه من است  (۵),5,تا حدی شبیه من است  (۴),4,شبیه من نیست (۲),2,اندکی شبیه من است (۳),3,اندکی شبیه من است (۳),3,شبیه من نیست (۲),2,اندکی شبیه من است (۳),3,شبیه من نیست (۲),2,اندکی شبیه من است (۳),3,شبیه من نیست (۲),2,تا حدی شبیه من است  (۴),4
1,1747766031442,20/05/2025 18:33,1747776831442,3.5,21/05/2025 00:33,225473,4,questionnaire-mdgi,,46343707,BLINDED,13465827,,complete,,,mobile,undefined K,Android 10,Chrome 136.0.0.0,384x832,384x699,,,0,PVQ N,5,consent,خیلی شبیه من است (۶),6,شبیه من نیست (۲),2,خیلی شبیه من است (۶),6,خیلی شبیه من است (۶),6,خیلی شبیه من است (۶),6,شبیه من است  (۵),5,شبیه من است  (۵),5,شبیه من است  (۵),5,تا حدی شبیه من است  (۴),4,خیلی شبیه من است (۶),6,شبیه من است  (۵),5,خیلی شبیه من است (۶),6,خیلی شبیه من است (۶),6,خیلی شبیه من است (۶),6,شبیه من است  (۵),5,تا حدی شبیه من است  (۴),4,شبیه من است  (۵),5,شبیه من است  (۵),5,خیلی شبیه من است (۶),6,خیلی شبیه من است (۶),6,شبیه من است  (۵),5
1,1747681125228,19/05/2025 18:58,1747691925228,3.5,20/05/2025 00:58,225473,4,questionnaire-mdgi,,46316532,BLINDED,13458245,,complete,,,mobile,undefined K,Android 10,Chrome 134.0.0.0,407x904,406x813,,,0,PVQ N,5,consent,خیلی شبیه من است (۶),6,تا حدی شبیه من است  (۴),4,شبیه من است  (۵),5,تا حدی شبیه من است  (۴),4,اندکی شبیه من است (۳),3,تا حدی شبیه من است  (۴),4,اصلاً شبیه من نیست (۱),1,شبیه من است  (۵),5,تا حدی شبیه من است  (۴),4,تا حدی شبیه من است  (۴),4,خیلی شبیه من است (۶),6,شبیه من است  (۵),5,شبیه من است  (۵),5,تا حدی شبیه من است  (۴),4,تا حدی شبیه من است  (۴),4,شبیه من نیست (۲),2,شبیه من است  (۵),5,شبیه من است  (۵),5,شبیه من است  (۵),5,اصلاً شبیه من نیست (۱),1,تا حدی شبیه من است  (۴),4
1,1747679981179,19/05/2025 18:39,1747690781179,3.5,20/05/2025 00:39,225473,4,questionnaire-mdgi,,46315783,BLINDED,13457989,,complete,,,mobile,undefined K,Android 12,Chrome 136.0.7103.60,393x873,392x736,,,0,PVQ N,5,consent,شبیه من است  (۵),5,تا حدی شبیه من است  (۴),4,تا حدی شبیه من است  (۴),4,شبیه من است  (۵),5,خیلی شبیه من است (۶),6,شبیه من نیست (۲),2,شبیه من است  (۵),5,شبیه من است  (۵),5,شبیه من است  (۵),5,تا حدی شبیه من است  (۴),4,شبیه من است  (۵),5,خیلی شبیه من است (۶),6,شبیه من است  (۵),5,خیلی شبیه من است (۶),6,تا حدی شبیه من است  (۴),4,اندکی شبیه من است (۳),3,تا حدی شبیه من است  (۴),4,تا حدی شبیه من است  (۴),4,خیلی شبیه من است (۶),6,شبیه من است  (۵),5,شبیه من است  (۵),5
1,1747671070294,19/05/2025 16:11,1747681870294,3.5,19/05/2025 22:11,225473,4,questionnaire-mdgi,,46312432,BLINDED,13457028,,complete,,,mobile,undefined K,Android 14,Chrome 136.0.7103.60,393x873,392x766,,,0,PVQ N,5,consent,خیلی شبیه من است (۶),6,تا حدی شبیه من است  (۴),4,شبیه من است  (۵),5,تا حدی شبیه من است  (۴),4,خیلی شبیه من است (۶),6,تا حدی شبیه من است  (۴),4,تا حدی شبیه من است  (۴),4,خیلی شبیه من است (۶),6,شبیه من است  (۵),5,شبیه من است  (۵),5,شبیه من است  (۵),5,شبیه من است  (۵),5,شبیه من است  (۵),5,شبیه من است  (۵),5,شبیه من نیست (۲),2,تا حدی شبیه من است  (۴),4,اندکی شبیه من است (۳),3,شبیه من است  (۵),5,خیلی شبیه من است (۶),6,شبیه من نیست (۲),2,شبیه من است  (۵),5
1,1747160415221,13/05/2025 18:20,1747171215221,3.5,14/05/2025 00:20,225473,4,questionnaire-mdgi,,46147966,BLINDED,13414627,,complete,,,mobile,undefined K,Android 15,Chrome 135.0.7049.111,360x780,360x649,,,0,PVQ N,5,consent,شبیه من است  (۵),5,تا حدی شبیه من است  (۴),4,تا حدی شبیه من است  (۴),4,شبیه من است  (۵),5,شبیه من است  (۵),5,شبیه من است  (۵),5,شبیه من نیست (۲),2,تا حدی شبیه من است  (۴),4,شبیه من است  (۵),5,شبیه من است  (۵),5,خیلی شبیه من است (۶),6,شبیه من است  (۵),5,خیلی شبیه من است (۶),6,تا حدی شبیه من است  (۴),4,شبیه من نیست (۲),2,شبیه من نیست (۲),2,تا حدی شبیه من است  (۴),4,شبیه من است  (۵),5,خیلی شبیه من است (۶),6,اندکی شبیه من است (۳),3,شبیه من است  (۵),5
1,1747157785554,13/05/2025 17:36,1747168585554,3.5,13/05/2025 23:36,225473,4,questionnaire-mdgi,,46145529,BLINDED,13414365,,complete,,,mobile,undefined K,Android 14,Chrome 135.0.7049.113,384x832,384x695,,,0,PVQ N,5,consent,خیلی شبیه من است (۶),6,شبیه من نیست (۲),2,خیلی شبیه من است (۶),6,تا حدی شبیه من است  (۴),4,خیلی شبیه من است (۶),6,شبیه من است  (۵),5,تا حدی شبیه من است  (۴),4,خیلی شبیه من است (۶),6,شبیه من است  (۵),5,خیلی شبیه من است (۶),6,خیلی شبیه من است (۶),6,خیلی شبیه من است (۶),6,اندکی شبیه من است (۳),3,تا حدی شبیه من است  (۴),4,تا حدی شبیه من است  (۴),4,خیلی شبیه من است (۶),6,تا حدی شبیه من است  (۴),4,تا حدی شبیه من است  (۴),4,خیلی شبیه من است (۶),6,اصلاً شبیه من نیست (۱),1,خیلی شبیه من است (۶),6
1,1747152564270,13/05/2025 16:09,1747163364270,3.5,13/05/2025 22:09,225473,4,questionnaire-mdgi,,46140383,BLINDED,13413583,,complete,,,mobile,Apple iPhone,iOS 18.5,Mobile Safari 18.5,390x844,390x663,,,0,PVQ N,5,consent,شبیه من است  (۵),5,تا حدی شبیه من است  (۴),4,خیلی شبیه من است (۶),6,اندکی شبیه من است (۳),3,خیلی شبیه من است (۶),6,شبیه من نیست (۲),2,شبیه من است  (۵),5,خیلی شبیه من است (۶),6,تا حدی شبیه من است  (۴),4,شبیه من است  (۵),5,خیلی شبیه من است (۶),6,تا حدی شبیه من است  (۴),4,اندکی شبیه من است (۳),3,خیلی شبیه من است (۶),6,تا حدی شبیه من است  (۴),4,شبیه من است  (۵),5,اندکی شبیه من است (۳),3,شبیه من است  (۵),5,خیلی شبیه من است (۶),6,خیلی شبیه من است (۶),6,تا حدی شبیه من است  (۴),4
1,1748776189606,01/06/2025 11:09,1748786989606,3.5,01/06/2025 17:09,225473,4,questionnaire-mdgi,,46718188,BLINDED,13547312,,complete,,,computer,Desktop or Laptop,Mac OS 10.15.7,Chrome 136.0.0.0,1440x900,1440x812,,,0,PVQ N,5,consent,شبیه من است  (۵),5,خیلی شبیه من است (۶),6,شبیه من است  (۵),5,شبیه من است  (۵),5,شبیه من است  (۵),5,اندکی شبیه من است (۳),3,اندکی شبیه من است (۳),3,تا حدی شبیه من است  (۴),4,اندکی شبیه من است (۳),3,شبیه من است  (۵),5,شبیه من است  (۵),5,شبیه من است  (۵),5,شبیه من است  (۵),5,شبیه من است  (۵),5,تا حدی شبیه من است  (۴),4,تا حدی شبیه من است  (۴),4,شبیه من است  (۵),5,اندکی شبیه من است (۳),3,اندکی شبیه من است (۳),3,اندکی شبیه من است (۳),3,شبیه من است  (۵),5
1,1747673626965,19/05/2025 16:53,1747684426965,3,19/05/2025 22:53,225473,4,questionnaire-mdgi,,46313392,BLINDED,13457393,,live,,,mobile,undefined K,Android 14,Chrome 136.0.7103.61,412x892,411x757,,,0,PVQ N,5,consent,شبیه من است  (۵),5,تا حدی شبیه من است  (۴),4,خیلی شبیه من است (۶),6,خیلی شبیه من است (۶),6,خیلی شبیه من است (۶),6,شبیه من نیست (۲),2,شبیه من نیست (۲),2,شبیه من است  (۵),5,شبیه من نیست (۲),2,شبیه من نیست (۲),2,خیلی شبیه من است (۶),6,خیلی شبیه من است (۶),6,خیلی شبیه من است (۶),6,شبیه من است  (۵),5,تا حدی شبیه من است  (۴),4,شبیه من نیست (۲),2,اندکی شبیه من است (۳),3,شبیه من نیست (۲),2,اندکی شبیه من است (۳),3,شبیه من نیست (۲),2,شبیه من نیست (۲),2
1,1747673360117,19/05/2025 16:49,1747684160117,3.5,19/05/2025 22:49,225473,4,questionnaire-mdgi,,46313292,BLINDED,13457347,,complete,,,mobile,undefined K,Android 14,Chrome 136.0.7103.60,412x892,411x752,,,0,PVQ N,5,consent,تا حدی شبیه من است  (۴),4,اندکی شبیه من است (۳),3,خیلی شبیه من است (۶),6,تا حدی شبیه من است  (۴),4,تا حدی شبیه من است  (۴),4,اندکی شبیه من است (۳),3,اندکی شبیه من است (۳),3,شبیه من است  (۵),5,تا حدی شبیه من است  (۴),4,شبیه من نیست (۲),2,شبیه من است  (۵),5,شبیه من است  (۵),5,شبیه من است  (۵),5,تا حدی شبیه من است  (۴),4,شبیه من نیست (۲),2,شبیه من نیست (۲),2,اندکی شبیه من است (۳),3,شبیه من است  (۵),5,تا حدی شبیه من است  (۴),4,اندکی شبیه من است (۳),3,اندکی شبیه من است (۳),3
1,1747672965873,19/05/2025 16:42,1747683765873,3.5,19/05/2025 22:42,225473,4,questionnaire-mdgi,,46313126,BLINDED,13457340,,complete,,,mobile,undefined K,Android 13,Chrome 136.0.7103.60,412x915,411x780,,,0,PVQ N,5,consent,تا حدی شبیه من است  (۴),4,خیلی شبیه من است (۶),6,اندکی شبیه من است (۳),3,اندکی شبیه من است (۳),3,شبیه من است  (۵),5,شبیه من است  (۵),5,اصلاً شبیه من نیست (۱),1,شبیه من نیست (۲),2,اندکی شبیه من است (۳),3,شبیه من است  (۵),5,شبیه من است  (۵),5,شبیه من نیست (۲),2,شبیه من است  (۵),5,اندکی شبیه من است (۳),3,اندکی شبیه من است (۳),3,شبیه من نیست (۲),2,شبیه من نیست (۲),2,شبیه من نیست (۲),2,اندکی شبیه من است (۳),3,اصلاً شبیه من نیست (۱),1,اندکی شبیه من است (۳),3
END OF FILE,,,,,,,,,,,,,,,,,,,,,,,,,,,,,,,,,,,,,,,,,,,,,,,,,,,,,,,,,,,,,,,,,,,,,,
