Event Index,UTC Timestamp,UTC Date and Time,Local Timestamp,Local Timezone,Local Date and Time,Experiment ID,Experiment Version,Tree Node Key,Repeat Key,Schedule ID,Participant Public ID,Participant Private ID,Participant Starting Group,Participant Status,Participant Completion Code,Participant External Session ID,Participant Device Type,Participant Device,Participant OS,Participant Browser,Participant Monitor Size,Participant Viewport Size,Checkpoint,Room ID,Room Order,Task Name,Task Version,branch-2d1i,Manipulation: Spreadsheet,Current Spreadsheet,Trial Number,Display,Screen,Screen ID,Screen Counter,Response Type,Response,Onset Time,Clock Time,Reaction Time,Absolute Onset Time,Absolute Clock Time,Absolute Reaction Time,Correct,Response Duration,Proportion,Tag,Component Name,Object Name,Object Number,Object ID,Spreadsheet: display,Store: question1,Store: question2
1,1738115115491,29/01/2025 01:45,1738097115491,-5,28/01/2025 15:45,206283,3,task-i1kz,,42821524,BLINDED,12488188,,complete,,,mobile,Apple iPhone,iOS 18.1.1,Mobile Safari 18.1.1,393x852,393x649,,,0,Ultimatum Game Comprehension,4,consent,Spreadsheet1,,,,,,,info,BEGIN,,,,,,,,,,,,,,,,,
2,1738115150019,29/01/2025 01:45,1738097150019,-5,28/01/2025 15:45,206283,3,task-i1kz,,42821524,BLINDED,12488188,,complete,,,mobile,Apple iPhone,iOS 18.1.1,Mobile Safari 18.1.1,393x852,393x649,,,0,Ultimatum Game Comprehension,4,consent,Spreadsheet1,Spreadsheet1,1,Comprehension,Questions,xmui3k,1,continue,,34522,34506,34522,34522,34506,34522,0,0,0,,Click To Continue,Continue Button,6,object-9,Comprehension,دهنده= ۱۰ ژتون ؛ گیرنده= هیچ (۰) ژتون,دهنده= ۴ ژتون؛ گیرنده= ۶ ژتون
3,1738115150027,29/01/2025 01:45,1738097150027,-5,28/01/2025 15:45,206283,3,task-i1kz,,42821524,BLINDED,12488188,,complete,,,mobile,Apple iPhone,iOS 18.1.1,Mobile Safari 18.1.1,393x852,393x649,,,0,Ultimatum Game Comprehension,4,consent,Spreadsheet1,Spreadsheet1,1,Comprehension,Questions,xmui3k,1,response,پیشنهاد دهنده= ۱۰ ژتون ؛ دریافت کننده= هیچ (۰) ژتون ,24771,34506,34522,24771,34506,34522,0,9751,0,question1,Multiple choice,Multiple choice,3,object-3,Comprehension,پیشنهاد دهنده= ۱۰ ژتون ؛ دریافت کننده= هیچ (۰) ژتون ,دهنده= ۴ ژتون؛ گیرنده= ۶ ژتون
4,1738115150028,29/01/2025 01:45,1738097150028,-5,28/01/2025 15:45,206283,3,task-i1kz,,42821524,BLINDED,12488188,,complete,,,mobile,Apple iPhone,iOS 18.1.1,Mobile Safari 18.1.1,393x852,393x649,,,0,Ultimatum Game Comprehension,4,consent,Spreadsheet1,Spreadsheet1,1,Comprehension,Questions,xmui3k,1,response,پیشنهاد دهنده= ۴ ژتون ؛ دریافت کننده= ۶ ژتون ,34056,34506,34522,34056,34506,34522,1,466,0,question2,Multiple choice,Multiple choice,5,object-6,Comprehension,پیشنهاد دهنده= ۱۰ ژتون ؛ دریافت کننده= هیچ (۰) ژتون ,پیشنهاد دهنده= ۴ ژتون ؛ دریافت کننده= ۶ ژتون 
5,1738115150035,29/01/2025 01:45,1738097150035,-5,28/01/2025 15:45,206283,3,task-i1kz,,42821524,BLINDED,12488188,,complete,,,mobile,Apple iPhone,iOS 18.1.1,Mobile Safari 18.1.1,393x852,393x649,,,0,Ultimatum Game Comprehension,4,consent,Spreadsheet1,Spreadsheet1,1,Comprehension,Check,p5wdmy,2,timedOut,,43,43,43,43,43,43,1,0,0,,Time Limit,screen,0,screen,Comprehension,پیشنهاد دهنده= ۱۰ ژتون ؛ دریافت کننده= هیچ (۰) ژتون ,پیشنهاد دهنده= ۴ ژتون ؛ دریافت کننده= ۶ ژتون 
6,1738115168044,29/01/2025 01:46,1738097168044,-5,28/01/2025 15:46,206283,3,task-i1kz,,42821524,BLINDED,12488188,,complete,,,mobile,Apple iPhone,iOS 18.1.1,Mobile Safari 18.1.1,393x852,393x649,,,0,Ultimatum Game Comprehension,4,consent,Spreadsheet1,Spreadsheet1,1,Comprehension,Repeat1,17c7me,3,continue,,17995,17978,17995,17995,17978,17995,0,0,0,,Click To Continue,Continue Button,3,object-140,Comprehension,پیشنهاد دهنده= ۱۰ ژتون ؛ دریافت کننده= هیچ (۰) ژتون ,پیشنهاد دهنده= ۴ ژتون ؛ دریافت کننده= ۶ ژتون 
7,1738115168051,29/01/2025 01:46,1738097168051,-5,28/01/2025 15:46,206283,3,task-i1kz,,42821524,BLINDED,12488188,,complete,,,mobile,Apple iPhone,iOS 18.1.1,Mobile Safari 18.1.1,393x852,393x649,,,0,Ultimatum Game Comprehension,4,consent,Spreadsheet1,Spreadsheet1,1,Comprehension,Repeat1,17c7me,3,response,پیشنهاد دهنده= ۴ ژتون  ؛ دریافت کننده= هیچ (۰) ژتون  ,17261,17978,17995,17261,17978,17995,0,734,0,question1,Multiple choice,Multiple choice,2,object-17,Comprehension,پیشنهاد دهنده= ۴ ژتون  ؛ دریافت کننده= هیچ (۰) ژتون  ,پیشنهاد دهنده= ۴ ژتون ؛ دریافت کننده= ۶ ژتون 
8,1738115168057,29/01/2025 01:46,1738097168057,-5,28/01/2025 15:46,206283,3,task-i1kz,,42821524,BLINDED,12488188,,complete,,,mobile,Apple iPhone,iOS 18.1.1,Mobile Safari 18.1.1,393x852,393x649,,,0,Ultimatum Game Comprehension,4,consent,Spreadsheet1,Spreadsheet1,1,Comprehension,Check2,s8qmgf,4,timedOut,,43,43,43,43,43,43,1,0,0,,Time Limit,screen,0,screen,Comprehension,پیشنهاد دهنده= ۴ ژتون  ؛ دریافت کننده= هیچ (۰) ژتون  ,پیشنهاد دهنده= ۴ ژتون ؛ دریافت کننده= ۶ ژتون 
9,1738115172562,29/01/2025 01:46,1738097172562,-5,28/01/2025 15:46,206283,3,task-i1kz,,42821524,BLINDED,12488188,,complete,,,mobile,Apple iPhone,iOS 18.1.1,Mobile Safari 18.1.1,393x852,393x649,,,0,Ultimatum Game Comprehension,4,consent,Spreadsheet1,Spreadsheet1,1,Comprehension,"Wrong, Continue",aui16l,5,continue,,4491,4474,4491,4491,4474,4491,1,0,0,,Click To Continue,Continue Button,2,object-47,Comprehension,پیشنهاد دهنده= ۴ ژتون  ؛ دریافت کننده= هیچ (۰) ژتون  ,پیشنهاد دهنده= ۴ ژتون ؛ دریافت کننده= ۶ ژتون 
10,1738115172564,29/01/2025 01:46,1738097172564,-5,28/01/2025 15:46,206283,3,task-i1kz,,42821524,BLINDED,12488188,,complete,,,mobile,Apple iPhone,iOS 18.1.1,Mobile Safari 18.1.1,393x852,393x649,,,0,Ultimatum Game Comprehension,4,consent,Spreadsheet1,,,,,,,info,END,,,57043,,,,,,,,,,,,,,
1,1738363184742,31/01/2025 22:39,1738334384742,-8,31/01/2025 06:39,206283,3,task-i1kz,,42932244,BLINDED,12513042,,complete,,,computer,Desktop or Laptop,Mac OS 10.15.7,Chrome 131.0.0.0,1728x1117,1019x934,,,0,Ultimatum Game Comprehension,4,consent,Spreadsheet1,,,,,,,info,BEGIN,,,,,,,,,,,,,,,,,
2,1738363201070,31/01/2025 22:40,1738334401070,-8,31/01/2025 06:40,206283,3,task-i1kz,,42932244,BLINDED,12513042,,complete,,,computer,Desktop or Laptop,Mac OS 10.15.7,Chrome 131.0.0.0,1728x1117,1019x934,,,0,Ultimatum Game Comprehension,4,consent,Spreadsheet1,Spreadsheet1,1,Comprehension,Questions,xmui3k,1,continue,,16338.8,16333.5,16338.8,16338.8,16333.5,16338.8,0,0,0,,Click To Continue,Continue Button,6,object-9,Comprehension,دهنده= ۱۰ ژتون ؛ گیرنده= هیچ (۰) ژتون,دهنده= ۴ ژتون؛ گیرنده= ۶ ژتون
3,1738363201073,31/01/2025 22:40,1738334401073,-8,31/01/2025 06:40,206283,3,task-i1kz,,42932244,BLINDED,12513042,,complete,,,computer,Desktop or Laptop,Mac OS 10.15.7,Chrome 131.0.0.0,1728x1117,1019x934,,,0,Ultimatum Game Comprehension,4,consent,Spreadsheet1,Spreadsheet1,1,Comprehension,Questions,xmui3k,1,response,پیشنهاد دهنده= هیچ (۰) ژتون  ؛ دریافت کننده= هیچ (۰) ژتون ,10932.899999999998,16333.5,16341.199999976157,10932.899999999998,16333.5,16341.199999976157,1,5408.29999997616,0,question1,Multiple choice,Multiple choice,3,object-3,Comprehension,پیشنهاد دهنده= هیچ (۰) ژتون  ؛ دریافت کننده= هیچ (۰) ژتون ,دهنده= ۴ ژتون؛ گیرنده= ۶ ژتون
4,1738363201073,31/01/2025 22:40,1738334401073,-8,31/01/2025 06:40,206283,3,task-i1kz,,42932244,BLINDED,12513042,,complete,,,computer,Desktop or Laptop,Mac OS 10.15.7,Chrome 131.0.0.0,1728x1117,1019x934,,,0,Ultimatum Game Comprehension,4,consent,Spreadsheet1,Spreadsheet1,1,Comprehension,Questions,xmui3k,1,response,پیشنهاد دهنده= ۴ ژتون ؛ دریافت کننده= ۶ ژتون ,15499.2,16333.5,16341.699999976157,15499.2,16333.5,16341.699999976157,1,842.4999999761567,0,question2,Multiple choice,Multiple choice,5,object-6,Comprehension,پیشنهاد دهنده= هیچ (۰) ژتون  ؛ دریافت کننده= هیچ (۰) ژتون ,پیشنهاد دهنده= ۴ ژتون ؛ دریافت کننده= ۶ ژتون 
5,1738363201100,31/01/2025 22:40,1738334401100,-8,31/01/2025 06:40,206283,3,task-i1kz,,42932244,BLINDED,12513042,,complete,,,computer,Desktop or Laptop,Mac OS 10.15.7,Chrome 131.0.0.0,1728x1117,1019x934,,,0,Ultimatum Game Comprehension,4,consent,Spreadsheet1,Spreadsheet1,1,Comprehension,Check,p5wdmy,2,timedOut,,34.6000000119202,33.29999999999927,34.6000000119202,34.6000000119202,33.29999999999927,34.6000000119202,1,0,0,,Time Limit,screen,0,screen,Comprehension,پیشنهاد دهنده= هیچ (۰) ژتون  ؛ دریافت کننده= هیچ (۰) ژتون ,پیشنهاد دهنده= ۴ ژتون ؛ دریافت کننده= ۶ ژتون 
6,1738363201132,31/01/2025 22:40,1738334401132,-8,31/01/2025 06:40,206283,3,task-i1kz,,42932244,BLINDED,12513042,,complete,,,computer,Desktop or Laptop,Mac OS 10.15.7,Chrome 131.0.0.0,1728x1117,1019x934,,,0,Ultimatum Game Comprehension,4,consent,Spreadsheet1,Spreadsheet1,1,Comprehension,Check2,s8qmgf,3,timedOut,,33.89999997615814,33.29999999999927,33.89999997615814,33.89999997615814,33.29999999999927,33.89999997615814,1,0,0,,Time Limit,screen,0,screen,Comprehension,پیشنهاد دهنده= هیچ (۰) ژتون  ؛ دریافت کننده= هیچ (۰) ژتون ,پیشنهاد دهنده= ۴ ژتون ؛ دریافت کننده= ۶ ژتون 
7,1738363202554,31/01/2025 22:40,1738334402554,-8,31/01/2025 06:40,206283,3,task-i1kz,,42932244,BLINDED,12513042,,complete,,,computer,Desktop or Laptop,Mac OS 10.15.7,Chrome 131.0.0.0,1728x1117,1019x934,,,0,Ultimatum Game Comprehension,4,consent,Spreadsheet1,Spreadsheet1,1,Comprehension,"Right, Continue",efr3j9,4,continue,,1422.299999964238,1399.1000000000022,1422.299999964238,1422.299999964238,1399.1000000000022,1422.299999964238,1,0,0,,Click To Continue,Continue Button,2,object-49,Comprehension,پیشنهاد دهنده= هیچ (۰) ژتون  ؛ دریافت کننده= هیچ (۰) ژتون ,پیشنهاد دهنده= ۴ ژتون ؛ دریافت کننده= ۶ ژتون 
8,1738363202555,31/01/2025 22:40,1738334402555,-8,31/01/2025 06:40,206283,3,task-i1kz,,42932244,BLINDED,12513042,,complete,,,computer,Desktop or Laptop,Mac OS 10.15.7,Chrome 131.0.0.0,1728x1117,1019x934,,,0,Ultimatum Game Comprehension,4,consent,Spreadsheet1,,,,,,,info,END,,,17789,,,,,,,,,,,,,,
1,1738325976504,31/01/2025 12:19,1738336776504,3.5,31/01/2025 18:19,206283,3,task-i1kz,,42932485,BLINDED,12513067,,complete,,,computer,Desktop or Laptop,Windows 10,Edge 132.0.0.0,1440x900,1432x774,,,0,Ultimatum Game Comprehension,4,consent,Spreadsheet1,,,,,,,info,BEGIN,,,,,,,,,,,,,,,,,
2,1738325998767,31/01/2025 12:19,1738336798767,3.5,31/01/2025 18:19,206283,3,task-i1kz,,42932485,BLINDED,12513067,,complete,,,computer,Desktop or Laptop,Windows 10,Edge 132.0.0.0,1440x900,1432x774,,,0,Ultimatum Game Comprehension,4,consent,Spreadsheet1,Spreadsheet1,1,Comprehension,Questions,xmui3k,1,continue,,22271.299999999253,22267.300000000003,22271.299999999253,22271.299999999253,22267.300000000003,22271.299999999253,0,0,0,,Click To Continue,Continue Button,6,object-9,Comprehension,دهنده= ۱۰ ژتون ؛ گیرنده= هیچ (۰) ژتون,دهنده= ۴ ژتون؛ گیرنده= ۶ ژتون
3,1738325998769,31/01/2025 12:19,1738336798769,3.5,31/01/2025 18:19,206283,3,task-i1kz,,42932485,BLINDED,12513067,,complete,,,computer,Desktop or Laptop,Windows 10,Edge 132.0.0.0,1440x900,1432x774,,,0,Ultimatum Game Comprehension,4,consent,Spreadsheet1,Spreadsheet1,1,Comprehension,Questions,xmui3k,1,response,پیشنهاد دهنده= هیچ (۰) ژتون  ؛ دریافت کننده= هیچ (۰) ژتون ,14692.1,22267.300000000003,22272.699999999626,14692.1,22267.300000000003,22272.699999999626,1,7580.599999999626,0,question1,Multiple choice,Multiple choice,3,object-3,Comprehension,پیشنهاد دهنده= هیچ (۰) ژتون  ؛ دریافت کننده= هیچ (۰) ژتون ,دهنده= ۴ ژتون؛ گیرنده= ۶ ژتون
4,1738325998769,31/01/2025 12:19,1738336798769,3.5,31/01/2025 18:19,206283,3,task-i1kz,,42932485,BLINDED,12513067,,complete,,,computer,Desktop or Laptop,Windows 10,Edge 132.0.0.0,1440x900,1432x774,,,0,Ultimatum Game Comprehension,4,consent,Spreadsheet1,Spreadsheet1,1,Comprehension,Questions,xmui3k,1,response,پیشنهاد دهنده= ۴ ژتون ؛ دریافت کننده= ۶ ژتون ,21593.699999999997,22267.300000000003,22273.00000000037,21593.699999999997,22267.300000000003,22273.00000000037,1,679.300000000374,0,question2,Multiple choice,Multiple choice,5,object-6,Comprehension,پیشنهاد دهنده= هیچ (۰) ژتون  ؛ دریافت کننده= هیچ (۰) ژتون ,پیشنهاد دهنده= ۴ ژتون ؛ دریافت کننده= ۶ ژتون 
5,1738325998770,31/01/2025 12:19,1738336798770,3.5,31/01/2025 18:19,206283,3,task-i1kz,,42932485,BLINDED,12513067,,complete,,,computer,Desktop or Laptop,Windows 10,Edge 132.0.0.0,1440x900,1432x774,,,0,Ultimatum Game Comprehension,4,consent,Spreadsheet1,Spreadsheet1,1,Comprehension,Check,p5wdmy,2,timedOut,,7.200000000371801,6.799999999999272,7.200000000371801,7.200000000371801,6.799999999999272,7.200000000371801,1,0,0,,Time Limit,screen,0,screen,Comprehension,پیشنهاد دهنده= هیچ (۰) ژتون  ؛ دریافت کننده= هیچ (۰) ژتون ,پیشنهاد دهنده= ۴ ژتون ؛ دریافت کننده= ۶ ژتون 
6,1738325998777,31/01/2025 12:19,1738336798777,3.5,31/01/2025 18:19,206283,3,task-i1kz,,42932485,BLINDED,12513067,,complete,,,computer,Desktop or Laptop,Windows 10,Edge 132.0.0.0,1440x900,1432x774,,,0,Ultimatum Game Comprehension,4,consent,Spreadsheet1,Spreadsheet1,1,Comprehension,Check2,s8qmgf,3,timedOut,,7.299999998882413,7,7.299999998882413,7.299999998882413,7,7.299999998882413,1,0,0,,Time Limit,screen,0,screen,Comprehension,پیشنهاد دهنده= هیچ (۰) ژتون  ؛ دریافت کننده= هیچ (۰) ژتون ,پیشنهاد دهنده= ۴ ژتون ؛ دریافت کننده= ۶ ژتون 
7,1738326000496,31/01/2025 12:20,1738336800496,3.5,31/01/2025 18:20,206283,3,task-i1kz,,42932485,BLINDED,12513067,,complete,,,computer,Desktop or Laptop,Windows 10,Edge 132.0.0.0,1440x900,1432x774,,,0,Ultimatum Game Comprehension,4,consent,Spreadsheet1,Spreadsheet1,1,Comprehension,"Right, Continue",efr3j9,4,continue,,1719.5999999996275,1715.0999999999985,1719.5999999996275,1719.5999999996275,1715.0999999999985,1719.5999999996275,1,0,0,,Click To Continue,Continue Button,2,object-49,Comprehension,پیشنهاد دهنده= هیچ (۰) ژتون  ؛ دریافت کننده= هیچ (۰) ژتون ,پیشنهاد دهنده= ۴ ژتون ؛ دریافت کننده= ۶ ژتون 
8,1738326000497,31/01/2025 12:20,1738336800497,3.5,31/01/2025 18:20,206283,3,task-i1kz,,42932485,BLINDED,12513067,,complete,,,computer,Desktop or Laptop,Windows 10,Edge 132.0.0.0,1440x900,1432x774,,,0,Ultimatum Game Comprehension,4,consent,Spreadsheet1,,,,,,,info,END,,,23972,,,,,,,,,,,,,,
1,1738340612835,31/01/2025 16:23,1738340612835,0,31/01/2025 16:23,206283,3,task-i1kz,,42941867,BLINDED,12516010,,complete,,,computer,Desktop or Laptop,Windows 10,Chrome 132.0.0.0,1920x1080,1920x953,,,0,Ultimatum Game Comprehension,4,consent,Spreadsheet1,,,,,,,info,BEGIN,,,,,,,,,,,,,,,,,
2,1738340632372,31/01/2025 16:23,1738340632372,0,31/01/2025 16:23,206283,3,task-i1kz,,42941867,BLINDED,12516010,,complete,,,computer,Desktop or Laptop,Windows 10,Chrome 132.0.0.0,1920x1080,1920x953,,,0,Ultimatum Game Comprehension,4,consent,Spreadsheet1,Spreadsheet1,1,Comprehension,Questions,xmui3k,1,continue,,19546.47200000596,19530.972,19546.47200000596,19546.47200000596,19530.972,19546.47200000596,0,0,0,,Click To Continue,Continue Button,6,object-9,Comprehension,دهنده= ۱۰ ژتون ؛ گیرنده= هیچ (۰) ژتون,دهنده= ۴ ژتون؛ گیرنده= ۶ ژتون
3,1738340632375,31/01/2025 16:23,1738340632375,0,31/01/2025 16:23,206283,3,task-i1kz,,42941867,BLINDED,12516010,,complete,,,computer,Desktop or Laptop,Windows 10,Chrome 132.0.0.0,1920x1080,1920x953,,,0,Ultimatum Game Comprehension,4,consent,Spreadsheet1,Spreadsheet1,1,Comprehension,Questions,xmui3k,1,response,پیشنهاد دهنده= هیچ (۰) ژتون  ؛ دریافت کننده= هیچ (۰) ژتون ,11884.672,19530.972,19547.672000000002,11884.672,19530.972,19547.672000000002,1,7663.000000000002,0,question1,Multiple choice,Multiple choice,3,object-3,Comprehension,پیشنهاد دهنده= هیچ (۰) ژتون  ؛ دریافت کننده= هیچ (۰) ژتون ,دهنده= ۴ ژتون؛ گیرنده= ۶ ژتون
4,1738340632376,31/01/2025 16:23,1738340632376,0,31/01/2025 16:23,206283,3,task-i1kz,,42941867,BLINDED,12516010,,complete,,,computer,Desktop or Laptop,Windows 10,Chrome 132.0.0.0,1920x1080,1920x953,,,0,Ultimatum Game Comprehension,4,consent,Spreadsheet1,Spreadsheet1,1,Comprehension,Questions,xmui3k,1,response,پیشنهاد دهنده= ۴ ژتون ؛ دریافت کننده= ۶ ژتون ,18882.972,19530.972,19547.672000000002,18882.972,19530.972,19547.672000000002,1,664.7000000000007,0,question2,Multiple choice,Multiple choice,5,object-6,Comprehension,پیشنهاد دهنده= هیچ (۰) ژتون  ؛ دریافت کننده= هیچ (۰) ژتون ,پیشنهاد دهنده= ۴ ژتون ؛ دریافت کننده= ۶ ژتون 
5,1738340632378,31/01/2025 16:23,1738340632378,0,31/01/2025 16:23,206283,3,task-i1kz,,42941867,BLINDED,12516010,,complete,,,computer,Desktop or Laptop,Windows 10,Chrome 132.0.0.0,1920x1080,1920x953,,,0,Ultimatum Game Comprehension,4,consent,Spreadsheet1,Spreadsheet1,1,Comprehension,Check,p5wdmy,2,timedOut,,22.20000000893924,16.599999999998545,22.20000000893924,22.20000000893924,16.599999999998545,22.20000000893924,1,0,0,,Time Limit,screen,0,screen,Comprehension,پیشنهاد دهنده= هیچ (۰) ژتون  ؛ دریافت کننده= هیچ (۰) ژتون ,پیشنهاد دهنده= ۴ ژتون ؛ دریافت کننده= ۶ ژتون 
6,1738340632389,31/01/2025 16:23,1738340632389,0,31/01/2025 16:23,206283,3,task-i1kz,,42941867,BLINDED,12516010,,complete,,,computer,Desktop or Laptop,Windows 10,Chrome 132.0.0.0,1920x1080,1920x953,,,0,Ultimatum Game Comprehension,4,consent,Spreadsheet1,Spreadsheet1,1,Comprehension,Check2,s8qmgf,3,timedOut,,17,16.599999999998545,17,17,16.599999999998545,17,1,0,0,,Time Limit,screen,0,screen,Comprehension,پیشنهاد دهنده= هیچ (۰) ژتون  ؛ دریافت کننده= هیچ (۰) ژتون ,پیشنهاد دهنده= ۴ ژتون ؛ دریافت کننده= ۶ ژتون 
7,1738340633713,31/01/2025 16:23,1738340633713,0,31/01/2025 16:23,206283,3,task-i1kz,,42941867,BLINDED,12516010,,complete,,,computer,Desktop or Laptop,Windows 10,Chrome 132.0.0.0,1920x1080,1920x953,,,0,Ultimatum Game Comprehension,4,consent,Spreadsheet1,Spreadsheet1,1,Comprehension,"Right, Continue",efr3j9,4,continue,,1324.9000000000015,1313.2000000000007,1324.9000000000015,1324.9000000000015,1313.2000000000007,1324.9000000000015,1,0,0,,Click To Continue,Continue Button,2,object-49,Comprehension,پیشنهاد دهنده= هیچ (۰) ژتون  ؛ دریافت کننده= هیچ (۰) ژتون ,پیشنهاد دهنده= ۴ ژتون ؛ دریافت کننده= ۶ ژتون 
8,1738340633714,31/01/2025 16:23,1738340633714,0,31/01/2025 16:23,206283,3,task-i1kz,,42941867,BLINDED,12516010,,complete,,,computer,Desktop or Laptop,Windows 10,Chrome 132.0.0.0,1920x1080,1920x953,,,0,Ultimatum Game Comprehension,4,consent,Spreadsheet1,,,,,,,info,END,,,20858,,,,,,,,,,,,,,
1,1738382183589,01/02/2025 03:56,1738392983589,3.5,01/02/2025 09:56,206283,3,task-i1kz,,42954841,BLINDED,12519134,,complete,,,computer,Desktop or Laptop,Windows 10,Chrome 132.0.0.0,1549x872,1550x703,,,0,Ultimatum Game Comprehension,4,consent,Spreadsheet1,,,,,,,info,BEGIN,,,,,,,,,,,,,,,,,
2,1738382212324,01/02/2025 03:56,1738393012324,3.5,01/02/2025 09:56,206283,3,task-i1kz,,42954841,BLINDED,12519134,,complete,,,computer,Desktop or Laptop,Windows 10,Chrome 132.0.0.0,1549x872,1550x703,,,0,Ultimatum Game Comprehension,4,consent,Spreadsheet1,Spreadsheet1,1,Comprehension,Questions,xmui3k,1,continue,,28740.432,28731.932,28740.432,28740.432,28731.932,28740.432,0,0,0,,Click To Continue,Continue Button,6,object-9,Comprehension,دهنده= ۱۰ ژتون ؛ گیرنده= هیچ (۰) ژتون,دهنده= ۴ ژتون؛ گیرنده= ۶ ژتون
3,1738382212328,01/02/2025 03:56,1738393012328,3.5,01/02/2025 09:56,206283,3,task-i1kz,,42954841,BLINDED,12519134,,complete,,,computer,Desktop or Laptop,Windows 10,Chrome 132.0.0.0,1549x872,1550x703,,,0,Ultimatum Game Comprehension,4,consent,Spreadsheet1,Spreadsheet1,1,Comprehension,Questions,xmui3k,1,response,پیشنهاد دهنده= هیچ (۰) ژتون  ؛ دریافت کننده= هیچ (۰) ژتون ,12998.932,28731.932,28744.432,12998.932,28731.932,28744.432,1,15745.5,0,question1,Multiple choice,Multiple choice,3,object-3,Comprehension,پیشنهاد دهنده= هیچ (۰) ژتون  ؛ دریافت کننده= هیچ (۰) ژتون ,دهنده= ۴ ژتون؛ گیرنده= ۶ ژتون
4,1738382212329,01/02/2025 03:56,1738393012329,3.5,01/02/2025 09:56,206283,3,task-i1kz,,42954841,BLINDED,12519134,,complete,,,computer,Desktop or Laptop,Windows 10,Chrome 132.0.0.0,1549x872,1550x703,,,0,Ultimatum Game Comprehension,4,consent,Spreadsheet1,Spreadsheet1,1,Comprehension,Questions,xmui3k,1,response,پیشنهاد دهنده= ۴ ژتون ؛ دریافت کننده= ۶ ژتون ,27848.631999999998,28731.932,28745.532000023843,27848.631999999998,28731.932,28745.532000023843,1,896.9000000238448,0,question2,Multiple choice,Multiple choice,5,object-6,Comprehension,پیشنهاد دهنده= هیچ (۰) ژتون  ؛ دریافت کننده= هیچ (۰) ژتون ,پیشنهاد دهنده= ۴ ژتون ؛ دریافت کننده= ۶ ژتون 
5,1738382212333,01/02/2025 03:56,1738393012333,3.5,01/02/2025 09:56,206283,3,task-i1kz,,42954841,BLINDED,12519134,,complete,,,computer,Desktop or Laptop,Windows 10,Chrome 132.0.0.0,1549x872,1550x703,,,0,Ultimatum Game Comprehension,4,consent,Spreadsheet1,Spreadsheet1,1,Comprehension,Check,p5wdmy,2,timedOut,,17.700000017881393,16.5,17.700000017881393,17.700000017881393,16.5,17.700000017881393,1,0,0,,Time Limit,screen,0,screen,Comprehension,پیشنهاد دهنده= هیچ (۰) ژتون  ؛ دریافت کننده= هیچ (۰) ژتون ,پیشنهاد دهنده= ۴ ژتون ؛ دریافت کننده= ۶ ژتون 
6,1738382212350,01/02/2025 03:56,1738393012350,3.5,01/02/2025 09:56,206283,3,task-i1kz,,42954841,BLINDED,12519134,,complete,,,computer,Desktop or Laptop,Windows 10,Chrome 132.0.0.0,1549x872,1550x703,,,0,Ultimatum Game Comprehension,4,consent,Spreadsheet1,Spreadsheet1,1,Comprehension,Check2,s8qmgf,3,timedOut,,18.200000017881393,16.900000000001455,18.200000017881393,18.200000017881393,16.900000000001455,18.200000017881393,1,0,0,,Time Limit,screen,0,screen,Comprehension,پیشنهاد دهنده= هیچ (۰) ژتون  ؛ دریافت کننده= هیچ (۰) ژتون ,پیشنهاد دهنده= ۴ ژتون ؛ دریافت کننده= ۶ ژتون 
7,1738382214201,01/02/2025 03:56,1738393014201,3.5,01/02/2025 09:56,206283,3,task-i1kz,,42954841,BLINDED,12519134,,complete,,,computer,Desktop or Laptop,Windows 10,Chrome 132.0.0.0,1549x872,1550x703,,,0,Ultimatum Game Comprehension,4,consent,Spreadsheet1,Spreadsheet1,1,Comprehension,"Right, Continue",efr3j9,4,continue,,1853.000000005959,1849.7999999999956,1853.000000005959,1853.000000005959,1849.7999999999956,1853.000000005959,1,0,0,,Click To Continue,Continue Button,2,object-49,Comprehension,پیشنهاد دهنده= هیچ (۰) ژتون  ؛ دریافت کننده= هیچ (۰) ژتون ,پیشنهاد دهنده= ۴ ژتون ؛ دریافت کننده= ۶ ژتون 
8,1738382214203,01/02/2025 03:56,1738393014203,3.5,01/02/2025 09:56,206283,3,task-i1kz,,42954841,BLINDED,12519134,,complete,,,computer,Desktop or Laptop,Windows 10,Chrome 132.0.0.0,1549x872,1550x703,,,0,Ultimatum Game Comprehension,4,consent,Spreadsheet1,,,,,,,info,END,,,30582,,,,,,,,,,,,,,
1,1738326826799,31/01/2025 12:33,1738337626799,3.5,31/01/2025 18:33,206283,3,task-i1kz,,42933000,BLINDED,12513262,,complete,,,mobile,undefined K,Android 10,Chrome 131.0.6778.260,360x780,360x662,,,0,Ultimatum Game Comprehension,4,consent,Spreadsheet1,,,,,,,info,BEGIN,,,,,,,,,,,,,,,,,
2,1738326856248,31/01/2025 12:34,1738337656248,3.5,31/01/2025 18:34,206283,3,task-i1kz,,42933000,BLINDED,12513262,,complete,,,mobile,undefined K,Android 10,Chrome 131.0.6778.260,360x780,360x662,,,0,Ultimatum Game Comprehension,4,consent,Spreadsheet1,Spreadsheet1,1,Comprehension,Questions,xmui3k,1,continue,,29478.90000000596,29470.300000000003,29478.90000000596,29478.90000000596,29470.300000000003,29478.90000000596,0,0,0,,Click To Continue,Continue Button,6,object-9,Comprehension,دهنده= ۱۰ ژتون ؛ گیرنده= هیچ (۰) ژتون,دهنده= ۴ ژتون؛ گیرنده= ۶ ژتون
3,1738326856258,31/01/2025 12:34,1738337656258,3.5,31/01/2025 18:34,206283,3,task-i1kz,,42933000,BLINDED,12513262,,complete,,,mobile,undefined K,Android 10,Chrome 131.0.6778.260,360x780,360x662,,,0,Ultimatum Game Comprehension,4,consent,Spreadsheet1,Spreadsheet1,1,Comprehension,Questions,xmui3k,1,response,پیشنهاد دهنده= هیچ (۰) ژتون  ؛ دریافت کننده= هیچ (۰) ژتون ,20693.9,29470.300000000003,29487.000000000007,20693.9,29470.300000000003,29487.000000000007,1,8793.100000000006,0,question1,Multiple choice,Multiple choice,3,object-3,Comprehension,پیشنهاد دهنده= هیچ (۰) ژتون  ؛ دریافت کننده= هیچ (۰) ژتون ,دهنده= ۴ ژتون؛ گیرنده= ۶ ژتون
4,1738326856263,31/01/2025 12:34,1738337656263,3.5,31/01/2025 18:34,206283,3,task-i1kz,,42933000,BLINDED,12513262,,complete,,,mobile,undefined K,Android 10,Chrome 131.0.6778.260,360x780,360x662,,,0,Ultimatum Game Comprehension,4,consent,Spreadsheet1,Spreadsheet1,1,Comprehension,Questions,xmui3k,1,response,پیشنهاد دهنده= ۴ ژتون ؛ دریافت کننده= ۶ ژتون ,29038.1,29470.300000000003,29487.000000000007,29038.1,29470.300000000003,29487.000000000007,1,448.90000000000873,0,question2,Multiple choice,Multiple choice,5,object-6,Comprehension,پیشنهاد دهنده= هیچ (۰) ژتون  ؛ دریافت کننده= هیچ (۰) ژتون ,پیشنهاد دهنده= ۴ ژتون ؛ دریافت کننده= ۶ ژتون 
5,1738326856288,31/01/2025 12:34,1738337656288,3.5,31/01/2025 18:34,206283,3,task-i1kz,,42933000,BLINDED,12513262,,complete,,,mobile,undefined K,Android 10,Chrome 131.0.6778.260,360x780,360x662,,,0,Ultimatum Game Comprehension,4,consent,Spreadsheet1,Spreadsheet1,1,Comprehension,Check,p5wdmy,2,timedOut,,33.19999999999709,16.599999999998545,33.19999999999709,33.19999999999709,16.599999999998545,33.19999999999709,1,0,0,,Time Limit,screen,0,screen,Comprehension,پیشنهاد دهنده= هیچ (۰) ژتون  ؛ دریافت کننده= هیچ (۰) ژتون ,پیشنهاد دهنده= ۴ ژتون ؛ دریافت کننده= ۶ ژتون 
6,1738326856305,31/01/2025 12:34,1738337656305,3.5,31/01/2025 18:34,206283,3,task-i1kz,,42933000,BLINDED,12513262,,complete,,,mobile,undefined K,Android 10,Chrome 131.0.6778.260,360x780,360x662,,,0,Ultimatum Game Comprehension,4,consent,Spreadsheet1,Spreadsheet1,1,Comprehension,Check2,s8qmgf,3,timedOut,,50.50000000595901,33.299999999995634,50.50000000595901,50.50000000595901,33.299999999995634,50.50000000595901,1,0,0,,Time Limit,screen,0,screen,Comprehension,پیشنهاد دهنده= هیچ (۰) ژتون  ؛ دریافت کننده= هیچ (۰) ژتون ,پیشنهاد دهنده= ۴ ژتون ؛ دریافت کننده= ۶ ژتون 
7,1738326857874,31/01/2025 12:34,1738337657874,3.5,31/01/2025 18:34,206283,3,task-i1kz,,42933000,BLINDED,12513262,,complete,,,mobile,undefined K,Android 10,Chrome 131.0.6778.260,360x780,360x662,,,0,Ultimatum Game Comprehension,4,consent,Spreadsheet1,Spreadsheet1,1,Comprehension,"Right, Continue",efr3j9,4,continue,,1579.199999999997,1562.5,1579.199999999997,1579.199999999997,1562.5,1579.199999999997,1,0,0,,Click To Continue,Continue Button,2,object-49,Comprehension,پیشنهاد دهنده= هیچ (۰) ژتون  ؛ دریافت کننده= هیچ (۰) ژتون ,پیشنهاد دهنده= ۴ ژتون ؛ دریافت کننده= ۶ ژتون 
8,1738326857887,31/01/2025 12:34,1738337657887,3.5,31/01/2025 18:34,206283,3,task-i1kz,,42933000,BLINDED,12513262,,complete,,,mobile,undefined K,Android 10,Chrome 131.0.6778.260,360x780,360x662,,,0,Ultimatum Game Comprehension,4,consent,Spreadsheet1,,,,,,,info,END,,,30935,,,,,,,,,,,,,,
1,1738246708537,30/01/2025 14:18,1738250308537,1,30/01/2025 16:18,206283,3,task-i1kz,,42897854,BLINDED,12504604,,live,,,computer,Desktop or Laptop,Windows 10,Chrome 131.0.0.0,1366x768,1366x617,,,0,Ultimatum Game Comprehension,4,consent,Spreadsheet1,,,,,,,info,BEGIN,,,,,,,,,,,,,,,,,
2,1738246732124,30/01/2025 14:18,1738250332124,1,30/01/2025 16:18,206283,3,task-i1kz,,42897854,BLINDED,12504604,,live,,,computer,Desktop or Laptop,Windows 10,Chrome 131.0.0.0,1366x768,1366x617,,,0,Ultimatum Game Comprehension,4,consent,Spreadsheet1,Spreadsheet1,1,Comprehension,Questions,xmui3k,1,continue,,25753,25739.3,25753,25753,25739.3,25753,0,0,0,,Click To Continue,Continue Button,6,object-9,Comprehension,دهنده= ۱۰ ژتون ؛ گیرنده= هیچ (۰) ژتون,دهنده= ۴ ژتون؛ گیرنده= ۶ ژتون
3,1738246732126,30/01/2025 14:18,1738250332126,1,30/01/2025 16:18,206283,3,task-i1kz,,42897854,BLINDED,12504604,,live,,,computer,Desktop or Laptop,Windows 10,Chrome 131.0.0.0,1366x768,1366x617,,,0,Ultimatum Game Comprehension,4,consent,Spreadsheet1,Spreadsheet1,1,Comprehension,Questions,xmui3k,1,response,پیشنهاد دهنده= هیچ (۰) ژتون  ؛ دریافت کننده= هیچ (۰) ژتون ,10675.1,25739.3,25755.299999952316,10675.1,25739.3,25755.299999952316,1,15080.199999952316,0,question1,Multiple choice,Multiple choice,3,object-3,Comprehension,پیشنهاد دهنده= هیچ (۰) ژتون  ؛ دریافت کننده= هیچ (۰) ژتون ,دهنده= ۴ ژتون؛ گیرنده= ۶ ژتون
4,1738246732127,30/01/2025 14:18,1738250332127,1,30/01/2025 16:18,206283,3,task-i1kz,,42897854,BLINDED,12504604,,live,,,computer,Desktop or Laptop,Windows 10,Chrome 131.0.0.0,1366x768,1366x617,,,0,Ultimatum Game Comprehension,4,consent,Spreadsheet1,Spreadsheet1,1,Comprehension,Questions,xmui3k,1,response,پیشنهاد دهنده= ۴ ژتون ؛ دریافت کننده= ۶ ژتون ,15190.7,25739.3,25756,15190.7,25739.3,25756,1,10565.3,0,question2,Multiple choice,Multiple choice,5,object-6,Comprehension,پیشنهاد دهنده= هیچ (۰) ژتون  ؛ دریافت کننده= هیچ (۰) ژتون ,پیشنهاد دهنده= ۴ ژتون ؛ دریافت کننده= ۶ ژتون 
5,1738246732132,30/01/2025 14:18,1738250332132,1,30/01/2025 16:18,206283,3,task-i1kz,,42897854,BLINDED,12504604,,live,,,computer,Desktop or Laptop,Windows 10,Chrome 131.0.0.0,1366x768,1366x617,,,0,Ultimatum Game Comprehension,4,consent,Spreadsheet1,Spreadsheet1,1,Comprehension,Check,p5wdmy,2,timedOut,,22.10000009536816,16.600000000002183,22.10000009536816,22.10000009536816,16.600000000002183,22.10000009536816,1,0,0,,Time Limit,screen,0,screen,Comprehension,پیشنهاد دهنده= هیچ (۰) ژتون  ؛ دریافت کننده= هیچ (۰) ژتون ,پیشنهاد دهنده= ۴ ژتون ؛ دریافت کننده= ۶ ژتون 
6,1738246732144,30/01/2025 14:18,1738250332144,1,30/01/2025 16:18,206283,3,task-i1kz,,42897854,BLINDED,12504604,,live,,,computer,Desktop or Laptop,Windows 10,Chrome 131.0.0.0,1366x768,1366x617,,,0,Ultimatum Game Comprehension,4,consent,Spreadsheet1,Spreadsheet1,1,Comprehension,Check2,s8qmgf,3,timedOut,,17.599999999998545,16.69999999999709,17.599999999998545,17.599999999998545,16.69999999999709,17.599999999998545,1,0,0,,Time Limit,screen,0,screen,Comprehension,پیشنهاد دهنده= هیچ (۰) ژتون  ؛ دریافت کننده= هیچ (۰) ژتون ,پیشنهاد دهنده= ۴ ژتون ؛ دریافت کننده= ۶ ژتون 
7,1738246734677,30/01/2025 14:18,1738250334677,1,30/01/2025 16:18,206283,3,task-i1kz,,42897854,BLINDED,12504604,,live,,,computer,Desktop or Laptop,Windows 10,Chrome 131.0.0.0,1366x768,1366x617,,,0,Ultimatum Game Comprehension,4,consent,Spreadsheet1,Spreadsheet1,1,Comprehension,"Right, Continue",efr3j9,4,continue,,2533,2516.4000000000015,2533,2533,2516.4000000000015,2533,1,0,0,,Click To Continue,Continue Button,2,object-49,Comprehension,پیشنهاد دهنده= هیچ (۰) ژتون  ؛ دریافت کننده= هیچ (۰) ژتون ,پیشنهاد دهنده= ۴ ژتون ؛ دریافت کننده= ۶ ژتون 
8,1738246734679,30/01/2025 14:18,1738250334679,1,30/01/2025 16:18,206283,3,task-i1kz,,42897854,BLINDED,12504604,,live,,,computer,Desktop or Laptop,Windows 10,Chrome 131.0.0.0,1366x768,1366x617,,,0,Ultimatum Game Comprehension,4,consent,Spreadsheet1,,,,,,,info,END,,,26072,,,,,,,,,,,,,,
1,1738133128259,29/01/2025 06:45,1738115128259,-5,28/01/2025 20:45,206283,3,task-i1kz,,42822836,BLINDED,12488554,,complete,,,mobile,undefined K,Android 14,Chrome 131.0.6778.262,412x892,412x757,,,0,Ultimatum Game Comprehension,4,consent,Spreadsheet1,,,,,,,info,BEGIN,,,,,,,,,,,,,,,,,
2,1738133158005,29/01/2025 06:45,1738115158005,-5,28/01/2025 20:45,206283,3,task-i1kz,,42822836,BLINDED,12488554,,complete,,,mobile,undefined K,Android 14,Chrome 131.0.6778.262,412x892,412x757,,,0,Ultimatum Game Comprehension,4,consent,Spreadsheet1,Spreadsheet1,1,Comprehension,Questions,xmui3k,1,continue,,31902.799999952316,31888,31902.799999952316,31902.799999952316,31888,31902.799999952316,0,0,0,,Click To Continue,Continue Button,6,object-9,Comprehension,دهنده= ۱۰ ژتون ؛ گیرنده= هیچ (۰) ژتون,دهنده= ۴ ژتون؛ گیرنده= ۶ ژتون
3,1738133158011,29/01/2025 06:45,1738115158011,-5,28/01/2025 20:45,206283,3,task-i1kz,,42822836,BLINDED,12488554,,complete,,,mobile,undefined K,Android 14,Chrome 131.0.6778.262,412x892,412x757,,,0,Ultimatum Game Comprehension,4,consent,Spreadsheet1,Spreadsheet1,1,Comprehension,Questions,xmui3k,1,response,پیشنهاد دهنده= هیچ (۰) ژتون  ؛ دریافت کننده= هیچ (۰) ژتون ,23531,31888,31904.6,23531,31888,31904.6,1,8373.599999999999,0,question1,Multiple choice,Multiple choice,3,object-3,Comprehension,پیشنهاد دهنده= هیچ (۰) ژتون  ؛ دریافت کننده= هیچ (۰) ژتون ,دهنده= ۴ ژتون؛ گیرنده= ۶ ژتون
4,1738133158012,29/01/2025 06:45,1738115158012,-5,28/01/2025 20:45,206283,3,task-i1kz,,42822836,BLINDED,12488554,,complete,,,mobile,undefined K,Android 14,Chrome 131.0.6778.262,412x892,412x757,,,0,Ultimatum Game Comprehension,4,consent,Spreadsheet1,Spreadsheet1,1,Comprehension,Questions,xmui3k,1,response,پیشنهاد دهنده= ۴ ژتون ؛ دریافت کننده= ۶ ژتون ,30280.8,31888,31904.6,30280.8,31888,31904.6,1,1623.7999999999993,0,question2,Multiple choice,Multiple choice,5,object-6,Comprehension,پیشنهاد دهنده= هیچ (۰) ژتون  ؛ دریافت کننده= هیچ (۰) ژتون ,پیشنهاد دهنده= ۴ ژتون ؛ دریافت کننده= ۶ ژتون 
5,1738133158026,29/01/2025 06:45,1738115158026,-5,28/01/2025 20:45,206283,3,task-i1kz,,42822836,BLINDED,12488554,,complete,,,mobile,undefined K,Android 14,Chrome 131.0.6778.262,412x892,412x757,,,0,Ultimatum Game Comprehension,4,consent,Spreadsheet1,Spreadsheet1,1,Comprehension,Check,p5wdmy,2,timedOut,,36.60000002384186,34.5,36.60000002384186,36.60000002384186,34.5,36.60000002384186,1,0,0,,Time Limit,screen,0,screen,Comprehension,پیشنهاد دهنده= هیچ (۰) ژتون  ؛ دریافت کننده= هیچ (۰) ژتون ,پیشنهاد دهنده= ۴ ژتون ؛ دریافت کننده= ۶ ژتون 
6,1738133158033,29/01/2025 06:45,1738115158033,-5,28/01/2025 20:45,206283,3,task-i1kz,,42822836,BLINDED,12488554,,complete,,,mobile,undefined K,Android 14,Chrome 131.0.6778.262,412x892,412x757,,,0,Ultimatum Game Comprehension,4,consent,Spreadsheet1,Spreadsheet1,1,Comprehension,Check2,s8qmgf,3,timedOut,,9.100000023841858,7.900000000001455,9.100000023841858,9.100000023841858,7.900000000001455,9.100000023841858,1,0,0,,Time Limit,screen,0,screen,Comprehension,پیشنهاد دهنده= هیچ (۰) ژتون  ؛ دریافت کننده= هیچ (۰) ژتون ,پیشنهاد دهنده= ۴ ژتون ؛ دریافت کننده= ۶ ژتون 
7,1738133159250,29/01/2025 06:45,1738115159250,-5,28/01/2025 20:45,206283,3,task-i1kz,,42822836,BLINDED,12488554,,complete,,,mobile,undefined K,Android 14,Chrome 131.0.6778.262,412x892,412x757,,,0,Ultimatum Game Comprehension,4,consent,Spreadsheet1,Spreadsheet1,1,Comprehension,"Right, Continue",efr3j9,4,continue,,1218.3999999523148,1209.0999999999985,1218.3999999523148,1218.3999999523148,1209.0999999999985,1218.3999999523148,1,0,0,,Click To Continue,Continue Button,2,object-49,Comprehension,پیشنهاد دهنده= هیچ (۰) ژتون  ؛ دریافت کننده= هیچ (۰) ژتون ,پیشنهاد دهنده= ۴ ژتون ؛ دریافت کننده= ۶ ژتون 
8,1738133159253,29/01/2025 06:45,1738115159253,-5,28/01/2025 20:45,206283,3,task-i1kz,,42822836,BLINDED,12488554,,complete,,,mobile,undefined K,Android 14,Chrome 131.0.6778.262,412x892,412x757,,,0,Ultimatum Game Comprehension,4,consent,Spreadsheet1,,,,,,,info,END,,,30942,,,,,,,,,,,,,,
1,1741803447074,12/03/2025 18:17,1741778247074,-7,12/03/2025 04:17,206283,4,task-i1kz,,44345725,BLINDED,12923740,,complete,,,computer,Desktop or Laptop,Mac OS 10.15.7,Chrome 134.0.0.0,1440x900,1440x778,,,0,Ultimatum Game Comprehension,7,consent,Spreadsheet1,,,,,,,info,BEGIN,,,,,,,,,,,,,,,,,
2,1741803468256,12/03/2025 18:17,1741778268256,-7,12/03/2025 04:17,206283,4,task-i1kz,,44345725,BLINDED,12923740,,complete,,,computer,Desktop or Laptop,Mac OS 10.15.7,Chrome 134.0.0.0,1440x900,1440x778,,,0,Ultimatum Game Comprehension,7,consent,Spreadsheet1,Spreadsheet1,1,Comprehension,Questions,xmui3k,1,continue,,21191.835999999814,21183.836,21191.835999999814,21191.835999999814,21183.836,21191.835999999814,0,0,0,,Click To Continue,Continue Button,6,object-9,Comprehension,دهنده= ۱۰ ژتون ؛ گیرنده= هیچ (۰) ژتون,دهنده= ۴ ژتون؛ گیرنده= ۶ ژتون
3,1741803468258,12/03/2025 18:17,1741778268258,-7,12/03/2025 04:17,206283,4,task-i1kz,,44345725,BLINDED,12923740,,complete,,,computer,Desktop or Laptop,Mac OS 10.15.7,Chrome 134.0.0.0,1440x900,1440x778,,,0,Ultimatum Game Comprehension,7,consent,Spreadsheet1,Spreadsheet1,1,Comprehension,Questions,xmui3k,1,response,پیشنهاد دهنده= هیچ (۰) ژتون  ؛ دریافت کننده= هیچ (۰) ژتون ,14038.536,21183.836,21194.835999999814,14038.536,21183.836,21194.835999999814,1,7156.299999999814,0,question1,Multiple choice,Multiple choice,3,object-3,Comprehension,پیشنهاد دهنده= هیچ (۰) ژتون  ؛ دریافت کننده= هیچ (۰) ژتون ,دهنده= ۴ ژتون؛ گیرنده= ۶ ژتون
4,1741803468259,12/03/2025 18:17,1741778268259,-7,12/03/2025 04:17,206283,4,task-i1kz,,44345725,BLINDED,12923740,,complete,,,computer,Desktop or Laptop,Mac OS 10.15.7,Chrome 134.0.0.0,1440x900,1440x778,,,0,Ultimatum Game Comprehension,7,consent,Spreadsheet1,Spreadsheet1,1,Comprehension,Questions,xmui3k,1,response,پیشنهاد دهنده= ۴ ژتون ؛ دریافت کننده= ۶ ژتون ,20434.436,21183.836,21195.73599999972,20434.436,21183.836,21195.73599999972,1,761.2999999997191,0,question2,Multiple choice,Multiple choice,5,object-6,Comprehension,پیشنهاد دهنده= هیچ (۰) ژتون  ؛ دریافت کننده= هیچ (۰) ژتون ,پیشنهاد دهنده= ۴ ژتون ؛ دریافت کننده= ۶ ژتون 
5,1741803468266,12/03/2025 18:17,1741778268266,-7,12/03/2025 04:17,206283,4,task-i1kz,,44345725,BLINDED,12923740,,complete,,,computer,Desktop or Laptop,Mac OS 10.15.7,Chrome 134.0.0.0,1440x900,1440x778,,,0,Ultimatum Game Comprehension,7,consent,Spreadsheet1,Spreadsheet1,1,Comprehension,Check,p5wdmy,2,timedOut,,18.39999999972133,17.100000000002183,18.39999999972133,18.39999999972133,17.100000000002183,18.39999999972133,1,0,0,,Time Limit,screen,0,screen,Comprehension,پیشنهاد دهنده= هیچ (۰) ژتون  ؛ دریافت کننده= هیچ (۰) ژتون ,پیشنهاد دهنده= ۴ ژتون ؛ دریافت کننده= ۶ ژتون 
6,1741803468282,12/03/2025 18:17,1741778268282,-7,12/03/2025 04:17,206283,4,task-i1kz,,44345725,BLINDED,12923740,,complete,,,computer,Desktop or Laptop,Mac OS 10.15.7,Chrome 134.0.0.0,1440x900,1440x778,,,0,Ultimatum Game Comprehension,7,consent,Spreadsheet1,Spreadsheet1,1,Comprehension,Check2,s8qmgf,3,timedOut,,17.799999999719148,16.799999999999272,17.799999999719148,17.799999999719148,16.799999999999272,17.799999999719148,1,0,0,,Time Limit,screen,0,screen,Comprehension,پیشنهاد دهنده= هیچ (۰) ژتون  ؛ دریافت کننده= هیچ (۰) ژتون ,پیشنهاد دهنده= ۴ ژتون ؛ دریافت کننده= ۶ ژتون 
7,1741803469706,12/03/2025 18:17,1741778269706,-7,12/03/2025 04:17,206283,4,task-i1kz,,44345725,BLINDED,12923740,,complete,,,computer,Desktop or Laptop,Mac OS 10.15.7,Chrome 134.0.0.0,1440x900,1440x778,,,0,Ultimatum Game Comprehension,7,consent,Spreadsheet1,Spreadsheet1,1,Comprehension,"Right, Continue",efr3j9,4,continue,,1424.9999999997199,1416.2000000000007,1424.9999999997199,1424.9999999997199,1416.2000000000007,1424.9999999997199,1,0,0,,Click To Continue,Continue Button,2,object-49,Comprehension,پیشنهاد دهنده= هیچ (۰) ژتون  ؛ دریافت کننده= هیچ (۰) ژتون ,پیشنهاد دهنده= ۴ ژتون ؛ دریافت کننده= ۶ ژتون 
8,1741803469707,12/03/2025 18:17,1741778269707,-7,12/03/2025 04:17,206283,4,task-i1kz,,44345725,BLINDED,12923740,,complete,,,computer,Desktop or Laptop,Mac OS 10.15.7,Chrome 134.0.0.0,1440x900,1440x778,,,0,Ultimatum Game Comprehension,7,consent,Spreadsheet1,,,,,,,info,END,,,22599,,,,,,,,,,,,,,
END OF FILE,,,,,,,,,,,,,,,,,,,,,,,,,,,,,,,,,,,,,,,,,,,,,,,,,,,,,,
