Event Index,UTC Timestamp,UTC Date and Time,Local Timestamp,Local Timezone,Local Date and Time,Experiment ID,Experiment Version,Tree Node Key,Repeat Key,Schedule ID,Participant Public ID,Participant Private ID,Participant Starting Group,Participant Status,Participant Completion Code,Participant External Session ID,Participant Device Type,Participant Device,Participant OS,Participant Browser,Participant Monitor Size,Participant Viewport Size,Checkpoint,Room ID,Room Order,Task Name,Task Version,branch-2d1i,Reciprocity object-37 اگر کسی لطفی در حق من بکند، آماده هستم آن را جبران کنم.,Reciprocity object-37 اگر کسی لطفی در حق من بکند، آماده هستم آن را جبران کنم. Quantised,Reciprocity object-37 من تمام تلاشم را می‌کنم تا به کسی که قبلاً به من مهربانی کرده است، کمک کنم.,Reciprocity object-37 من تمام تلاشم را می‌کنم تا به کسی که قبلاً به من مهربانی کرده است، کمک کنم. Quantised,Reciprocity object-37 برای کمک به کسی که قبلاً به من کمک کرده است حاضر به پرداخت هزینه‌ شخصی هستم.,Reciprocity object-37 برای کمک به کسی که قبلاً به من کمک کرده است حاضر به پرداخت هزینه‌ شخصی هستم. Quantised,Reciprocity object-37 اگر بی‌عدالتی بزرگی در حق من صورت بگیرد، بدون توجه به هزینه‌هایی که ممکن است برایم داشته باشد، در اسرع وقت انتقام خواهم گرفت.,Reciprocity object-37 اگر بی‌عدالتی بزرگی در حق من صورت بگیرد، بدون توجه به هزینه‌هایی که ممکن است برایم داشته باشد، در اسرع وقت انتقام خواهم گرفت. Quantised,Reciprocity object-37 اگر کسی مرا در موقعیت سختی قرار دهد، من نیز همین کار را با او خواهم کرد.,Reciprocity object-37 اگر کسی مرا در موقعیت سختی قرار دهد، من نیز همین کار را با او خواهم کرد. Quantised,Reciprocity object-37 اگر کسی به من توهین کند، من نیز به او توهین خواهم کرد.,Reciprocity object-37 اگر کسی به من توهین کند، من نیز به او توهین خواهم کرد. Quantised,violence object-40 مجازات اعدام اغلب ضروری است.,violence object-40 مجازات اعدام اغلب ضروری است. Quantised,violence object-40 جرایم خشن باید با خشونت مجازات شوند.,violence object-40 جرایم خشن باید با خشونت مجازات شوند. Quantised,violence object-40 مجازات اعدام باید بخشی از قانون کیفری باشد. ,violence object-40 مجازات اعدام باید بخشی از قانون کیفری باشد.  Quantised,violence object-40 جنگ اغلب ضروری است.,violence object-40 جنگ اغلب ضروری است. Quantised,violence object-40 جنگ می‌تواند عادلانه باشد.,violence object-40 جنگ می‌تواند عادلانه باشد. Quantised,violence object-40 هر ملتی باید صنعت نظامی داشته باشد.,violence object-40 هر ملتی باید صنعت نظامی داشته باشد. Quantised,violence object-40 وقتی کودکی عمدا کار بدی انجام می دهد، پدر و مادر با کتک زدن او، درس خوبی به او می‌دهند. ,violence object-40 وقتی کودکی عمدا کار بدی انجام می دهد، پدر و مادر با کتک زدن او، درس خوبی به او می‌دهند.  Quantised,violence object-40 کودکی که همیشه نافرمانی می‌کند باید تنبیه بدنی شود.,violence object-40 کودکی که همیشه نافرمانی می‌کند باید تنبیه بدنی شود. Quantised,violence object-40  بهترین راه برای پایان دادن به مشکل و دردسری که یک کودک شیطان ایجاد می‌کند سیلی زدن به او است.,violence object-40  بهترین راه برای پایان دادن به مشکل و دردسری که یک کودک شیطان ایجاد می‌کند سیلی زدن به او است. Quantised,violence object-40 شریک‌های عاطفی باید مشکلات را با هم حل کنند، حتی اگر این کار به خشونت نیاز داشته باشد.,violence object-40 شریک‌های عاطفی باید مشکلات را با هم حل کنند، حتی اگر این کار به خشونت نیاز داشته باشد. Quantised,violence object-40 مرد نباید ان میزان آزادی که خودش دارد به زن بدهد.,violence object-40 مرد نباید ان میزان آزادی که خودش دارد به زن بدهد. Quantised,violence object-40 اگر شریک عاطفی مایل به برقراری رابطه جنسی نباشد، می‌توان او را مجبور به این کار کرد.,violence object-40 اگر شریک عاطفی مایل به برقراری رابطه جنسی نباشد، می‌توان او را مجبور به این کار کرد. Quantised,"violence object-40 بررسی توجه:  اگر در حال خواندن این پرسش هستید، لطفا گزینه ""کاملاً موافق"" را انتخاب کنید.","violence object-40 بررسی توجه:  اگر در حال خواندن این پرسش هستید، لطفا گزینه ""کاملاً موافق"" را انتخاب کنید. Quantised",conflict_role object-42 Response,conflict_role object-42 Quantised,conflict_gender object-43 Response,conflict_gender object-43 Quantised,conflict_face object-44 مناقشه به طور رضایت‌بخشی برطرف شد. ,conflict_face object-44 مناقشه به طور رضایت‌بخشی برطرف شد.  Quantised,conflict_face object-44 برای من مهم بود که در تعاملی که با هم داشتیم، صلح و آرامش‌مان را حفظ کنیم.,conflict_face object-44 برای من مهم بود که در تعاملی که با هم داشتیم، صلح و آرامش‌مان را حفظ کنیم. Quantised,conflict_face object-44 برای من مهم بود که به منظور حفظ رابطه‌مان متواضع و فروتن باشیم.,conflict_face object-44 برای من مهم بود که به منظور حفظ رابطه‌مان متواضع و فروتن باشیم. Quantised,conflict_face object-44 برای من مهم بود که به طرف مقابل کمک کنم تعادل و خونسردی خود را حفظ کند.,conflict_face object-44 برای من مهم بود که به طرف مقابل کمک کنم تعادل و خونسردی خود را حفظ کند. Quantised,conflict_face object-44 برای من مهم بود که به طرف مقابل کمک کنم اعتبار خود را حفظ کند.,conflict_face object-44 برای من مهم بود که به طرف مقابل کمک کنم اعتبار خود را حفظ کند. Quantised,conflict_face object-44 سعی کردم نسبت به ارزشی که طرف مقابل برای خود قائل است حساس باشم. ,conflict_face object-44 سعی کردم نسبت به ارزشی که طرف مقابل برای خود قائل است حساس باشم.  Quantised,conflict_face object-44 برای من مهم بود که غرور طرف مقابل شکسته نشود.,conflict_face object-44 برای من مهم بود که غرور طرف مقابل شکسته نشود. Quantised,conflict_face object-44 نگران این بودم که مایه شرمساری خودم نشوم.,conflict_face object-44 نگران این بودم که مایه شرمساری خودم نشوم. Quantised,conflict_face object-44 برایم مهم بود تصویری را که از خودم در ذهن داشتم حفظ کنم.,conflict_face object-44 برایم مهم بود تصویری را که از خودم در ذهن داشتم حفظ کنم. Quantised,conflict_face object-44  نگران این بودم که در مقابل فرد مقابل ضعیف به نظر نرسم.,conflict_face object-44  نگران این بودم که در مقابل فرد مقابل ضعیف به نظر نرسم. Quantised,conflict_face object-44 نگران این بودم که غرور شخصی خودم را حفظ کنم.,conflict_face object-44 نگران این بودم که غرور شخصی خودم را حفظ کنم. Quantised,insult1 object-47 هیچ کاری نمی‌کنم و انتظار دارم دیگران مداخله کنند.,insult1 object-47 هیچ کاری نمی‌کنم و انتظار دارم دیگران مداخله کنند. Quantised,insult1 object-47 با توهین متقابل پاسخ می‌دهم یا از فردی که به او توهین‌شده دفاع می‌کنم.,insult1 object-47 با توهین متقابل پاسخ می‌دهم یا از فردی که به او توهین‌شده دفاع می‌کنم. Quantised,insult1 object-47 با شوخ‌طبعی به رفتار آن شخص اشاره می‌کنم.,insult1 object-47 با شوخ‌طبعی به رفتار آن شخص اشاره می‌کنم. Quantised,insult2 object-48 هیچ کاری نمی‌کنم و انتظار دارم دیگران مداخله کنند.,insult2 object-48 هیچ کاری نمی‌کنم و انتظار دارم دیگران مداخله کنند. Quantised,insult2 object-48 با توهین متقابل پاسخ می‌دهم یا از فردی که به او توهین‌شده دفاع می‌کنم.,insult2 object-48 با توهین متقابل پاسخ می‌دهم یا از فردی که به او توهین‌شده دفاع می‌کنم. Quantised,insult2 object-48 با شوخ‌طبعی به رفتار آن شخص اشاره می‌کنم.,insult2 object-48 با شوخ‌طبعی به رفتار آن شخص اشاره می‌کنم. Quantised,insult3 object-49 هیچ کاری نمیکنم و انتظار دارم دیگران مداخله کنند.,insult3 object-49 هیچ کاری نمیکنم و انتظار دارم دیگران مداخله کنند. Quantised,insult3 object-49 با توهین متقابل پاسخ می‌دهم یا از فردی که به او توهین‌شده دفاع می‌کنم.,insult3 object-49 با توهین متقابل پاسخ می‌دهم یا از فردی که به او توهین‌شده دفاع می‌کنم. Quantised,insult3 object-49 با شوخ‌طبعی به رفتار آن شخص اشاره می‌کنم.,insult3 object-49 با شوخ‌طبعی به رفتار آن شخص اشاره می‌کنم. Quantised,Ultimatum Receiver object-111 پیشنهاد دهنده هیچ (۰) ژتونی به شما اختصاص نمی‌دهد. ,Ultimatum Receiver object-111 پیشنهاد دهنده هیچ (۰) ژتونی به شما اختصاص نمی‌دهد.  Quantised,Ultimatum Receiver object-111 پیشنهاد دهنده ۱ ژتون  به شما اختصاص می‌دهد.,Ultimatum Receiver object-111 پیشنهاد دهنده ۱ ژتون  به شما اختصاص می‌دهد. Quantised,Ultimatum Receiver object-111 پیشنهاد دهنده ۲ ژتون  به شما اختصاص می‌دهد.,Ultimatum Receiver object-111 پیشنهاد دهنده ۲ ژتون  به شما اختصاص می‌دهد. Quantised,Ultimatum Receiver object-111 پیشنهاد دهنده ۳ ژتون  به شما اختصاص می‌دهد.,Ultimatum Receiver object-111 پیشنهاد دهنده ۳ ژتون  به شما اختصاص می‌دهد. Quantised,Ultimatum Receiver object-111 پیشنهاد دهنده ۴ ژتون  به شما اختصاص می‌دهد.,Ultimatum Receiver object-111 پیشنهاد دهنده ۴ ژتون  به شما اختصاص می‌دهد. Quantised,Ultimatum Receiver object-111 پیشنهاد دهنده ۵ ژتون  به شما اختصاص می‌دهد.,Ultimatum Receiver object-111 پیشنهاد دهنده ۵ ژتون  به شما اختصاص می‌دهد. Quantised,Ultimatum Receiver object-111 پیشنهاد دهنده ۶ ژتون به شما اختصاص می‌دهد.,Ultimatum Receiver object-111 پیشنهاد دهنده ۶ ژتون به شما اختصاص می‌دهد. Quantised,Ultimatum Receiver object-111 پیشنهاد دهنده ۷ ژتون به شما اختصاص می‌دهد.,Ultimatum Receiver object-111 پیشنهاد دهنده ۷ ژتون به شما اختصاص می‌دهد. Quantised,Ultimatum Receiver object-111 پیشنهاد دهنده ۸ ژتون به شما اختصاص می‌دهد.,Ultimatum Receiver object-111 پیشنهاد دهنده ۸ ژتون به شما اختصاص می‌دهد. Quantised,Ultimatum Receiver object-111 پیشنهاد دهنده ۹ ژتون به شما اختصاص می‌دهد.,Ultimatum Receiver object-111 پیشنهاد دهنده ۹ ژتون به شما اختصاص می‌دهد. Quantised,Ultimatum Receiver object-111 پیشنهاد دهنده ۱۰ ژتون به شما اختصاص می‌دهد.,Ultimatum Receiver object-111 پیشنهاد دهنده ۱۰ ژتون به شما اختصاص می‌دهد. Quantised,Ultimatum Proposer object-118 اگر طرف مقابل در ابتدا هیچ (۰) ژتونی به من پیشنهاد نداده باشد، من به او ... پیشنهاد می‌دهم.,Ultimatum Proposer object-118 اگر طرف مقابل در ابتدا هیچ (۰) ژتونی به من پیشنهاد نداده باشد، من به او ... پیشنهاد می‌دهم. Quantised,Ultimatum Proposer object-118 اگر طرف مقابل در ابتدا ۱ ژتون  به من پیشنهاد داده باشد، من به او ... پیشنهاد می‌دهم.,Ultimatum Proposer object-118 اگر طرف مقابل در ابتدا ۱ ژتون  به من پیشنهاد داده باشد، من به او ... پیشنهاد می‌دهم. Quantised,Ultimatum Proposer object-118 اگر طرف مقابل در ابتدا ۲ ژتون  به من پیشنهاد داده باشد، من به او ... پیشنهاد می‌دهم.,Ultimatum Proposer object-118 اگر طرف مقابل در ابتدا ۲ ژتون  به من پیشنهاد داده باشد، من به او ... پیشنهاد می‌دهم. Quantised,Ultimatum Proposer object-118 اگر طرف مقابل در ابتدا ۳ ژتون به من پیشنهاد داده باشد، من به او ... پیشنهاد می‌دهم.,Ultimatum Proposer object-118 اگر طرف مقابل در ابتدا ۳ ژتون به من پیشنهاد داده باشد، من به او ... پیشنهاد می‌دهم. Quantised,Ultimatum Proposer object-118 اگر طرف مقابل در ابتدا ۴ ژتون  به من پیشنهاد داده باشد، من به او ... پیشنهاد می‌دهم.,Ultimatum Proposer object-118 اگر طرف مقابل در ابتدا ۴ ژتون  به من پیشنهاد داده باشد، من به او ... پیشنهاد می‌دهم. Quantised,Ultimatum Proposer object-118 اگر طرف مقابل در ابتدا ۵ ژتون  به من پیشنهاد داده باشد، من به او ... پیشنهاد می‌دهم.,Ultimatum Proposer object-118 اگر طرف مقابل در ابتدا ۵ ژتون  به من پیشنهاد داده باشد، من به او ... پیشنهاد می‌دهم. Quantised,Ultimatum Proposer object-118 اگر طرف مقابل در ابتدا ۶ ژتون به من پیشنهاد داده باشد، من به او ... پیشنهاد می‌دهم.,Ultimatum Proposer object-118 اگر طرف مقابل در ابتدا ۶ ژتون به من پیشنهاد داده باشد، من به او ... پیشنهاد می‌دهم. Quantised,Ultimatum Proposer object-118 اگر طرف مقابل در ابتدا ۷ ژتون به من پیشنهاد داده باشد، من به او ... پیشنهاد می‌دهم.,Ultimatum Proposer object-118 اگر طرف مقابل در ابتدا ۷ ژتون به من پیشنهاد داده باشد، من به او ... پیشنهاد می‌دهم. Quantised,Ultimatum Proposer object-118 اگر طرف مقابل در ابتدا ۸ ژتون  به من پیشنهاد داده باشد، من به او ... پیشنهاد می‌دهم.,Ultimatum Proposer object-118 اگر طرف مقابل در ابتدا ۸ ژتون  به من پیشنهاد داده باشد، من به او ... پیشنهاد می‌دهم. Quantised,Ultimatum Proposer object-118 اگر طرف مقابل در ابتدا ۹ ژتون  به من پیشنهاد داده باشد، من به او ... پیشنهاد می‌دهم.,Ultimatum Proposer object-118 اگر طرف مقابل در ابتدا ۹ ژتون  به من پیشنهاد داده باشد، من به او ... پیشنهاد می‌دهم. Quantised,Ultimatum Proposer object-118 اگر طرف مقابل در ابتدا ۱۰ ژتون به من پیشنهاد داده باشد، من به او ... پیشنهاد می‌دهم.,Ultimatum Proposer object-118 اگر طرف مقابل در ابتدا ۱۰ ژتون به من پیشنهاد داده باشد، من به او ... پیشنهاد می‌دهم. Quantised,Ultimatum expect object-124 هیچ (۰) ژتون ,Ultimatum expect object-124 هیچ (۰) ژتون  Quantised,Ultimatum expect object-124 ۱ ژتون ,Ultimatum expect object-124 ۱ ژتون  Quantised,Ultimatum expect object-124 ۲ ژتون ,Ultimatum expect object-124 ۲ ژتون  Quantised,Ultimatum expect object-124 ۳ ژتون ,Ultimatum expect object-124 ۳ ژتون  Quantised,Ultimatum expect object-124 ۴ ژتون ,Ultimatum expect object-124 ۴ ژتون  Quantised,Ultimatum expect object-124 ۵ ژتون ,Ultimatum expect object-124 ۵ ژتون  Quantised,Ultimatum expect object-124 ۶ ژتون ,Ultimatum expect object-124 ۶ ژتون  Quantised,Ultimatum expect object-124 ۷ ژتون ,Ultimatum expect object-124 ۷ ژتون  Quantised,Ultimatum expect object-124 ۸ ژتون ,Ultimatum expect object-124 ۸ ژتون  Quantised,Ultimatum expect object-124 ۹ ژتون ,Ultimatum expect object-124 ۹ ژتون  Quantised,Ultimatum expect object-124 ۱۰ ژتون ,Ultimatum expect object-124 ۱۰ ژتون  Quantised
1,1738115177340,29/01/2025 01:46,1738097177340,-5,28/01/2025 15:46,206283,3,questionnaire-gxf8,,42821528,BLINDED,12488188,,complete,,,mobile,Apple iPhone,iOS 18.1.1,Mobile Safari 18.1.1,393x852,393x649,,,0,Ultimatum Game,8,consent,۴,4,۵,5,۵,5,۲,2,۴,4,۲,2,کاملاً مخالف (۱),1,کاملاً مخالف (۱),1,کاملاً مخالف (۱),1,کاملاً مخالف (۱),1,نه موافق و نه مخالف (۳),3,تا حدودی مخالف (۲),2,کاملاً مخالف (۱),1,کاملاً مخالف (۱),1,کاملاً مخالف (۱),1,کاملاً مخالف (۱),1,کاملاً مخالف (۱),1,کاملاً مخالف (۱),1,کاملاً موافق (۵),5,شریک‌ عاطفی,1,زن,2,تا حدی مخالفم (۲),2,کاملا موافقم (۵),5,تا حدی موافقم (۴),4,تا حدی موافقم (۴),4,تا حدی موافقم (۴),4,کاملا موافقم (۵),5,کاملا موافقم (۵),5,نه موافق و نه مخالف (۳),3,تا حدی موافقم (۴),4,تا حدی موافقم (۴),4,تا حدی موافقم (۴),4,۴,4,۴,4,۶,6,۴,4,۴,4,۶,6,۵,5,۱ - هرگز این‌گونه رفتار نمی‌کنم,1,۴,4,رد می کنم.,2,رد می کنم.,2,رد می کنم.,2,رد می کنم.,2,رد می کنم.,2,قبول می کنم.,1,قبول می کنم.,1,رد می کنم.,2,رد می کنم.,2,رد می کنم.,2,رد می کنم.,2,۰,1,۰,1,۰,1,۰,1,۴,5,۵,6,۵,6,۰,1,۰,1,۰,1,۰,1,طرف مقابل این پیشنهاد را رد می کند.,2,طرف مقابل این پیشنهاد را رد می کند.,2,طرف مقابل این پیشنهاد را رد می کند.,2,طرف مقابل این پیشنهاد را رد می کند.,2,طرف مقابل این پیشنهاد را رد می کند.,2,طرف مقابل این پیشنهاد را می‌پذیرد.,1,طرف مقابل این پیشنهاد را می‌پذیرد.,1,طرف مقابل این پیشنهاد را می‌پذیرد.,1,طرف مقابل این پیشنهاد را رد می کند.,2,طرف مقابل این پیشنهاد را رد می کند.,2,طرف مقابل این پیشنهاد را رد می کند.,2
1,1738363214030,31/01/2025 22:40,1738334414030,-8,31/01/2025 06:40,206283,3,questionnaire-gxf8,,42932258,BLINDED,12513042,,complete,,,computer,Desktop or Laptop,Mac OS 10.15.7,Chrome 131.0.0.0,1728x1117,1019x934,,,0,Ultimatum Game,8,consent,۵,5,۶,6,۳,3,۲,2,۲,2,۲,2,کاملاً مخالف (۱),1,کاملاً مخالف (۱),1,کاملاً مخالف (۱),1,تا حدودی مخالف (۲),2,تا حدودی مخالف (۲),2,تا حدودی موافق (۴),4,کاملاً مخالف (۱),1,کاملاً مخالف (۱),1,کاملاً مخالف (۱),1,کاملاً مخالف (۱),1,کاملاً مخالف (۱),1,کاملاً مخالف (۱),1,کاملاً موافق (۵),5,یکی از اعضا خانواده,3,زن,2,تا حدی موافقم (۴),4,تا حدی موافقم (۴),4,تا حدی موافقم (۴),4,نه موافق و نه مخالف (۳),3,تا حدی موافقم (۴),4,نه موافق و نه مخالف (۳),3,تا حدی موافقم (۴),4,تا حدی موافقم (۴),4,تا حدی موافقم (۴),4,نه موافق و نه مخالف (۳),3,تا حدی موافقم (۴),4,۱ - هرگز این‌گونه رفتار نمی‌کنم ,1,۶,6,۴,4,۱ - هرگز این‌گونه رفتار نمی‌کنم,1,۶,6,۲,2,۶,6,۲,2,۴,4,رد می کنم.,2,رد می کنم.,2,رد می کنم.,2,رد می کنم.,2,قبول می کنم.,1,قبول می کنم.,1,قبول می کنم.,1,قبول می کنم.,1,رد می کنم.,2,رد می کنم.,2,رد می کنم.,2,۵,6,۵,6,۵,6,۵,6,۵,6,۵,6,۵,6,۵,6,۵,6,۵,6,۵,6,طرف مقابل این پیشنهاد را رد می کند.,2,طرف مقابل این پیشنهاد را رد می کند.,2,طرف مقابل این پیشنهاد را رد می کند.,2,طرف مقابل این پیشنهاد را می‌پذیرد.,1,طرف مقابل این پیشنهاد را می‌پذیرد.,1,طرف مقابل این پیشنهاد را می‌پذیرد.,1,طرف مقابل این پیشنهاد را می‌پذیرد.,1,طرف مقابل این پیشنهاد را می‌پذیرد.,1,طرف مقابل این پیشنهاد را می‌پذیرد.,1,طرف مقابل این پیشنهاد را می‌پذیرد.,1,طرف مقابل این پیشنهاد را می‌پذیرد.,1
1,1738326008414,31/01/2025 12:20,1738336808414,3.5,31/01/2025 18:20,206283,3,questionnaire-gxf8,,42932505,BLINDED,12513067,,complete,,,computer,Desktop or Laptop,Windows 10,Edge 132.0.0.0,1440x900,1432x774,,,0,Ultimatum Game,8,consent,۶,6, کاملاً درمورد من صدق می‌کند (۷),7,۶,6,۳,3,۶,6,۶,6,کاملاً مخالف (۱),1,تا حدودی مخالف (۲),2,کاملاً مخالف (۱),1,کاملاً مخالف (۱),1,کاملاً مخالف (۱),1,تا حدودی مخالف (۲),2,کاملاً مخالف (۱),1,کاملاً مخالف (۱),1,کاملاً مخالف (۱),1,کاملاً مخالف (۱),1,کاملاً مخالف (۱),1,کاملاً مخالف (۱),1,کاملاً موافق (۵),5,سایر افراد,5,مرد,1,کاملاً مخالفم (۱),1,کاملاً مخالفم (۱),1,کاملاً مخالفم (۱),1,تا حدی مخالفم (۲),2,کاملاً مخالفم (۱),1,تا حدی موافقم (۴),4,کاملاً مخالفم (۱),1,تا حدی مخالفم (۲),2,کاملا موافقم (۵),5,کاملا موافقم (۵),5,تا حدی موافقم (۴),4,۲,2,۵,5,۵,5,۲,2,۲,2,۶,6,۶,6,۶,6,۶,6,رد می کنم.,2,رد می کنم.,2,رد می کنم.,2,رد می کنم.,2,رد می کنم.,2,قبول می کنم.,1,رد می کنم.,2,رد می کنم.,2,رد می کنم.,2,رد می کنم.,2,رد می کنم.,2,۵,6,۵,6,۵,6,۵,6,۵,6,۵,6,۵,6,۵,6,۵,6,۵,6,۵,6,طرف مقابل این پیشنهاد را رد می کند.,2,طرف مقابل این پیشنهاد را رد می کند.,2,طرف مقابل این پیشنهاد را رد می کند.,2,طرف مقابل این پیشنهاد را رد می کند.,2,طرف مقابل این پیشنهاد را رد می کند.,2,طرف مقابل این پیشنهاد را می‌پذیرد.,1,طرف مقابل این پیشنهاد را می‌پذیرد.,1,طرف مقابل این پیشنهاد را می‌پذیرد.,1,طرف مقابل این پیشنهاد را می‌پذیرد.,1,طرف مقابل این پیشنهاد را می‌پذیرد.,1,طرف مقابل این پیشنهاد را می‌پذیرد.,1
1,1738340635309,31/01/2025 16:23,1738340635309,0,31/01/2025 16:23,206283,3,questionnaire-gxf8,,42941878,BLINDED,12516010,,complete,,,computer,Desktop or Laptop,Windows 10,Chrome 132.0.0.0,1920x1080,1920x953,,,0,Ultimatum Game,8,consent,۵,5,۵,5,۴,4,۳,3, کاملاً درمورد من صدق می‌کند (۷),7,۵,5,تا حدودی مخالف (۲),2,تا حدودی مخالف (۲),2,تا حدودی مخالف (۲),2,تا حدودی موافق (۴),4,تا حدودی موافق (۴),4,کاملاً موافق (۵),5,تا حدودی مخالف (۲),2,تا حدودی موافق (۴),4,نه موافق و نه مخالف (۳),3,کاملاً مخالف (۱),1,کاملاً مخالف (۱),1,کاملاً مخالف (۱),1,کاملاً موافق (۵),5,شریک‌ عاطفی,1,زن,2,کاملا موافقم (۵),5,کاملا موافقم (۵),5,تا حدی موافقم (۴),4,کاملا موافقم (۵),5,کاملا موافقم (۵),5,تا حدی موافقم (۴),4,تا حدی موافقم (۴),4,تا حدی موافقم (۴),4,تا حدی موافقم (۴),4,تا حدی مخالفم (۲),2,کاملا موافقم (۵),5,۱ - هرگز این‌گونه رفتار نمی‌کنم ,1,۷ - قطعاً این کار را انجام می‌دهم,7,۲,2,۱ - هرگز این‌گونه رفتار نمی‌کنم,1,۷ - قطعاً این کار را انجام می‌دهم,7,۱ - هرگز این‌گونه رفتار نمی‌کنم,1,۳,3,۴,4,۳,3,رد می کنم.,2,رد می کنم.,2,رد می کنم.,2,رد می کنم.,2,رد می کنم.,2,قبول می کنم.,1,قبول می کنم.,1,قبول می کنم.,1,قبول می کنم.,1,قبول می کنم.,1,قبول می کنم.,1,۵,6,۵,6,۵,6,۵,6,۵,6,۴,5,۵,6,۵,6,۵,6,۵,6,۴,5,طرف مقابل این پیشنهاد را رد می کند.,2,طرف مقابل این پیشنهاد را رد می کند.,2,طرف مقابل این پیشنهاد را رد می کند.,2,طرف مقابل این پیشنهاد را رد می کند.,2,طرف مقابل این پیشنهاد را می‌پذیرد.,1,طرف مقابل این پیشنهاد را می‌پذیرد.,1,طرف مقابل این پیشنهاد را می‌پذیرد.,1,طرف مقابل این پیشنهاد را می‌پذیرد.,1,طرف مقابل این پیشنهاد را می‌پذیرد.,1,طرف مقابل این پیشنهاد را می‌پذیرد.,1,طرف مقابل این پیشنهاد را می‌پذیرد.,1
1,1738382225481,01/02/2025 03:57,1738393025481,3.5,01/02/2025 09:57,206283,3,questionnaire-gxf8,,42954846,BLINDED,12519134,,complete,,,computer,Desktop or Laptop,Windows 10,Chrome 132.0.0.0,1549x872,1550x703,,,0,Ultimatum Game,8,consent,۴,4,۵,5,۳,3,۲,2,۳,3,۲,2,تا حدودی مخالف (۲),2,تا حدودی مخالف (۲),2,کاملاً مخالف (۱),1,نه موافق و نه مخالف (۳),3,نه موافق و نه مخالف (۳),3,تا حدودی موافق (۴),4,کاملاً مخالف (۱),1,تا حدودی مخالف (۲),2,کاملاً مخالف (۱),1,کاملاً مخالف (۱),1,کاملاً مخالف (۱),1,کاملاً مخالف (۱),1,کاملاً موافق (۵),5,دوست نزدیک,2,مرد,1,تا حدی مخالفم (۲),2,تا حدی موافقم (۴),4,کاملاً مخالفم (۱),1,نه موافق و نه مخالف (۳),3,تا حدی مخالفم (۲),2,تا حدی موافقم (۴),4,تا حدی موافقم (۴),4,تا حدی موافقم (۴),4,تا حدی موافقم (۴),4,تا حدی موافقم (۴),4,تا حدی موافقم (۴),4,۲,2,۱ - هرگز این‌گونه رفتار نمی‌کنم ,1,۱ - هرگز این‌گونه رفتار نمی‌کنم ,1,۲,2,۲,2,۱ - هرگز این‌گونه رفتار نمی‌کنم,1,۲,2,۳,3,۳,3,رد می کنم.,2,رد می کنم.,2,رد می کنم.,2,رد می کنم.,2,قبول می کنم.,1,قبول می کنم.,1,قبول می کنم.,1,قبول می کنم.,1,قبول می کنم.,1,قبول می کنم.,1,قبول می کنم.,1,۵,6,۵,6,۵,6,۵,6,۵,6,۵,6,۵,6,۵,6,۵,6,۵,6,۵,6,طرف مقابل این پیشنهاد را رد می کند.,2,طرف مقابل این پیشنهاد را رد می کند.,2,طرف مقابل این پیشنهاد را رد می کند.,2,طرف مقابل این پیشنهاد را رد می کند.,2,طرف مقابل این پیشنهاد را رد می کند.,2,طرف مقابل این پیشنهاد را می‌پذیرد.,1,طرف مقابل این پیشنهاد را می‌پذیرد.,1,طرف مقابل این پیشنهاد را می‌پذیرد.,1,طرف مقابل این پیشنهاد را می‌پذیرد.,1,طرف مقابل این پیشنهاد را می‌پذیرد.,1,طرف مقابل این پیشنهاد را می‌پذیرد.,1
1,1738326864889,31/01/2025 12:34,1738337664889,3.5,31/01/2025 18:34,206283,3,questionnaire-gxf8,,42933014,BLINDED,12513262,,complete,,,mobile,undefined K,Android 10,Chrome 131.0.6778.260,360x780,360x662,,,0,Ultimatum Game,8,consent,۵,5,۶,6,۵,5,۲,2,۳,3,۲,2,تا حدودی مخالف (۲),2,نه موافق و نه مخالف (۳),3,تا حدودی مخالف (۲),2,نه موافق و نه مخالف (۳),3,تا حدودی مخالف (۲),2,تا حدودی موافق (۴),4,کاملاً مخالف (۱),1,کاملاً مخالف (۱),1,کاملاً مخالف (۱),1,کاملاً مخالف (۱),1,کاملاً مخالف (۱),1,کاملاً مخالف (۱),1,کاملاً موافق (۵),5,سایر افراد,5,مرد,1,تا حدی مخالفم (۲),2,تا حدی موافقم (۴),4,تا حدی مخالفم (۲),2,تا حدی موافقم (۴),4,تا حدی مخالفم (۲),2,تا حدی مخالفم (۲),2,نه موافق و نه مخالف (۳),3,نه موافق و نه مخالف (۳),3,نه موافق و نه مخالف (۳),3,تا حدی مخالفم (۲),2,تا حدی موافقم (۴),4,۴,4,۴,4,۲,2,۵,5,۵,5,۲,2,۵,5,۳,3,۶,6,رد می کنم.,2,رد می کنم.,2,رد می کنم.,2,رد می کنم.,2,رد می کنم.,2,قبول می کنم.,1,قبول می کنم.,1,قبول می کنم.,1,قبول می کنم.,1,قبول می کنم.,1,قبول می کنم.,1,۰,1,۱,2,۲,3,۳,4,۴,5,۵,6,۶,7,۷,8,۸,9,۹,10,۱۰,11,طرف مقابل این پیشنهاد را رد می کند.,2,طرف مقابل این پیشنهاد را رد می کند.,2,طرف مقابل این پیشنهاد را رد می کند.,2,طرف مقابل این پیشنهاد را رد می کند.,2,طرف مقابل این پیشنهاد را می‌پذیرد.,1,طرف مقابل این پیشنهاد را می‌پذیرد.,1,طرف مقابل این پیشنهاد را می‌پذیرد.,1,طرف مقابل این پیشنهاد را می‌پذیرد.,1,طرف مقابل این پیشنهاد را می‌پذیرد.,1,طرف مقابل این پیشنهاد را می‌پذیرد.,1,طرف مقابل این پیشنهاد را می‌پذیرد.,1
1,1738246739046,30/01/2025 14:18,1738250339046,1,30/01/2025 16:18,206283,3,questionnaire-gxf8,,42897886,BLINDED,12504604,,live,,,computer,Desktop or Laptop,Windows 10,Chrome 131.0.0.0,1366x768,1366x617,,,0,Ultimatum Game,8,consent,۵,5,۵,5,۵,5,۲,2,۲,2,به هیچ وجه در مورد من صدق نمی کند (۱),1,کاملاً مخالف (۱),1,کاملاً مخالف (۱),1,کاملاً مخالف (۱),1,تا حدودی مخالف (۲),2,کاملاً مخالف (۱),1,تا حدودی موافق (۴),4,کاملاً مخالف (۱),1,کاملاً مخالف (۱),1,کاملاً مخالف (۱),1,کاملاً مخالف (۱),1,کاملاً مخالف (۱),1,کاملاً مخالف (۱),1,کاملاً موافق (۵),5,شریک‌ عاطفی,1,مرد,1,نه موافق و نه مخالف (۳),3,کاملا موافقم (۵),5,تا حدی مخالفم (۲),2,تا حدی موافقم (۴),4,تا حدی موافقم (۴),4,تا حدی موافقم (۴),4,تا حدی موافقم (۴),4,تا حدی موافقم (۴),4,تا حدی موافقم (۴),4,نه موافق و نه مخالف (۳),3,نه موافق و نه مخالف (۳),3,۶,6,۲,2,۷ - قطعاً این کار را انجام می‌دهم,7,۶,6,۲,2,۴,4,۳,3,۵,5,۲,2,قبول می کنم.,1,قبول می کنم.,1,قبول می کنم.,1,قبول می کنم.,1,قبول می کنم.,1,قبول می کنم.,1,قبول می کنم.,1,قبول می کنم.,1,قبول می کنم.,1,قبول می کنم.,1,قبول می کنم.,1,۲,3,۲,3,۲,3,۳,4,۴,5,۵,6,۶,7,۷,8,۸,9,۹,10,۱۰,11,طرف مقابل این پیشنهاد را رد می کند.,2,طرف مقابل این پیشنهاد را رد می کند.,2,طرف مقابل این پیشنهاد را رد می کند.,2,طرف مقابل این پیشنهاد را رد می کند.,2,طرف مقابل این پیشنهاد را می‌پذیرد.,1,طرف مقابل این پیشنهاد را می‌پذیرد.,1,طرف مقابل این پیشنهاد را می‌پذیرد.,1,طرف مقابل این پیشنهاد را می‌پذیرد.,1,طرف مقابل این پیشنهاد را می‌پذیرد.,1,طرف مقابل این پیشنهاد را می‌پذیرد.,1,طرف مقابل این پیشنهاد را می‌پذیرد.,1
1,1738133162936,29/01/2025 06:46,1738115162936,-5,28/01/2025 20:46,206283,3,questionnaire-gxf8,,42822837,BLINDED,12488554,,complete,,,mobile,undefined K,Android 14,Chrome 131.0.6778.262,412x892,412x757,,,0,Ultimatum Game,8,consent, کاملاً درمورد من صدق می‌کند (۷),7,۶,6, کاملاً درمورد من صدق می‌کند (۷),7,۵,5,۶,6,۵,5,تا حدودی مخالف (۲),2,تا حدودی موافق (۴),4,تا حدودی مخالف (۲),2,تا حدودی مخالف (۲),2,تا حدودی موافق (۴),4,تا حدودی موافق (۴),4,تا حدودی مخالف (۲),2,نه موافق و نه مخالف (۳),3,کاملاً مخالف (۱),1,کاملاً مخالف (۱),1,کاملاً مخالف (۱),1,کاملاً مخالف (۱),1,کاملاً موافق (۵),5,دوست نزدیک,2,مرد,1,تا حدی مخالفم (۲),2,تا حدی موافقم (۴),4,کاملاً مخالفم (۱),1,کاملاً مخالفم (۱),1,کاملاً مخالفم (۱),1,تا حدی مخالفم (۲),2,کاملاً مخالفم (۱),1,تا حدی موافقم (۴),4,تا حدی موافقم (۴),4,تا حدی مخالفم (۲),2,نه موافق و نه مخالف (۳),3,۲,2,۵,5,۶,6,۴,4,۵,5,۱ - هرگز این‌گونه رفتار نمی‌کنم,1,۳,3,۵,5,۲,2,رد می کنم.,2,رد می کنم.,2,رد می کنم.,2,رد می کنم.,2,قبول می کنم.,1,قبول می کنم.,1,قبول می کنم.,1,قبول می کنم.,1,قبول می کنم.,1,رد می کنم.,2,رد می کنم.,2,۰,1,۱,2,۴,5,۵,6,۵,6,۵,6,۷,8,۸,9,۸,9,۹,10,۱۰,11,طرف مقابل این پیشنهاد را رد می کند.,2,طرف مقابل این پیشنهاد را رد می کند.,2,طرف مقابل این پیشنهاد را رد می کند.,2,طرف مقابل این پیشنهاد را رد می کند.,2,طرف مقابل این پیشنهاد را رد می کند.,2,طرف مقابل این پیشنهاد را می‌پذیرد.,1,طرف مقابل این پیشنهاد را می‌پذیرد.,1,طرف مقابل این پیشنهاد را می‌پذیرد.,1,طرف مقابل این پیشنهاد را می‌پذیرد.,1,طرف مقابل این پیشنهاد را می‌پذیرد.,1,طرف مقابل این پیشنهاد را رد می کند.,2
1,1741803476974,12/03/2025 18:17,1741778276974,-7,12/03/2025 04:17,206283,4,questionnaire-gxf8,,44345743,BLINDED,12923740,,complete,,,computer,Desktop or Laptop,Mac OS 10.15.7,Chrome 134.0.0.0,1440x900,1440x778,,,0,Ultimatum Game,8,consent, کاملاً درمورد من صدق می‌کند (۷),7, کاملاً درمورد من صدق می‌کند (۷),7,۶,6,۶,6, کاملاً درمورد من صدق می‌کند (۷),7,۳,3,کاملاً مخالف (۱),1,تا حدودی مخالف (۲),2,کاملاً مخالف (۱),1,کاملاً مخالف (۱),1,کاملاً مخالف (۱),1,کاملاً موافق (۵),5,کاملاً مخالف (۱),1,کاملاً مخالف (۱),1,کاملاً مخالف (۱),1,کاملاً مخالف (۱),1,کاملاً مخالف (۱),1,کاملاً مخالف (۱),1,کاملاً موافق (۵),5,شریک‌ عاطفی,1,مرد,1,کاملاً مخالفم (۱),1,کاملاً مخالفم (۱),1,کاملاً مخالفم (۱),1,کاملاً مخالفم (۱),1,کاملاً مخالفم (۱),1,کاملاً مخالفم (۱),1,کاملاً مخالفم (۱),1,کاملا موافقم (۵),5,کاملا موافقم (۵),5,کاملا موافقم (۵),5,کاملا موافقم (۵),5,۱ - هرگز این‌گونه رفتار نمی‌کنم ,1,۵,5,۱ - هرگز این‌گونه رفتار نمی‌کنم ,1,۱ - هرگز این‌گونه رفتار نمی‌کنم,1,۳,3,۱ - هرگز این‌گونه رفتار نمی‌کنم,1,۱ - هرگز این‌گونه رفتار نمی‌کنم,1,۵,5,۱ - هرگز این‌گونه رفتار نمی‌کنم,1,رد می کنم.,2,رد می کنم.,2,رد می کنم.,2,رد می کنم.,2,قبول می کنم.,1,قبول می کنم.,1,قبول می کنم.,1,قبول می کنم.,1,قبول می کنم.,1,قبول می کنم.,1,قبول می کنم.,1,۴,5,۴,5,۴,5,۴,5,۵,6,۵,6,۶,7,۷,8,۸,9,۹,10,۱۰,11,طرف مقابل این پیشنهاد را رد می کند.,2,طرف مقابل این پیشنهاد را رد می کند.,2,طرف مقابل این پیشنهاد را رد می کند.,2,طرف مقابل این پیشنهاد را رد می کند.,2,طرف مقابل این پیشنهاد را می‌پذیرد.,1,طرف مقابل این پیشنهاد را می‌پذیرد.,1,طرف مقابل این پیشنهاد را می‌پذیرد.,1,طرف مقابل این پیشنهاد را می‌پذیرد.,1,طرف مقابل این پیشنهاد را می‌پذیرد.,1,طرف مقابل این پیشنهاد را می‌پذیرد.,1,طرف مقابل این پیشنهاد را می‌پذیرد.,1
END OF FILE,,,,,,,,,,,,,,,,,,,,,,,,,,,,,,,,,,,,,,,,,,,,,,,,,,,,,,,,,,,,,,,,,,,,,,,,,,,,,,,,,,,,,,,,,,,,,,,,,,,,,,,,,,,,,,,,,,,,,,,,,,,,,,,,,,,,,,,,,,,,,,,,,,,,,,,,,,,,,,,,,,,,,,,,,,,,,,,,
