Event Index,UTC Timestamp,UTC Date and Time,Local Timestamp,Local Timezone,Local Date and Time,Experiment ID,Experiment Version,Tree Node Key,Repeat Key,Schedule ID,Participant Public ID,Participant Private ID,Participant Starting Group,Participant Status,Participant Completion Code,Participant External Session ID,Participant Device Type,Participant Device,Participant OS,Participant Browser,Participant Monitor Size,Participant Viewport Size,Checkpoint,Room ID,Room Order,Task Name,Task Version,branch-2d1i,MFQ object-56 اهمیت دادن به افرادی که رنج کشیده‌اند یک فضیلت مهم است.,MFQ object-56 اهمیت دادن به افرادی که رنج کشیده‌اند یک فضیلت مهم است. Quantised,MFQ object-56 دنیا جای بهتری می‌شد اگر همه به یک اندازه پول در می‌آوردند.,MFQ object-56 دنیا جای بهتری می‌شد اگر همه به یک اندازه پول در می‌آوردند. Quantised,MFQ object-56 من فکر می‌کنم افرادی که سخت‌کوش‌تر هستند باید پول بیشتری به دست آورند.,MFQ object-56 من فکر می‌کنم افرادی که سخت‌کوش‌تر هستند باید پول بیشتری به دست آورند. Quantised,MFQ object-56 من فکر می‌کنم وفاداری به کشور را باید به کودکان آموزش داد.,MFQ object-56 من فکر می‌کنم وفاداری به کشور را باید به کودکان آموزش داد. Quantised,MFQ object-56 من فکر می‌کنم مهم است که جوامع ارزش‌های سنتی خود را گرامی بدارند.,MFQ object-56 من فکر می‌کنم مهم است که جوامع ارزش‌های سنتی خود را گرامی بدارند. Quantised,MFQ object-56 من فکر می‌کنم که باید با بدن انسان مانند یک معبد رفتار شود، زیرا چیزی مقدس درون آن جای دارد.,MFQ object-56 من فکر می‌کنم که باید با بدن انسان مانند یک معبد رفتار شود، زیرا چیزی مقدس درون آن جای دارد. Quantised,MFQ object-56 من معتقدم که همدلی با کسانی که در رنج هستند یکی از مهم‌ترین فضیلت‌هاست.,MFQ object-56 من معتقدم که همدلی با کسانی که در رنج هستند یکی از مهم‌ترین فضیلت‌هاست. Quantised,MFQ object-56  اگر همه‌ی مردم درآمد یکسانی داشتند جامعه‌ی ما مشکلات کمتری داشت.,MFQ object-56  اگر همه‌ی مردم درآمد یکسانی داشتند جامعه‌ی ما مشکلات کمتری داشت. Quantised,MFQ object-56 من فکر می‌کنم مردم باید با توجه به میزان مشارکتشان پاداش بگیرند.,MFQ object-56 من فکر می‌کنم مردم باید با توجه به میزان مشارکتشان پاداش بگیرند. Quantised,MFQ object-56 وقتی می‌بینم مردم به کشورشان وفادار نیستند، ناراحت می‌شوم.,MFQ object-56 وقتی می‌بینم مردم به کشورشان وفادار نیستند، ناراحت می‌شوم. Quantised,MFQ object-56 احساس می‌کنم اکثر سنت‌ها در حفظ نظم جامعه نقش ارزشمندی دارند.,MFQ object-56 احساس می‌کنم اکثر سنت‌ها در حفظ نظم جامعه نقش ارزشمندی دارند. Quantised,MFQ object-56 معتقدم پاکدامنی جنسی یک فضیلت مهم است.,MFQ object-56 معتقدم پاکدامنی جنسی یک فضیلت مهم است. Quantised,MFQ object-56 ما باید از همه‌ی کسانی که در درد و رنج عاطفی هستند مراقبت کنیم.,MFQ object-56 ما باید از همه‌ی کسانی که در درد و رنج عاطفی هستند مراقبت کنیم. Quantised,MFQ object-56 من معتقدم که همه‌ی افراد باید به مقدار مساوی از منابع بهره‌مند شوند.,MFQ object-56 من معتقدم که همه‌ی افراد باید به مقدار مساوی از منابع بهره‌مند شوند. Quantised,MFQ object-56 میزان تلاشی که یک کارگر در کار خود میکند باید در میزان افزایش حقوقی که دریافت می‌کند مورد توجه قرار گیرد.,MFQ object-56 میزان تلاشی که یک کارگر در کار خود میکند باید در میزان افزایش حقوقی که دریافت می‌کند مورد توجه قرار گیرد. Quantised,MFQ object-56 همه باید اجتماع خود را دوست داشته باشند.,MFQ object-56 همه باید اجتماع خود را دوست داشته باشند. Quantised,MFQ object-56 من فکر می‌کنم اطاعت از والدین یک فضیلت مهم است.,MFQ object-56 من فکر می‌کنم اطاعت از والدین یک فضیلت مهم است. Quantised,MFQ object-56 وقتی مردم بی‌مهابا از الفاظ رکیک استفاده می‌کنند ناراحت می‌شوم.,MFQ object-56 وقتی مردم بی‌مهابا از الفاظ رکیک استفاده می‌کنند ناراحت می‌شوم. Quantised,MFQ object-56 من با افرادی که در زندگی خود رنج کشیده‌اند همدلی میکنم.,MFQ object-56 من با افرادی که در زندگی خود رنج کشیده‌اند همدلی میکنم. Quantised,MFQ object-56 من معتقدم که ایده‌آل خواهد بود اگر همه‌ی افراد در جامعه تقریباً به یک میزان پول داشته باشند.,MFQ object-56 من معتقدم که ایده‌آل خواهد بود اگر همه‌ی افراد در جامعه تقریباً به یک میزان پول داشته باشند. Quantised,MFQ object-56 من خوشحال می‌شوم وقتی مردم بر اساس شایستگی‌هایشان مورد تقدیر قرار می‌گیرند.,MFQ object-56 من خوشحال می‌شوم وقتی مردم بر اساس شایستگی‌هایشان مورد تقدیر قرار می‌گیرند. Quantised,MFQ object-56 هرکس در صورت فراخوانده شدن باید از کشور خود دفاع کند.,MFQ object-56 هرکس در صورت فراخوانده شدن باید از کشور خود دفاع کند. Quantised,MFQ object-56 همه باید از سالمندان خود درس بگیریم.,MFQ object-56 همه باید از سالمندان خود درس بگیریم. Quantised,MFQ object-56 اگر متوجه شوم که یکی از آشنایانم یک علاقه یا فتیش جنسی غیرعادی اما بی‌ضرر دارد، نسبت به او احساس بدی پیدا خواهم کرد.,MFQ object-56 اگر متوجه شوم که یکی از آشنایانم یک علاقه یا فتیش جنسی غیرعادی اما بی‌ضرر دارد، نسبت به او احساس بدی پیدا خواهم کرد. Quantised,MFQ object-56 همه باید سعی کنند افرادی را که در شرایط سختی هستند دلداری دهند.,MFQ object-56 همه باید سعی کنند افرادی را که در شرایط سختی هستند دلداری دهند. Quantised,MFQ object-56 وقتی مردم برای رسیدن به یک هدف مشترک با هم کار می‌کنند، باید پاداش‌ها را به‌طور مساوی تقسیم کنند، حتی اگر برخی بیشتر از دیگران تلاش کرده باشند.,MFQ object-56 وقتی مردم برای رسیدن به یک هدف مشترک با هم کار می‌کنند، باید پاداش‌ها را به‌طور مساوی تقسیم کنند، حتی اگر برخی بیشتر از دیگران تلاش کرده باشند. Quantised,MFQ object-56 در یک جامعه عادلانه، کسانی که سخت کار می‌کنند باید از استانداردهای زندگی بالاتری برخوردار باشند.,MFQ object-56 در یک جامعه عادلانه، کسانی که سخت کار می‌کنند باید از استانداردهای زندگی بالاتری برخوردار باشند. Quantised,MFQ object-56 همه باید وقتی یکی از افراد جامعه‌شان در یک رقابت بین‌المللی برنده می‌شود، احساس افتخار کنند.,MFQ object-56 همه باید وقتی یکی از افراد جامعه‌شان در یک رقابت بین‌المللی برنده می‌شود، احساس افتخار کنند. Quantised,MFQ object-56 من معتقدم که یکی از مهم‌ترین ارزش‌هایی که باید به کودکان آموزش داد، احترام به افراد در جایگاه قدرت است.,MFQ object-56 من معتقدم که یکی از مهم‌ترین ارزش‌هایی که باید به کودکان آموزش داد، احترام به افراد در جایگاه قدرت است. Quantised,MFQ object-56 مردم باید سعی کنند از داروهای طبیعی استفاده کنند تا داروهای مصنوعی که از نظر شیمیایی مشابه هستند.,MFQ object-56 مردم باید سعی کنند از داروهای طبیعی استفاده کنند تا داروهای مصنوعی که از نظر شیمیایی مشابه هستند. Quantised,MFQ object-56 برایم دردآور است وقتی می‌بینم کسی نیازهای یک انسان دیگر را نادیده می‌گیرد.,MFQ object-56 برایم دردآور است وقتی می‌بینم کسی نیازهای یک انسان دیگر را نادیده می‌گیرد. Quantised,MFQ object-56 وقتی می‌بینم برخی افراد در کشورم پول خیلی بیشتری نسبت به دیگران دارند، ناراحت می‌شوم.,MFQ object-56 وقتی می‌بینم برخی افراد در کشورم پول خیلی بیشتری نسبت به دیگران دارند، ناراحت می‌شوم. Quantised,MFQ object-56 من احساس خوبی دارم وقتی می‌بینم متقلبان دستگیر و مجازات می‌شوند.,MFQ object-56 من احساس خوبی دارم وقتی می‌بینم متقلبان دستگیر و مجازات می‌شوند. Quantised,MFQ object-56 من معتقدم که قدرت یک تیم ورزشی از وفاداری اعضای آن به یکدیگر ناشی می‌شود.,MFQ object-56 من معتقدم که قدرت یک تیم ورزشی از وفاداری اعضای آن به یکدیگر ناشی می‌شود. Quantised,MFQ object-56 من فکر می‌کنم داشتن یک رهبر قوی برای جامعه مفید است.,MFQ object-56 من فکر می‌کنم داشتن یک رهبر قوی برای جامعه مفید است. Quantised,MFQ object-56 من به افرادی که تا زمان ازدواج باکرگی خود را حفظ می‌کنند، احترام می‌گذارم.,MFQ object-56 من به افرادی که تا زمان ازدواج باکرگی خود را حفظ می‌کنند، احترام می‌گذارم. Quantised,"MFQ object-56 بررسی توجه: اگر در حال خواندن این پرسش هستید، لطفاً گزینه ""​​من را در حد متوسط توصیف می کند"" را انتخاب کنید.","MFQ object-56 بررسی توجه: اگر در حال خواندن این پرسش هستید، لطفاً گزینه ""​​من را در حد متوسط توصیف می کند"" را انتخاب کنید. Quantised",relig_attendance object-58 Response,relig_attendance object-58 Quantised,relig_private object-59 Response,relig_private object-59 Quantised,relig_intrinsic object-60 من حضور خداوند را در زندگی ام حس می کنم.,relig_intrinsic object-60 من حضور خداوند را در زندگی ام حس می کنم. Quantised,relig_intrinsic object-60 باورهای مذهبی من زیربنای کل رویکرد من به زندگی است.,relig_intrinsic object-60 باورهای مذهبی من زیربنای کل رویکرد من به زندگی است. Quantised,relig_intrinsic object-60 من سخت تلاش می‌کنم که دینم را در تمام جنبه‌های دیگر زندگی لحاظ کنم.,relig_intrinsic object-60 من سخت تلاش می‌کنم که دینم را در تمام جنبه‌های دیگر زندگی لحاظ کنم. Quantised,swbls object-62 از بسیاری جهات زندگی من، به ایده‌آل من نزدیک است.,swbls object-62 از بسیاری جهات زندگی من، به ایده‌آل من نزدیک است. Quantised,swbls object-62 شرایط زندگی‌ام عالی است.,swbls object-62 شرایط زندگی‌ام عالی است. Quantised,swbls object-62 من از زندگی‌ام راضی هستم.,swbls object-62 من از زندگی‌ام راضی هستم. Quantised,swbls object-62 تا به حال به چیزهای مهمی که در زندگی می‌خواهم، رسیده‌ام.,swbls object-62 تا به حال به چیزهای مهمی که در زندگی می‌خواهم، رسیده‌ام. Quantised,swbls object-62 اگر می توانستم زندگی‌ام را دوباره از نو شروع کنم، تقریباً هیچ چیز را تغییر نمی‌دادم.,swbls object-62 اگر می توانستم زندگی‌ام را دوباره از نو شروع کنم، تقریباً هیچ چیز را تغییر نمی‌دادم. Quantised,Age object-65 Response,Age object-65 Quantised,gender object-66 Response,gender object-66 Quantised,gender object-66 Other,country_res object-67 Response,country_res object-67 Quantised,Migration object-68 Response,Migration object-68 Quantised,parent1 object-89 Response,parent1 object-89 Quantised,parent2 object-90 Response,parent2 object-90 Quantised,location_childhood object-71 Response,location_childhood object-71 Quantised,location_current object-72 Response,location_current object-72 Quantised,ethnicity object-73 Response,ethnicity object-73 Quantised,ethnicity object-73 Other,religion object-74 Response,religion object-74 Quantised,religion object-74 Other,education object-75 Response,education object-75 Quantised,student object-76 Response,student object-76 Quantised,income object-77 Response,income object-77 Quantised
1,1747076069822,12/05/2025 18:54,1747086869822,3.5,13/05/2025 00:54,225484,3,questionnaire-f9qm,,46102702,BLINDED,13404807,,complete,,,mobile,undefined K,Android 14,Chrome 135.0.7049.113,384x832,384x695,,,0,Moral Foundations to Debrief Mehdinejad,3,consent,من را بسیار درست توصیف می کند (۵),5,من را اصلا توصیف نمی کند (۱),1,من را بسیار درست توصیف می کند (۵),5,من را نسبتا درست توصیف می کند (۴),4,من را اصلا توصیف نمی کند (۱),1,من را در حد متوسط توصیف می کند (۳),3,من را بسیار درست توصیف می کند (۵),5,من را اصلا توصیف نمی کند (۱),1,من را بسیار درست توصیف می کند (۵),5,من را بسیار درست توصیف می کند (۵),5,من را اصلا توصیف نمی کند (۱),1,من را اصلا توصیف نمی کند (۱),1,من را بسیار درست توصیف می کند (۵),5,من را اصلا توصیف نمی کند (۱),1,من را نسبتا درست توصیف می کند (۴),4,من را نسبتا درست توصیف می کند (۴),4,من را اصلا توصیف نمی کند (۱),1,من را بسیار درست توصیف می کند (۵),5,من را نسبتا درست توصیف می کند (۴),4,من را اصلا توصیف نمی کند (۱),1,من را نسبتا درست توصیف می کند (۴),4,من را نسبتا درست توصیف می کند (۴),4,من را نسبتا درست توصیف می کند (۴),4,من را اصلا توصیف نمی کند (۱),1,من را در حد متوسط توصیف می کند (۳),3,من را اصلا توصیف نمی کند (۱),1,من را بسیار درست توصیف می کند (۵),5,من را در حد متوسط توصیف می کند (۳),3,من را اصلا توصیف نمی کند (۱),1,من را اصلا توصیف نمی کند (۱),1,من را نسبتا درست توصیف می کند (۴),4,من را نسبتا درست توصیف می کند (۴),4,من را بسیار درست توصیف می کند (۵),5,من را نسبتا درست توصیف می کند (۴),4,من را نسبتا درست توصیف می کند (۴),4,من را اصلا توصیف نمی کند (۱),1,من را در حد متوسط توصیف می کند (۳),3,هیچوقت,1,به ندرت یا هیچوقت,1,قطعا نادرست  (۱),1,قطعا نادرست  (۱),1,قطعا نادرست  (۱),1,تا حدودی مخالف (۳),3,نه موافق و نه مخالف (۴),4,نه موافق و نه مخالف (۴),4,تا حدودی موافق (۵),5,تا حدودی موافق (۵),5,21,5,زن,1,,Iran (ایران),80,من در این کشور به دنیا آمدم و بزرگ شدم,1,,0,,0,منطقه حومه شهر,2,منطقه حومه شهر,2,__other,8,ایرانی هستم.,هیچکدام (خداناباور/ندانم گرا),1,,دبیرستان (دوره متوسطه),2,بله,1,کنار آمدن با درآمد فعلی,2
1,1747076854389,12/05/2025 19:07,1747087654389,3.5,13/05/2025 01:07,225484,3,questionnaire-f9qm,,46102993,BLINDED,13404869,,complete,,,mobile,Apple iPhone,iOS 17.4.1,Mobile Safari 17.4.1,390x844,390x648,,,0,Moral Foundations to Debrief Mehdinejad,3,consent,من را بسیار درست توصیف می کند (۵),5,من را نسبتا درست توصیف می کند (۴),4,من را بسیار درست توصیف می کند (۵),5,من را بسیار درست توصیف می کند (۵),5,من را در حد متوسط توصیف می کند (۳),3,من را بسیار درست توصیف می کند (۵),5,من را بسیار درست توصیف می کند (۵),5,من را اندکی توصیف می کند (۲),2,من را بسیار درست توصیف می کند (۵),5,من را بسیار درست توصیف می کند (۵),5,من را اندکی توصیف می کند (۲),2,من را در حد متوسط توصیف می کند (۳),3,من را اندکی توصیف می کند (۲),2,من را نسبتا درست توصیف می کند (۴),4,من را بسیار درست توصیف می کند (۵),5,من را بسیار درست توصیف می کند (۵),5,من را نسبتا درست توصیف می کند (۴),4,من را بسیار درست توصیف می کند (۵),5,من را در حد متوسط توصیف می کند (۳),3,من را اندکی توصیف می کند (۲),2,من را بسیار درست توصیف می کند (۵),5,من را در حد متوسط توصیف می کند (۳),3,من را اندکی توصیف می کند (۲),2,من را اندکی توصیف می کند (۲),2,من را در حد متوسط توصیف می کند (۳),3,من را اصلا توصیف نمی کند (۱),1,من را نسبتا درست توصیف می کند (۴),4,من را در حد متوسط توصیف می کند (۳),3,من را در حد متوسط توصیف می کند (۳),3,من را اندکی توصیف می کند (۲),2,من را بسیار درست توصیف می کند (۵),5,من را در حد متوسط توصیف می کند (۳),3,من را بسیار درست توصیف می کند (۵),5,من را بسیار درست توصیف می کند (۵),5,من را بسیار درست توصیف می کند (۵),5,من را نسبتا درست توصیف می کند (۴),4,من را در حد متوسط توصیف می کند (۳),3,چند بار در سال,3,چند بار در ماه,2,قطعا درست (۵),5,حدودا درست (۴),4,مطمئن نیستم (۳),3,تا حدودی موافق (۵),5,تا حدودی موافق (۵),5,تا حدودی موافق (۵),5,تا حدودی موافق (۵),5,نه موافق و نه مخالف (۴),4,23,7,زن,1,,Iran (ایران),80,من در این کشور به دنیا آمدم و بزرگ شدم,1,,0,,0,منطقه شهری,1,منطقه شهری,1,گیلک/مازنی/شمالی,3,,اسلام,3,,تحصیلات تکمیلی (ارشد و دکتری),5,خیر,2,کنار آمدن با درآمد فعلی,2
1,1747073257572,12/05/2025 18:07,1747084057572,3.5,13/05/2025 00:07,225484,3,questionnaire-f9qm,,46103027,BLINDED,13404846,,complete,,,mobile,undefined K,Android 10,Chrome 136.0.0.0,360x720,360x592,,,0,Moral Foundations to Debrief Mehdinejad,3,consent,من را نسبتا درست توصیف می کند (۴),4,من را اندکی توصیف می کند (۲),2,من را اندکی توصیف می کند (۲),2,من را در حد متوسط توصیف می کند (۳),3,من را در حد متوسط توصیف می کند (۳),3,من را در حد متوسط توصیف می کند (۳),3,من را نسبتا درست توصیف می کند (۴),4,من را اصلا توصیف نمی کند (۱),1,من را اندکی توصیف می کند (۲),2,من را اندکی توصیف می کند (۲),2,من را اندکی توصیف می کند (۲),2,من را نسبتا درست توصیف می کند (۴),4,من را در حد متوسط توصیف می کند (۳),3,من را در حد متوسط توصیف می کند (۳),3,من را در حد متوسط توصیف می کند (۳),3,من را اندکی توصیف می کند (۲),2,من را در حد متوسط توصیف می کند (۳),3,من را نسبتا درست توصیف می کند (۴),4,من را نسبتا درست توصیف می کند (۴),4,من را اندکی توصیف می کند (۲),2,من را در حد متوسط توصیف می کند (۳),3,من را اندکی توصیف می کند (۲),2,من را در حد متوسط توصیف می کند (۳),3,من را اندکی توصیف می کند (۲),2,من را در حد متوسط توصیف می کند (۳),3,من را اندکی توصیف می کند (۲),2,من را در حد متوسط توصیف می کند (۳),3,من را در حد متوسط توصیف می کند (۳),3,من را اندکی توصیف می کند (۲),2,من را اندکی توصیف می کند (۲),2,من را نسبتا درست توصیف می کند (۴),4,من را در حد متوسط توصیف می کند (۳),3,من را در حد متوسط توصیف می کند (۳),3,من را نسبتا درست توصیف می کند (۴),4,من را در حد متوسط توصیف می کند (۳),3,من را نسبتا درست توصیف می کند (۴),4,من را در حد متوسط توصیف می کند (۳),3,چند بار در ماه,4,بیش از یک بار در روز,6,حدودا درست (۴),4,قطعا درست (۵),5,قطعا درست (۵),5,مخالف (۲),2,موافق (۶),6,نه موافق و نه مخالف (۴),4,تا حدودی موافق (۵),5,بسیار مخالف (۱),1,27,11,زن,1,,Iran (ایران),80,من در این کشور به دنیا آمدم و بزرگ شدم,1,,0,,0,منطقه شهری,1,منطقه شهری,1,لر,5,,اسلام,3,,تحصیلات تکمیلی (ارشد و دکتری),5,بله,1,زندگی راحت با درآمد فعلی,1
1,1747077725389,12/05/2025 19:22,1747088525389,3.5,13/05/2025 01:22,225484,3,questionnaire-f9qm,,46103313,BLINDED,13404959,,complete,,,mobile,Apple iPhone,iOS 18.0.1,Mobile Safari 18.0.1,390x844,390x648,,,0,Moral Foundations to Debrief Mehdinejad,3,consent,من را نسبتا درست توصیف می کند (۴),4,من را در حد متوسط توصیف می کند (۳),3,من را نسبتا درست توصیف می کند (۴),4,من را نسبتا درست توصیف می کند (۴),4,من را اندکی توصیف می کند (۲),2,من را نسبتا درست توصیف می کند (۴),4,من را نسبتا درست توصیف می کند (۴),4,من را اندکی توصیف می کند (۲),2,من را نسبتا درست توصیف می کند (۴),4,من را نسبتا درست توصیف می کند (۴),4,من را اندکی توصیف می کند (۲),2,من را در حد متوسط توصیف می کند (۳),3,من را نسبتا درست توصیف می کند (۴),4,من را نسبتا درست توصیف می کند (۴),4,من را نسبتا درست توصیف می کند (۴),4,من را در حد متوسط توصیف می کند (۳),3,من را اندکی توصیف می کند (۲),2,من را در حد متوسط توصیف می کند (۳),3,من را نسبتا درست توصیف می کند (۴),4,من را اندکی توصیف می کند (۲),2,من را نسبتا درست توصیف می کند (۴),4,من را در حد متوسط توصیف می کند (۳),3,من را اندکی توصیف می کند (۲),2,من را اندکی توصیف می کند (۲),2,من را نسبتا درست توصیف می کند (۴),4,من را در حد متوسط توصیف می کند (۳),3,من را نسبتا درست توصیف می کند (۴),4,من را در حد متوسط توصیف می کند (۳),3,من را اندکی توصیف می کند (۲),2,من را اصلا توصیف نمی کند (۱),1,من را نسبتا درست توصیف می کند (۴),4,من را اندکی توصیف می کند (۲),2,من را نسبتا درست توصیف می کند (۴),4,من را نسبتا درست توصیف می کند (۴),4,من را در حد متوسط توصیف می کند (۳),3,من را اندکی توصیف می کند (۲),2,من را در حد متوسط توصیف می کند (۳),3,چند بار در سال,3,چند بار در ماه,2,حدودا درست (۴),4,حدودا نادرست (۲),2,حدودا نادرست (۲),2,تا حدودی مخالف (۳),3,تا حدودی مخالف (۳),3,تا حدودی مخالف (۳),3,نه موافق و نه مخالف (۴),4,مخالف (۲),2,24,8,زن,1,,Iran (ایران),80,من در این کشور به دنیا آمدم و بزرگ شدم,1,,0,,0,منطقه شهری,1,منطقه شهری,1,گیلک/مازنی/شمالی,3,,اسلام,3,,کارشناسی (لیسانس),4,خیر,2,کنار آمدن با درآمد فعلی,2
1,1747123611841,13/05/2025 08:06,1747134411841,3.5,13/05/2025 14:06,225484,3,questionnaire-f9qm,,46112921,BLINDED,13407512,,complete,,,mobile,undefined K,Android 11,Chrome 135.0.7049.111,412x915,411x781,,,0,Moral Foundations to Debrief Mehdinejad,3,consent,من را نسبتا درست توصیف می کند (۴),4,من را اندکی توصیف می کند (۲),2,من را در حد متوسط توصیف می کند (۳),3,من را نسبتا درست توصیف می کند (۴),4,من را اصلا توصیف نمی کند (۱),1,من را اصلا توصیف نمی کند (۱),1,من را بسیار درست توصیف می کند (۵),5,من را اندکی توصیف می کند (۲),2,من را نسبتا درست توصیف می کند (۴),4,من را بسیار درست توصیف می کند (۵),5,من را اصلا توصیف نمی کند (۱),1,من را نسبتا درست توصیف می کند (۴),4,من را در حد متوسط توصیف می کند (۳),3,من را نسبتا درست توصیف می کند (۴),4,من را نسبتا درست توصیف می کند (۴),4,من را اندکی توصیف می کند (۲),2,من را اندکی توصیف می کند (۲),2,من را اصلا توصیف نمی کند (۱),1,من را بسیار درست توصیف می کند (۵),5,من را اصلا توصیف نمی کند (۱),1,من را بسیار درست توصیف می کند (۵),5,من را اندکی توصیف می کند (۲),2,من را در حد متوسط توصیف می کند (۳),3,من را اصلا توصیف نمی کند (۱),1,من را نسبتا درست توصیف می کند (۴),4,من را اصلا توصیف نمی کند (۱),1,من را در حد متوسط توصیف می کند (۳),3,من را نسبتا درست توصیف می کند (۴),4,من را اصلا توصیف نمی کند (۱),1,من را نسبتا درست توصیف می کند (۴),4,من را بسیار درست توصیف می کند (۵),5,من را در حد متوسط توصیف می کند (۳),3,من را نسبتا درست توصیف می کند (۴),4,من را نسبتا درست توصیف می کند (۴),4,من را اصلا توصیف نمی کند (۱),1,من را اصلا توصیف نمی کند (۱),1,من را در حد متوسط توصیف می کند (۳),3,هیچوقت,1,به ندرت یا هیچوقت,1,قطعا نادرست  (۱),1,قطعا نادرست  (۱),1,قطعا نادرست  (۱),1,بسیار مخالف (۱),1,مخالف (۲),2,مخالف (۲),2,بسیار مخالف (۱),1,نه موافق و نه مخالف (۴),4,23,7,زن,1,,Iran (ایران),80,من در این کشور به دنیا آمدم و بزرگ شدم,1,,0,,0,منطقه شهری,1,منطقه شهری,1,گیلک/مازنی/شمالی,3,,هیچکدام (خداناباور/ندانم گرا),1,,کارشناسی (لیسانس),4,خیر,2,زندگی دشوار با درآمد فعلی,3
1,1747133581730,13/05/2025 10:53,1747144381730,3.5,13/05/2025 16:53,225484,3,questionnaire-f9qm,,46124202,BLINDED,13409754,,live,,,computer,Desktop or Laptop,Windows 10,Firefox 138.0,1920x1080,1920x955,,,0,Moral Foundations to Debrief Mehdinejad,3,consent,,,,,,,,,,,,,,,,,,,,,,,,,,,,,,,,,,,,,,,,,,,,,,,,,,,,,,,,,,,,,,,,,,,,,,,,,,,,,,,,,,,,,,,,,,,,,,,30,14,,,,Iran (ایران),80,من در این کشور به دنیا آمدم و بزرگ شدم,1,,0,,,,,,,,,,,,,,,,,,
1,1747149629050,13/05/2025 15:20,1747160429050,3.5,13/05/2025 21:20,225484,3,questionnaire-f9qm,,46137430,BLINDED,13412130,,complete,,,mobile,undefined K,Android 13,Chrome 135.0.7049.113,385x854,384x725,,,0,Moral Foundations to Debrief Mehdinejad,3,consent,من را بسیار درست توصیف می کند (۵),5,من را نسبتا درست توصیف می کند (۴),4,من را بسیار درست توصیف می کند (۵),5,من را اندکی توصیف می کند (۲),2,من را اندکی توصیف می کند (۲),2,من را در حد متوسط توصیف می کند (۳),3,من را بسیار درست توصیف می کند (۵),5,من را نسبتا درست توصیف می کند (۴),4,من را بسیار درست توصیف می کند (۵),5,من را اصلا توصیف نمی کند (۱),1,من را اصلا توصیف نمی کند (۱),1,من را بسیار درست توصیف می کند (۵),5,من را بسیار درست توصیف می کند (۵),5,من را نسبتا درست توصیف می کند (۴),4,من را بسیار درست توصیف می کند (۵),5,من را اندکی توصیف می کند (۲),2,من را اندکی توصیف می کند (۲),2,من را نسبتا درست توصیف می کند (۴),4,من را بسیار درست توصیف می کند (۵),5,من را نسبتا درست توصیف می کند (۴),4,من را بسیار درست توصیف می کند (۵),5,من را اندکی توصیف می کند (۲),2,من را اندکی توصیف می کند (۲),2,من را اندکی توصیف می کند (۲),2,من را نسبتا درست توصیف می کند (۴),4,من را اصلا توصیف نمی کند (۱),1,من را بسیار درست توصیف می کند (۵),5,من را در حد متوسط توصیف می کند (۳),3,من را اصلا توصیف نمی کند (۱),1,من را اصلا توصیف نمی کند (۱),1,من را بسیار درست توصیف می کند (۵),5,من را نسبتا درست توصیف می کند (۴),4,من را نسبتا درست توصیف می کند (۴),4,من را اصلا توصیف نمی کند (۱),1,من را بسیار درست توصیف می کند (۵),5,من را نسبتا درست توصیف می کند (۴),4,من را در حد متوسط توصیف می کند (۳),3,یکبار در سال یا کمتر,2,یکبار در روز,5,حدودا درست (۴),4,مطمئن نیستم (۳),3,حدودا نادرست (۲),2,بسیار مخالف (۱),1,بسیار مخالف (۱),1,مخالف (۲),2,بسیار مخالف (۱),1,بسیار مخالف (۱),1,25,9,زن,1,,Iran (ایران),80,من در این کشور به دنیا آمدم و بزرگ شدم,1,,0,,0,منطقه شهری,1,منطقه شهری,1,فارس,1,,اسلام,3,,تحصیلات تکمیلی (ارشد و دکتری),5,خیر,2,زندگی دشوار با درآمد فعلی,3
1,1747166550646,13/05/2025 20:02,1747177350646,3.5,14/05/2025 02:02,225484,3,questionnaire-f9qm,,46152584,BLINDED,13415513,,complete,,,mobile,Apple iPhone,iOS 18.4.1,Mobile Safari 18.4.1,390x844,390x648,,,0,Moral Foundations to Debrief Mehdinejad,3,consent,من را در حد متوسط توصیف می کند (۳),3,من را اندکی توصیف می کند (۲),2,من را نسبتا درست توصیف می کند (۴),4,من را اصلا توصیف نمی کند (۱),1,من را اندکی توصیف می کند (۲),2,من را اندکی توصیف می کند (۲),2,من را در حد متوسط توصیف می کند (۳),3,من را اصلا توصیف نمی کند (۱),1,من را در حد متوسط توصیف می کند (۳),3,من را اصلا توصیف نمی کند (۱),1,من را اصلا توصیف نمی کند (۱),1,من را اندکی توصیف می کند (۲),2,من را اندکی توصیف می کند (۲),2,من را نسبتا درست توصیف می کند (۴),4,من را نسبتا درست توصیف می کند (۴),4,من را اصلا توصیف نمی کند (۱),1,من را اصلا توصیف نمی کند (۱),1,من را در حد متوسط توصیف می کند (۳),3,من را در حد متوسط توصیف می کند (۳),3,من را اصلا توصیف نمی کند (۱),1,من را در حد متوسط توصیف می کند (۳),3,من را اصلا توصیف نمی کند (۱),1,من را اندکی توصیف می کند (۲),2,من را اندکی توصیف می کند (۲),2,من را اندکی توصیف می کند (۲),2,من را اصلا توصیف نمی کند (۱),1,من را نسبتا درست توصیف می کند (۴),4,من را اندکی توصیف می کند (۲),2,من را اصلا توصیف نمی کند (۱),1,من را اصلا توصیف نمی کند (۱),1,من را نسبتا درست توصیف می کند (۴),4,من را در حد متوسط توصیف می کند (۳),3,من را در حد متوسط توصیف می کند (۳),3,من را در حد متوسط توصیف می کند (۳),3,من را نسبتا درست توصیف می کند (۴),4,من را اصلا توصیف نمی کند (۱),1,من را در حد متوسط توصیف می کند (۳),3,یکبار در سال یا کمتر,2,به ندرت یا هیچوقت,1,مطمئن نیستم (۳),3,حدودا نادرست (۲),2,حدودا نادرست (۲),2,مخالف (۲),2,مخالف (۲),2,تا حدودی مخالف (۳),3,تا حدودی مخالف (۳),3,مخالف (۲),2,22,6,زن,1,,Iran (ایران),80,من در این کشور به دنیا آمدم و بزرگ شدم,1,,0,,0,منطقه شهری,1,منطقه شهری,1,فارس,1,,ترجیح می دهم پاسخ ندهم,7,,کارشناسی (لیسانس),4,خیر,2,زندگی راحت با درآمد فعلی,1
1,1747200961213,14/05/2025 05:36,1747215361213,4.5,14/05/2025 13:36,225484,3,questionnaire-f9qm,,46156972,BLINDED,13416793,,complete,,,mobile,Samsung SM-A325F,Android 13,Chrome 104.0.0.0,412x915,412x780,,,0,Moral Foundations to Debrief Mehdinejad,3,consent,من را نسبتا درست توصیف می کند (۴),4,من را بسیار درست توصیف می کند (۵),5,من را بسیار درست توصیف می کند (۵),5,من را بسیار درست توصیف می کند (۵),5,من را بسیار درست توصیف می کند (۵),5,من را اندکی توصیف می کند (۲),2,من را نسبتا درست توصیف می کند (۴),4,من را در حد متوسط توصیف می کند (۳),3,من را اندکی توصیف می کند (۲),2,من را در حد متوسط توصیف می کند (۳),3,من را در حد متوسط توصیف می کند (۳),3,من را بسیار درست توصیف می کند (۵),5,من را اندکی توصیف می کند (۲),2,من را بسیار درست توصیف می کند (۵),5,من را بسیار درست توصیف می کند (۵),5,من را در حد متوسط توصیف می کند (۳),3,من را بسیار درست توصیف می کند (۵),5,من را بسیار درست توصیف می کند (۵),5,من را بسیار درست توصیف می کند (۵),5,من را نسبتا درست توصیف می کند (۴),4,من را بسیار درست توصیف می کند (۵),5,من را بسیار درست توصیف می کند (۵),5,من را بسیار درست توصیف می کند (۵),5,من را اندکی توصیف می کند (۲),2,من را بسیار درست توصیف می کند (۵),5,من را اصلا توصیف نمی کند (۱),1,من را بسیار درست توصیف می کند (۵),5,من را بسیار درست توصیف می کند (۵),5,من را اندکی توصیف می کند (۲),2,من را اندکی توصیف می کند (۲),2,من را در حد متوسط توصیف می کند (۳),3,من را در حد متوسط توصیف می کند (۳),3,من را بسیار درست توصیف می کند (۵),5,من را در حد متوسط توصیف می کند (۳),3,من را بسیار درست توصیف می کند (۵),5,من را بسیار درست توصیف می کند (۵),5,من را در حد متوسط توصیف می کند (۳),3,چند بار در سال,3,بیش از یک بار در روز,6,قطعا درست (۵),5,حدودا درست (۴),4,قطعا درست (۵),5,تا حدودی موافق (۵),5,تا حدودی مخالف (۳),3,تا حدودی مخالف (۳),3,مخالف (۲),2,مخالف (۲),2,50,34,زن,1,,Iran (ایران),80,من در این کشور به دنیا آمدم و بزرگ شدم,1,,0,,0,منطقه شهری,1,منطقه شهری,1,فارس,1,,اسلام,3,,کارشناسی (لیسانس),4,خیر,2,کنار آمدن با درآمد فعلی,2
1,1747236834391,14/05/2025 15:33,1747247634391,3.5,14/05/2025 21:33,225484,3,questionnaire-f9qm,,46180589,BLINDED,13421902,,complete,,,mobile,Samsung SM-A507FN,Android 11,Android Browser 4.0,412x892,411x764,,,0,Moral Foundations to Debrief Mehdinejad,3,consent,من را نسبتا درست توصیف می کند (۴),4,من را نسبتا درست توصیف می کند (۴),4,من را بسیار درست توصیف می کند (۵),5,من را بسیار درست توصیف می کند (۵),5,من را بسیار درست توصیف می کند (۵),5,من را بسیار درست توصیف می کند (۵),5,من را بسیار درست توصیف می کند (۵),5,من را نسبتا درست توصیف می کند (۴),4,من را بسیار درست توصیف می کند (۵),5,من را بسیار درست توصیف می کند (۵),5,من را بسیار درست توصیف می کند (۵),5,من را بسیار درست توصیف می کند (۵),5,من را بسیار درست توصیف می کند (۵),5,من را بسیار درست توصیف می کند (۵),5,من را بسیار درست توصیف می کند (۵),5,من را بسیار درست توصیف می کند (۵),5,من را بسیار درست توصیف می کند (۵),5,من را بسیار درست توصیف می کند (۵),5,من را بسیار درست توصیف می کند (۵),5,من را نسبتا درست توصیف می کند (۴),4,من را بسیار درست توصیف می کند (۵),5,من را بسیار درست توصیف می کند (۵),5,من را بسیار درست توصیف می کند (۵),5,من را بسیار درست توصیف می کند (۵),5,من را بسیار درست توصیف می کند (۵),5,من را اصلا توصیف نمی کند (۱),1,من را بسیار درست توصیف می کند (۵),5,من را بسیار درست توصیف می کند (۵),5,من را در حد متوسط توصیف می کند (۳),3,من را بسیار درست توصیف می کند (۵),5,من را بسیار درست توصیف می کند (۵),5,من را بسیار درست توصیف می کند (۵),5,من را بسیار درست توصیف می کند (۵),5,من را بسیار درست توصیف می کند (۵),5,من را بسیار درست توصیف می کند (۵),5,من را بس��ار درست توصیف می کند (۵),5,من را در حد متوسط توصیف می کند (۳),3,بیش از یک بار در هفته,6,بیش از یک بار در روز,6,قطعا درست (۵),5,قطعا درست (۵),5,قطعا درست (۵),5,تا حدودی مخالف (۳),3,مخالف (۲),2,مخالف (۲),2,تا حدودی مخالف (۳),3,بسیار مخالف (۱),1,54,38,زن,1,,Iran (ایران),80,من در این کشور به دنیا آمدم و بزرگ شدم,1,,0,,0,منطقه روستایی,3,منطقه روستایی,3,گیلک/مازنی/شمالی,3,,اسلام,3,,تحصیلات تکمیلی (ارشد و دکتری),5,خیر,2,زندگی بسیار دشوار با درآمد فعلی,4
1,1747285894759,15/05/2025 05:11,1747296694759,3.5,15/05/2025 11:11,225484,3,questionnaire-f9qm,,46195886,BLINDED,13425794,,complete,,,mobile,undefined K,Android 10,Samsung Internet 24.0,412x915,412x784,,,0,Moral Foundations to Debrief Mehdinejad,3,consent,من را بسیار درست توصیف می کند (۵),5,من را بسیار درست توصیف می کند (۵),5,من را بسیار درست توصیف می کند (۵),5,من را بسیار درست توصیف می کند (۵),5,من را بسیار درست توصیف می کند (۵),5,من را بسیار درست توصیف می کند (۵),5,من را بسیار درست توصیف می کند (۵),5,من را نسبتا درست توصیف می کند (۴),4,من را بسیار درست توصیف می کند (۵),5,من را بسیار درست توصیف می کند (۵),5,من را بسیار درست توصیف می کند (۵),5,من را بسیار درست توصیف می کند (۵),5,من را بسیار درست توصیف می کند (۵),5,من را بسیار درست توصیف می کند (۵),5,من را بسیار درست توصیف می کند (۵),5,من را بسیار درست توصیف می کند (۵),5,من را بسیار درست توصیف می کند (۵),5,من را بسیار درست توصیف می کند (۵),5,من را بسیار درست توصیف می کند (۵),5,من را بسیار درست توصیف می کند (۵),5,من را بسیار درست توصیف می کند (۵),5,من را بسیار درست توصیف می کند (۵),5,من را بسیار درست توصیف می کند (۵),5,من را بسیار درست توصیف می کند (۵),5,من را بسیار درست توصیف می کند (۵),5,من را اصلا توصیف نمی کند (۱),1,من را بسیار درست توصیف می کند (۵),5,من را بسیار درست توصیف می کند (۵),5,من را اصلا توصیف نمی کند (۱),1,من را بسیار درست توصیف می کند (۵),5,من را بسیار درست توصیف می کند (۵),5,من را اصلا توصیف نمی کند (۱),1,من را بسیار درست توصیف می کند (۵),5,من را بسیار درست توصیف می کند (۵),5,من را بسیار درست توصیف می کند (۵),5,من را بسیار درست توصیف می کند (۵),5,من را در حد متوسط توصیف می کند (۳),3,چند بار در سال,3,بیش از یک بار در روز,6,قطعا درست (۵),5,قطعا درست (۵),5,قطعا درست (۵),5,موافق (۶),6,موافق (۶),6,بسیار موافق (۷),7,تا حدودی موافق (۵),5,نه موافق و نه مخالف (۴),4,52,36,زن,1,,Iran (ایران),80,من در این کشور به دنیا آمدم و بزرگ شدم,1,,0,,0,منطقه روستایی,3,منطقه روستایی,3,گیلک/مازنی/شمالی,3,,اسلام,3,,تحصیلات تکمیلی (ارشد و دکتری),5,خیر,2,کنار آمدن با درآمد فعلی,2
1,1747303776329,15/05/2025 10:09,1747314576329,3.5,15/05/2025 16:09,225484,3,questionnaire-f9qm,,46208106,BLINDED,13427707,,live,,,mobile,undefined K,Android 10,MIUI Browser 14.18.1,393x851,393x663,,,0,Moral Foundations to Debrief Mehdinejad,3,consent,من را در حد متوسط توصیف می کند (۳),3,من را نسبتا درست توصیف می کند (۴),4,من را اندکی توصیف می کند (۲),2,من را بسیار درست توصیف می کند (۵),5,من را بسیار درست توصیف می کند (۵),5,من را در حد متوسط توصیف می کند (۳),3,من را اندکی توصیف می کند (۲),2,من را اندکی توصیف می کند (۲),2,من را اندکی توصیف می کند (۲),2,من را بسیار درست توصیف می کند (۵),5,من را بسیار درست توصیف می کند (۵),5,من را بسیار درست توصیف می کند (۵),5,من را بسیار درست توصیف می کند (۵),5,من را بسیار درست توصیف می کند (۵),5,من را بسیار درست توصیف می کند (۵),5,من را بسیار درست توصیف می کند (۵),5,من را بسیار درست توصیف می کند (۵),5,من را بسیار درست توصیف می کند (۵),5,من را نسبتا درست توصیف می کند (۴),4,من را نسبتا درست توصیف می کند (۴),4,من را نسبتا درست توصیف می کند (۴),4,من را بسیار درست توصیف می کند (۵),5,من را نسبتا درست توصیف می کند (۴),4,من را بسیار درست توصیف می کند (۵),5,من را نسبتا درست توصیف می کند (۴),4,من را در حد متوسط توصیف می کند (۳),3,من را در حد متوسط توصیف می کند (۳),3,من را بسیار درست توصیف می کند (۵),5,من را در حد متوسط توصیف می کند (۳),3,من را اصلا توصیف نمی کند (۱),1,من را نسبتا درست توصیف می کند (۴),4,من را نسبتا درست توصیف می کند (۴),4,من را نسبتا درست توصیف می کند (۴),4,من را نسبتا درست توصیف می کند (۴),4,من را بسیار درست توصیف می کند (۵),5,من را بسیار درست توصیف می کند (۵),5,من را در حد متوسط توصیف می کند (۳),3,چند بار در سال,3,به ندرت یا هیچوقت,1,قطعا درست (۵),5,قطعا درست (۵),5,حدودا درست (۴),4,تا حدودی موافق (۵),5,موافق (۶),6,موافق (۶),6,موافق (۶),6,تا حدودی مخالف (۳),3,,,,,,,,,,,,,,,,,,,,,,,,,,,,,
1,1747335852953,15/05/2025 19:04,1747346652953,3.5,16/05/2025 01:04,225484,3,questionnaire-f9qm,,46227513,BLINDED,13431553,,complete,,,mobile,undefined K,Android 11,Chrome 135.0.7049.113,412x892,411x756,,,0,Moral Foundations to Debrief Mehdinejad,3,consent,من را بسیار درست توصیف می کند (۵),5,من را نسبتا درست توصیف می کند (۴),4,من را بسیار درست توصیف می کند (۵),5,من را بسیار درست توصیف می کند (۵),5,من را بسیار درست توصیف می کند (۵),5,من را نسبتا درست توصیف می کند (۴),4,من را نسبتا درست توصیف می کند (۴),4,من را نسبتا درست توصیف می کند (۴),4,من را نسبتا درست توصیف می کند (۴),4,من را بسیار درست توصیف می کند (۵),5,من را در حد متوسط توصیف می کند (۳),3,من را در حد متوسط توصیف می کند (۳),3,من را اندکی توصیف می کند (۲),2,من را نسبتا درست توصیف می کند (۴),4,من را بسیار درست توصیف می کند (۵),5,من را نسبتا درست توصیف می کند (۴),4,من را نسبتا درست توصیف می کند (۴),4,من را نسبتا درست توصیف می کند (۴),4,من را نسبتا درست توصیف می کند (۴),4,من را نسبتا درست توصیف می کند (۴),4,من را بسیار درست توصیف می کند (۵),5,من را در حد متوسط توصیف می کند (۳),3,من را نسبتا درست توصیف می کند (۴),4,من را اصلا توصیف نمی کند (۱),1,من را در حد متوسط توصیف می کند (۳),3,من را نسبتا درست توصیف می کند (۴),4,من را نسبتا درست توصیف می کند (۴),4,من را نسبتا درست توصیف می کند (۴),4,من را در حد متوسط توصیف می کند (۳),3,من را نسبتا درست توصیف می کند (۴),4,من را بسیار درست توصیف می کند (۵),5,من را در حد متوسط توصیف می کند (۳),3,من را در حد متوسط توصیف می کند (۳),3,من را بسیار درست توصیف می کند (۵),5,من را بسیار درست توصیف می کند (۵),5,من را نسبتا درست توصیف می کند (۴),4,من را در حد متوسط توصیف می کند (۳),3,یکبار در سال یا کمتر,2,دو یا چند بار در هفته,4,قطعا درست (۵),5,حدودا درست (۴),4,حدودا درست (۴),4,تا حدودی موافق (۵),5,موافق (۶),6,موافق (۶),6,موافق (۶),6,موافق (۶),6,22,6,زن,1,,Iran (ایران),80,من در این کشور به دنیا آمدم و بزرگ شدم,1,,0,,0,منطقه شهری,1,منطقه شهری,1,ترک/آذری,2,,اسلام,3,,کارشناسی (لیسانس),4,خیر,2,کنار آمدن با درآمد فعلی,2
1,1747345609433,15/05/2025 21:46,1747356409433,3.5,16/05/2025 03:46,225484,3,questionnaire-f9qm,,46230824,BLINDED,13432993,,complete,,,mobile,undefined K,Android 11,Chrome 134.0.6998.135,393x873,392x736,,,0,Moral Foundations to Debrief Mehdinejad,3,consent,من را بسیار درست توصیف می کند (۵),5,من را نسبتا درست توصیف می کند (۴),4,من را بسیار درست توصیف می کند (۵),5,من را بسیار درست توصیف می کند (۵),5,من را اصلا توصیف نمی کند (۱),1,من را در حد متوسط توصیف می کند (۳),3,من را نسبتا درست توصیف می کند (۴),4,من را در حد متوسط توصیف می کند (۳),3,من را نسبتا درست توصیف می کند (۴),4,من را در حد متوسط توصیف می کند (۳),3,من را اندکی توصیف می کند (۲),2,من را اصلا توصیف نمی کند (۱),1,من را نسبتا درست توصیف می کند (۴),4,من را نسبتا درست توصیف می کند (۴),4,من را نسبتا درست توصیف می کند (۴),4,من را اندکی توصیف می کند (۲),2,من را اصلا توصیف نمی کند (۱),1,من را در حد متوسط توصیف می کند (۳),3,من را نسبتا درست توصیف می کند (۴),4,من را در حد متوسط توصیف می کند (۳),3,من را بسیار درست توصیف می کند (۵),5,من را اصلا توصیف نمی کند (۱),1,من را اندکی توصیف می کند (۲),2,من را اصلا توصیف نمی کند (۱),1,من را در حد متوسط توصیف می کند (۳),3,من را اصلا توصیف نمی کند (۱),1,من را نسبتا درست توصیف می کند (۴),4,من را نسبتا درست توصیف می کند (۴),4,من را اندکی توصیف می کند (۲),2,من را اندکی توصیف می کند (۲),2,من را بسیار درست توصیف می کند (۵),5,من را در حد متوسط توصیف می کند (۳),3,من را نسبتا درست توصیف می کند (۴),4,من را نسبتا درست توصیف می کند (۴),4,من را بسیار درست توصیف می کند (۵),5,من را بسیار درست توصیف می کند (۵),5,من را در حد متوسط توصیف می کند (۳),3,چند بار در سال,3,دو یا چند بار در هفته,4,قطعا درست (۵),5,قطعا نادرست  (۱),1,قطعا نادرست  (۱),1,مخالف (۲),2,نه موافق و نه مخالف (۴),4,نه موافق و نه مخالف (۴),4,مخالف (۲),2,موافق (۶),6,20,4,زن,1,,Iran (ایران),80,من در این کشور به دنیا آمدم و بزرگ شدم,1,,0,,0,منطقه روستایی,3,منطقه روستایی,3,گیلک/مازنی/شمالی,3,,__other,8,به خدا باور کامل دارم اما ادیان رو قبول ندارم,دبیرستان (دوره متوسطه),2,بله,1,زندگی دشوار با درآمد فعلی,3
1,1747379490311,16/05/2025 07:11,1747390290311,3.5,16/05/2025 13:11,225484,3,questionnaire-f9qm,,46235378,BLINDED,13435926,,complete,,,mobile,Apple iPhone,iOS 18.1,Mobile Safari 18.1,390x844,390x648,,,0,Moral Foundations to Debrief Mehdinejad,3,consent,من را نسبتا درست توصیف می کند (۴),4,من را در حد متوسط توصیف می کند (۳),3,من را نسبتا درست توصیف می کند (۴),4,من را در حد متوسط توصیف می کند (۳),3,من را نسبتا درست توصیف می کند (۴),4,من را اصلا توصیف نمی کند (۱),1,من را اندکی توصیف می کند (۲),2,من را در حد متوسط توصیف می کند (۳),3,من را در حد متوسط توصیف می کند (۳),3,من را در حد متوسط توصیف می کند (۳),3,من را در حد متوسط توصیف می کند (۳),3,من را در حد متوسط توصیف می کند (۳),3,من را در حد متوسط توصیف می کند (۳),3,من را اندکی توصیف می کند (۲),2,من را در حد متوسط توصیف می کند (۳),3,من را نسبتا درست توصیف می کند (۴),4,من را در حد متوسط توصیف می کند (۳),3,من را در حد متوسط توصیف می کند (۳),3,من را نسبتا درست توصیف می کند (۴),4,من را نسبتا درست توصیف می کند (۴),4,من را نسبتا درست توصیف می کند (۴),4,من را نسبتا درست توصیف می کند (۴),4,من را نسبتا درست توصیف می کند (۴),4,من را در حد متوسط توصیف می کند (۳),3,من را نسبتا درست توصیف می کند (۴),4,من را نسبتا درست توصیف می کند (۴),4,من را نسبتا درست توصیف می کند (۴),4,من را اندکی توصیف می کند (۲),2,من را اندکی توصیف می کند (۲),2,من را اندکی توصیف می کند (۲),2,من را اندکی توصیف می کند (۲),2,من را اندکی توصیف می کند (۲),2,من را اندکی توصیف می کند (۲),2,من را اندکی توصیف می کند (۲),2,من را در حد متوسط توصیف می کند (۳),3,من را در حد متوسط توصیف می کند (۳),3,من را بسیار درست توصیف می کند (۵),5,هیچوقت,1,چند بار در ماه,2,مطمئن نیستم (۳),3,قطعا نادرست  (۱),1,قطعا نادرست  (۱),1,نه موافق و نه مخالف (۴),4,تا حدودی موافق (۵),5,موافق (۶),6,تا حدودی موافق (۵),5,تا حدودی موافق (۵),5,24,8,زن,1,,Iran (ایران),80,من در این کشور به دنیا آمدم و بزرگ شدم,1,,0,,0,منطقه شهری,1,منطقه شهری,1,چند گروه (لطفا توضیح دهید),6,,ترجیح می دهم پاسخ ندهم,7,,تحصیلات تکمیلی (ارشد و دکتری),5,بله,1,کنار آمدن با درآمد فعلی,2
1,1747384533901,16/05/2025 08:35,1747395333901,3.5,16/05/2025 14:35,225484,3,questionnaire-f9qm,,46237038,BLINDED,13436717,,complete,,,mobile,undefined K,Android 10,Chrome 111.0.0.0,412x915,412x777,,,0,Moral Foundations to Debrief Mehdinejad,3,consent,,,,,,,,,,,,,,,,,,,,,,,,,,,,,,,,,,,,,,,,,,,,,,,,,,,,,,,,,,,,,,,,,,,,,,,,,,,,,,,,,,,,,,,,,,,,,,,20,4,,,,Iran (ایران),80,من در این کشور به دنیا آمدم و بزرگ شدم,1,,0,,0,,,,,,,,,,,,,خیر,2,,
1,1747510797057,17/05/2025 19:39,1747521597057,3.5,18/05/2025 01:39,225484,3,questionnaire-f9qm,,46279225,BLINDED,13448425,,complete,,,mobile,undefined K,Android 10,Chrome 136.0.0.0,412x732,411x651,,,0,Moral Foundations to Debrief Mehdinejad,3,consent,من را بسیار درست توصیف می کند (۵),5,من را اندکی توصیف می کند (۲),2,من را بسیار درست توصیف می کند (۵),5,من را بسیار درست توصیف می کند (۵),5,من را بسیار درست توصیف می کند (۵),5,من را بسیار درست توصیف می کند (۵),5,من را بسیار درست توصیف می کند (۵),5,من را در حد متوسط توصیف می کند (۳),3,من را اصلا توصیف نمی کند (۱),1,من را نسبتا درست توصیف می کند (۴),4,من را بسیار درست توصیف می کند (۵),5,من را بسیار درست توصیف می کند (۵),5,من را بسیار درست توصیف می کند (۵),5,من را بسیار درست توصیف می کند (۵),5,من را بسیار درست توصیف می کند (۵),5,من را بسیار درست توصیف می کند (۵),5,من را در حد متوسط توصیف می کند (۳),3,من را بسیار درست توصیف می کند (۵),5,من را بسیار درست توصیف می کند (۵),5,من را در حد متوسط توصیف می کند (۳),3,من را بسیار درست توصیف می کند (۵),5,من را در حد متوسط توصیف می کند (۳),3,من را بسیار درست توصیف می کند (۵),5,من را اصلا توصیف نمی کند (۱),1,من را بسیار درست توصیف می کند (۵),5,من را اندکی توصیف می کند (۲),2,من را بسیار درست توصیف می کند (۵),5,من را بسیار درست توصیف می کند (۵),5,من را اصلا توصیف نمی کند (۱),1,من را اصلا توصیف نمی کند (۱),1,من را بسیار درست توصیف می کند (۵),5,من را بسیار درست توصیف می کند (۵),5,من را بسیار درست توصیف می کند (۵),5,من را بسیار درست توصیف می کند (۵),5,من را بسیار درست توصیف می کند (۵),5,من را بسیار درست توصیف می کند (۵),5,من را در حد متوسط توصیف می کند (۳),3,چند بار در سال,3,بیش از یک بار در روز,6,حدودا درست (۴),4,حدودا درست (۴),4,حدودا درست (۴),4,بسیار مخالف (۱),1,بسیار مخالف (۱),1,بسیار مخالف (۱),1,بسیار مخالف (۱),1,بسیار مخالف (۱),1,55,39,زن,1,,Iran (ایران),80,من در این کشور به دنیا آمدم و بزرگ شدم,1,,0,,0,منطقه حومه شهر,2,منطقه حومه شهر,2,فارس,1,,اسلام,3,,کارشناسی (لیسانس),4,خیر,2,کنار آمدن با درآمد فعلی,2
1,1747921722968,22/05/2025 13:48,1747932522968,3.5,22/05/2025 19:48,225484,3,questionnaire-f9qm,,46396123,BLINDED,13479004,,complete,,,mobile,undefined K,Android 10,Chrome 136.0.0.0,384x854,384x756,,,0,Moral Foundations to Debrief Mehdinejad,3,consent,من را نسبتا درست توصیف می کند (۴),4,من را اندکی توصیف می کند (۲),2,من را نسبتا درست توصیف می کند (۴),4,من را در حد متوسط توصیف می کند (۳),3,من را اصلا توصیف نمی کند (۱),1,من را نسبتا درست توصیف می کند (۴),4,من را بسیار درست توصیف می کند (۵),5,من را اصلا توصیف نمی کند (۱),1,من را نسبتا درست توصیف می کند (۴),4,من را در حد متوسط توصیف می کند (۳),3,من را اندکی توصیف می کند (۲),2,من را در حد متوسط توصیف می کند (۳),3,من را اندکی توصیف می کند (۲),2,من را اندکی توصیف می کند (۲),2,من را بسیار درست توصیف می کند (۵),5,من را اصلا توصیف نمی کند (۱),1,من را اصلا توصیف نمی کند (۱),1,من را در حد متوسط توصیف می کند (۳),3,من را نسبتا درست توصیف می کند (۴),4,من را نسبتا درست توصیف می کند (۴),4,من را بسیار درست توصیف می کند (۵),5,من را اندکی توصیف می کند (۲),2,من را اندکی توصیف می کند (۲),2,من را اصلا توصیف نمی کند (۱),1,من را در حد متوسط توصیف می کند (۳),3,من را اصلا توصیف نمی کند (۱),1,من را نسبتا درست توصیف می کند (۴),4,من را در حد متوسط توصیف می کند (۳),3,من را اصلا توصیف نمی کند (۱),1,من را اصلا توصیف نمی کند (۱),1,من را در حد متوسط توصیف می کند (۳),3,من را اندکی توصیف می کند (۲),2,من را در حد متوسط توصیف می کند (۳),3,من را اندکی توصیف می کند (۲),2,من را در حد متوسط توصیف می کند (۳),3,من را در حد متوسط توصیف می کند (۳),3,من را در حد متوسط توصیف می کند (۳),3,یکبار در سال یا کمتر,2,به ندرت یا هیچوقت,1,قطعا نادرست  (۱),1,قطعا نادرست  (۱),1,قطعا نادرست  (۱),1,تا حدودی مخالف (۳),3,نه موافق و نه مخالف (۴),4,تا حدودی موافق (۵),5,مخالف (۲),2,تا حدودی مخالف (۳),3,23,7,زن,1,,Iran (ایران),80,من در این کشور به دنیا آمدم و بزرگ شدم,1,,0,,0,منطقه شهری,1,منطقه شهری,1,چند گروه (لطفا توضیح دهید),6,,هیچکدام (خداناباور/ندانم گرا),1,,کارشناسی (لیسانس),4,بله,1,کنار آمدن با درآمد فعلی,2
1,1749117561574,05/06/2025 09:59,1749128361574,3.5,05/06/2025 15:59,225484,3,questionnaire-f9qm,,46872402,BLINDED,13581143,,complete,,,mobile,undefined K,Android 12,Chrome 136.0.7103.125,412x915,411x771,,,0,Moral Foundations to Debrief Mehdinejad,3,consent,من را بسیار درست توصیف می کند (۵),5,من را در حد متوسط توصیف می کند (۳),3,من را نسبتا درست توصیف می کند (۴),4,من را نسبتا درست توصیف می کند (۴),4,من را اندکی توصیف می کند (۲),2,من را نسبتا درست توصیف می کند (۴),4,من را بسیار درست توصیف می کند (۵),5,من را در حد متوسط توصیف می کند (۳),3,من را در حد متوسط توصیف می کند (۳),3,من را در حد متوسط توصیف می کند (۳),3,من را اندکی توصیف می کند (۲),2,من را نسبتا درست توصیف می کند (۴),4,من را بسیار درست توصیف می کند (۵),5,من را بسیار درست توصیف می کند (۵),5,من را بسیار درست توصیف می کند (۵),5,من را نسبتا درست توصیف می کند (۴),4,من را نسبتا درست توصیف می کند (۴),4,من را بسیار درست توصیف می کند (۵),5,من را نسبتا درست توصیف می کند (۴),4,من را در حد متوسط توصیف می کند (۳),3,من را نسبتا درست توصیف می کند (۴),4,من را در حد متوسط توصیف می کند (۳),3,من را نسبتا درست توصیف می کند (۴),4,من را اندکی توصیف می کند (۲),2,من را نسبتا درست توصیف می کند (۴),4,من را اندکی توصیف می کند (۲),2,من را بسیار درست توصیف می کند (۵),5,من را بسیار درست توصیف می کند (۵),5,من را در حد متوسط توصیف می کند (۳),3,من را در حد متوسط توصیف می کند (۳),3,من را بسیار درست توصیف می کند (۵),5,من را اندکی توصیف می کند (۲),2,من را نسبتا درست توصیف می کند (۴),4,من را نسبتا درست توصیف می کند (۴),4,من را نسبتا درست توصیف می کند (۴),4,من را نسبتا درست توصیف می کند (۴),4,من را در حد متوسط توصیف می کند (۳),3,هیچوقت,1,به ندرت یا هیچوقت,1,حدودا درست (۴),4,حدودا نادرست (۲),2,حدودا نادرست (۲),2,موافق (۶),6,موافق (۶),6,موافق (۶),6,موافق (۶),6,تا حدودی موافق (۵),5,25,9,زن,1,,Iran (ایران),80,من در این کشور به دنیا آمدم و بزرگ شدم,1,,0,,0,منطقه شهری,1,منطقه شهری,1,ترک/آذری,2,,اسلام,3,,تحصیلات تکمیلی (ارشد و دکتری),5,بله,1,کنار آمدن با درآمد فعلی,2
1,1749279789725,07/06/2025 07:03,1749290589725,3.5,07/06/2025 13:03,225484,3,questionnaire-f9qm,,46945839,BLINDED,13595481,,complete,,,mobile,undefined K,Android 10,Chrome 131.0.6778.39,393x851,393x720,,,0,Moral Foundations to Debrief Mehdinejad,3,consent,من را در حد متوسط توصیف می کند (۳),3,من را اصلا توصیف نمی کند (۱),1,من را نسبتا درست توصیف می کند (۴),4,من را نسبتا درست توصیف می کند (۴),4,من را در حد متوسط توصیف می کند (۳),3,من را در حد متوسط توصیف می کند (۳),3,من را نسبتا درست توصیف می کند (۴),4,من را اصلا توصیف نمی کند (۱),1,من را بسیار درست توصیف می کند (۵),5,من را نسبتا درست توصیف می کند (۴),4,من را اندکی توصیف می کند (۲),2,من را نسبتا درست توصیف می کند (۴),4,من را اندکی توصیف می کند (۲),2,من را در حد متوسط توصیف می کند (۳),3,من را نسبتا درست توصیف می کند (۴),4,من را در حد متوسط توصیف می کند (۳),3,من را اندکی توصیف می کند (۲),2,من را اندکی توصیف می کند (۲),2,من را در حد متوسط توصیف می کند (۳),3,من را اصلا توصیف نمی کند (۱),1,من را بسیار درست توصیف می کند (۵),5,من را نسبتا درست توصیف می کند (۴),4,من را اصلا توصیف نمی کند (۱),1,من را اندکی توصیف می کند (۲),2,من را اندکی توصیف می کند (۲),2,من را اصلا توصیف نمی کند (۱),1,من را نسبتا درست توصیف می کند (۴),4,من را اندکی توصیف می کند (۲),2,من را اصلا توصیف نمی کند (۱),1,من را اندکی توصیف می کند (۲),2,من را در حد متوسط توصیف می کند (۳),3,من را در حد متوسط توصیف می کند (۳),3,من را بسیار درست توصیف می کند (۵),5,من را اندکی توصیف می کند (۲),2,من را اصلا توصیف نمی کند (۱),1,من را نسبتا درست توصیف می کند (۴),4,من را در حد متوسط توصیف می کند (۳),3,یکبار در سال یا کمتر,2,به ندرت یا هیچوقت,1,قطعا درست (۵),5,مطمئن نیستم (۳),3,حدودا نادرست (۲),2,نه موافق و نه مخالف (۴),4,تا حدودی مخالف (۳),3,تا حدودی موافق (۵),5,نه موافق و نه مخالف (۴),4,تا حدودی موافق (۵),5,19,3,زن,1,,Iran (ایران),80,من در این کشور به دنیا آمدم و بزرگ شدم,1,,0,,0,منطقه حومه شهر,2,منطقه حومه شهر,2,ترک/آذری,2,,اسلام,3,,دبیرستان (دوره متوسطه),2,بله,1,کنار آمدن با درآمد فعلی,2
1,1749287924962,07/06/2025 09:18,1749298724962,3.5,07/06/2025 15:18,225484,3,questionnaire-f9qm,,46947554,BLINDED,13595716,,complete,,,mobile,undefined K,Android 14,Chrome 136.0.7103.127,393x873,392x735,,,0,Moral Foundations to Debrief Mehdinejad,3,consent,من را اندکی توصیف می کند (۲),2,من را اصلا توصیف نمی کند (۱),1,من را اصلا توصیف نمی کند (۱),1,من را نسبتا درست توصیف می کند (۴),4,من را نسبتا درست توصیف می کند (۴),4,من را نسبتا درست توصیف می کند (۴),4,من را اندکی توصیف می کند (۲),2,من را در حد متوسط توصیف می کند (۳),3,من را اندکی توصیف می کند (۲),2,من را اندکی توصیف می کند (۲),2,من را اندکی توصیف می کند (۲),2,من را در حد متوسط توصیف می کند (۳),3,من را در حد متوسط توصیف می کند (۳),3,من را نسبتا درست توصیف می کند (۴),4,من را نسبتا درست توصیف می کند (۴),4,من را در حد متوسط توصیف می کند (۳),3,من را در حد متوسط توصیف می کند (۳),3,من را نسبتا درست توصیف می کند (۴),4,من را در حد متوسط توصیف می کند (۳),3,من را اندکی توصیف می کند (۲),2,من را نسبتا درست توصیف می کند (۴),4,من را در حد متوسط توصیف می کند (۳),3,من را در حد متوسط توصیف می کند (۳),3,من را اصلا توصیف نمی کند (۱),1,من را نسبتا درست توصیف می کند (۴),4,من را در حد متوسط توصیف می کند (۳),3,من را در حد متوسط توصیف می کند (۳),3,من را در حد متوسط توصیف می کند (۳),3,من را اندکی توصیف می کند (۲),2,من را نسبتا درست توصیف می کند (۴),4,من را نسبتا درست توصیف می کند (۴),4,من را اصلا توصیف نمی کند (۱),1,من را نسبتا درست توصیف می کند (۴),4,من را بسیار درست توصیف می کند (۵),5,من را بسیار درست توصیف می کند (۵),5,من را در حد متوسط توصیف می کند (۳),3,من را در حد متوسط توصیف می کند (۳),3,یکبار در سال یا کمتر,2,به ندرت یا هیچوقت,1,قطعا درست (۵),5,قطعا نادرست  (۱),1,قطعا نادرست  (۱),1,موافق (۶),6,تا حدودی موافق (۵),5,بسیار موافق (۷),7,موافق (۶),6,موافق (۶),6,20,4,مرد,2,,Iran (ایران),80,من در این کشور به دنیا آمدم و بزرگ شدم,1,,0,,0,منطقه حومه شهر,2,منطقه شهری,1,__other,8,ترک قشقایی ( ترک شیراز ),ترجیح می دهم پاسخ ندهم,7,,دبیرستان (دوره متوسطه),2,بله,1,کنار آمدن با درآمد فعلی,2
1,1749287873555,07/06/2025 09:17,1749298673555,3.5,07/06/2025 15:17,225484,3,questionnaire-f9qm,,46947521,BLINDED,13595746,,complete,,,mobile,undefined K,Android 13,Chrome 136.0.7103.125,393x873,392x735,,,0,Moral Foundations to Debrief Mehdinejad,3,consent,من را در حد متوسط توصیف می کند (۳),3,من را اصلا توصیف نمی کند (۱),1,من را نسبتا درست توصیف می کند (۴),4,من را اندکی توصیف می کند (۲),2,من را اصلا توصیف نمی کند (۱),1,من را اندکی توصیف می کند (۲),2,من را اندکی توصیف می کند (۲),2,من را اندکی توصیف می کند (۲),2,من را اندکی توصیف می کند (۲),2,من را اندکی توصیف می کند (۲),2,من را اندکی توصیف می کند (۲),2,من را نسبتا درست توصیف می کند (۴),4,من را اندکی توصیف می کند (۲),2,من را اندکی توصیف می کند (۲),2,من را اندکی توصیف می کند (۲),2,من را اندکی توصیف می کند (۲),2,من را بسیار درست توصیف می کند (۵),5,من را در حد متوسط توصیف می کند (۳),3,من را اصلا توصیف نمی کند (۱),1,من را اصلا توصیف نمی کند (۱),1,من را اندکی توصیف می کند (۲),2,من را اندکی توصیف می کند (۲),2,من را بسیار درست توصیف می کند (۵),5,من را اندکی توصیف می کند (۲),2,من را اندکی توصیف می کند (۲),2,من را اصلا توصیف نمی کند (۱),1,من را در حد متوسط توصیف می کند (۳),3,من را اندکی توصیف می کند (۲),2,من را اصلا توصیف نمی کند (۱),1,من را نسبتا درست توصیف می کند (۴),4,من را نسبتا درست توصیف می کند (۴),4,من را اندکی توصیف می کند (۲),2,من را نسبتا درست توصیف می کند (۴),4,من را اندکی توصیف می کند (۲),2,من را بسیار درست توصیف می کند (۵),5,من را در حد متوسط توصیف می کند (۳),3,من را در حد متوسط توصیف می کند (۳),3,چند بار در سال,3,بیش از یک بار در روز,6,قطعا درست (۵),5,قطعا درست (۵),5,حدودا درست (۴),4,موافق (۶),6,تا حدودی موافق (۵),5,تا حدودی موافق (۵),5,مخالف (۲),2,مخالف (۲),2,19,3,زن,1,,Iran (ایران),80,من در این کشور به دنیا آمدم و بزرگ شدم,1,,0,,0,منطقه حومه شهر,2,منطقه حومه شهر,2,گیلک/مازنی/شمالی,3,,اسلام,3,,دبیرستان (دوره متوسطه),2,بله,1,کنار آمدن با درآمد فعلی,2
1,1749287921425,07/06/2025 09:18,1749298721425,3.5,07/06/2025 15:18,225484,3,questionnaire-f9qm,,46947550,BLINDED,13595799,,complete,,,mobile,undefined K,Android 10,Chrome 137.0.0.0,407x904,406x798,,,0,Moral Foundations to Debrief Mehdinejad,3,consent,,,,,,,,,,,,,,,,,,,,,,,,,,,,,,,,,,,,,,,,,,,,,,,,,,,,,,,,,,,,,,,,,,,,,,,,,,,هیچوقت,1,به ندرت یا هیچوقت,1,مطمئن نیستم (۳),3,قطعا نادرست  (۱),1,قطعا نادرست  (۱),1,,,,,,,,,,,20,4,مرد,2,,Iran (ایران),80,من در این کشور به دنیا آمدم و بزرگ شدم,1,,0,,0,منطقه شهری,1,منطقه شهری,1,چند گروه (لطفا توضیح دهید),6,,هیچکدام (خداناباور/ندانم گرا),1,,دبیرستان (دوره متوسطه),2,بله,1,زندگی دشوار با درآمد فعلی,3
1,1749288976040,07/06/2025 09:36,1749299776040,3.5,07/06/2025 15:36,225484,3,questionnaire-f9qm,,46948001,BLINDED,13595801,,complete,,,mobile,undefined K,Android 11,Chrome 136.0.7103.125,393x873,392x736,,,0,Moral Foundations to Debrief Mehdinejad,3,consent,من را در حد متوسط توصیف می کند (۳),3,من را اصلا توصیف نمی کند (۱),1,من را نسبتا درست توصیف می کند (۴),4,من را نسبتا درست توصیف می کند (۴),4,من را نسبتا درست توصیف می کند (۴),4,من را اصلا توصیف نمی کند (۱),1,من را در حد متوسط توصیف می کند (۳),3,من را اصلا توصیف نمی کند (۱),1,من را نسبتا درست توصیف می کند (۴),4,من را بسیار درست توصیف می کند (۵),5,من را اندکی توصیف می کند (۲),2,من را اصلا توصیف نمی کند (۱),1,من را در حد متوسط توصیف می کند (۳),3,من را نسبتا درست توصیف می کند (۴),4,من را نسبتا درست توصیف می کند (۴),4,من را در حد متوسط توصیف می کند (۳),3,من را اصلا توصیف نمی کند (۱),1,من را در حد متوسط توصیف می کند (۳),3,من را در حد متوسط توصیف می کند (۳),3,من را اصلا توصیف نمی کند (۱),1,من را نسبتا درست توصیف می کند (۴),4,من را در حد متوسط توصیف می کند (۳),3,من را اندکی توصیف می کند (۲),2,من را اصلا توصیف نمی کند (۱),1,من را اندکی توصیف می کند (۲),2,من را اصلا توصیف نمی کند (۱),1,من را اندکی توصیف می کند (۲),2,من را در حد متوسط توصیف می کند (۳),3,من را اندکی توصیف می کند (۲),2,من را اصلا توصیف نمی کند (۱),1,من را اندکی توصیف می کند (۲),2,من را اندکی توصیف می کند (۲),2,من را اندکی توصیف می کند (۲),2,من را در حد متوسط توصیف می کند (۳),3,من را اندکی توصیف می کند (۲),2,من را اصلا توصیف نمی کند (۱),1,من را در حد متوسط توصیف می کند (۳),3,هیچوقت,1,به ندرت یا هیچوقت,1,حدودا نادرست (۲),2,قطعا نادرست  (۱),1,قطعا نادرست  (۱),1,تا حدودی مخالف (۳),3,مخالف (۲),2,مخالف (۲),2,مخالف (۲),2,مخالف (۲),2,33,17,زن,1,,Iran (ایران),80,من در این کشور به دنیا آمدم و بزرگ شدم,1,,0,,0,منطقه شهری,1,منطقه شهری,1,ترجیح می دهم پاسخ ندهم,7,,ترجیح می دهم پاسخ ندهم,7,,کارشناسی (لیسانس),4,بله,1,کنار آمدن با درآمد فعلی,2
1,1749291577970,07/06/2025 10:19,1749302377970,3.5,07/06/2025 16:19,225484,3,questionnaire-f9qm,,46948947,BLINDED,13595826,,complete,,,mobile,undefined K,Android 10,Chrome 137.0.0.0,393x873,392x736,,,0,Moral Foundations to Debrief Mehdinejad,3,consent,من را بسیار درست توصیف می کند (۵),5,من را اصلا توصیف نمی کند (۱),1,من را نسبتا درست توصیف می کند (۴),4,من را بسیار درست توصیف می کند (۵),5,من را بسیار درست توصیف می کند (۵),5,من را در حد متوسط توصیف می کند (۳),3,من را بسیار درست توصیف می کند (۵),5,من را اصلا توصیف نمی کند (۱),1,من را نسبتا درست توصیف می کند (۴),4,من را بسیار درست توصیف می کند (۵),5,من را نسبتا درست توصیف می کند (۴),4,من را بسیار درست توصیف می کند (۵),5,من را بسیار درست توصیف می کند (۵),5,من را در حد متوسط توصیف می کند (۳),3,من را بسیار درست توصیف می کند (۵),5,من را بسیار درست توصیف می کند (۵),5,من را بسیار درست توصیف می کند (۵),5,من را در حد متوسط توصیف می کند (۳),3,من را بسیار درست توصیف می کند (۵),5,من را بسیار درست توصیف می کند (۵),5,من را بسیار درست توصیف می کند (۵),5,من را نسبتا درست توصیف می کند (۴),4,من را بسیار درست توصیف می کند (۵),5,من را اندکی توصیف می کند (۲),2,من را بسیار درست توصیف می کند (۵),5,من را اصلا توصیف نمی کند (۱),1,من را بسیار درست توصیف می کند (۵),5,من را بسیار درست توصیف می کند (۵),5,من را اصلا توصیف نمی کند (۱),1,من را اصلا توصیف نمی کند (۱),1,من را بسیار درست توصیف می کند (۵),5,من را اصلا توصیف نمی کند (۱),1,من را بسیار درست توصیف می کند (۵),5,من را بسیار درست توصیف می کند (۵),5,من را بسیار درست توصیف می کند (۵),5,من را نسبتا درست توصیف می کند (۴),4,من را در حد متوسط توصیف می کند (۳),3,هیچوقت,1,بیش از یک بار در روز,6,قطعا درست (۵),5,حدودا درست (۴),4,قطعا درست (۵),5,نه موافق و نه مخالف (۴),4,بسیار موافق (۷),7,موافق (۶),6,نه موافق و نه مخالف (۴),4,نه موافق و نه مخالف (۴),4,19,3,مرد,2,,Iran (ایران),80,من در این کشور به دنیا آمدم و بزرگ شدم,1,,0,,0,منطقه شهری,1,منطقه شهری,1,فارس,1,,اسلام,3,,دبیرستان (دوره متوسطه),2,بله,1,زندگی راحت با درآمد فعلی,1
1,1749289618534,07/06/2025 09:46,1749300418534,3.5,07/06/2025 15:46,225484,3,questionnaire-f9qm,,46948274,BLINDED,13595839,,complete,,,mobile,Apple iPhone,iOS 15.1.1,Mobile Safari 15.1.1,390x844,390x648,,,0,Moral Foundations to Debrief Mehdinejad,3,consent,من را بسیار درست توصیف می کند (۵),5,من را نسبتا درست توصیف می کند (۴),4,من را بسیار درست توصیف می کند (۵),5,من را در حد متوسط توصیف می کند (۳),3,من را در حد متوسط توصیف می کند (۳),3,من را نسبتا درست توصیف می کند (۴),4,من را بسیار درست توصیف می کند (۵),5,من را نسبتا درست توصیف می کند (۴),4,من را نسبتا درست توصیف می کند (۴),4,من را نسبتا درست توصیف می کند (۴),4,من را اصلا توصیف نمی کند (۱),1,من را نسبتا درست توصیف می کند (۴),4,من را نسبتا درست توصیف می کند (۴),4,من را نسبتا درست توصیف می کند (۴),4,من را بسیار درست توصیف می کند (۵),5,من را اندکی توصیف می کند (۲),2,من را در حد متوسط توصیف می کند (۳),3,من را بسیار درست توصیف می کند (۵),5,من را بسیار درست توصیف می کند (۵),5,من را نسبتا درست توصیف می کند (۴),4,من را بسیار درست توصیف می کند (۵),5,من را اصلا توصیف نمی کند (۱),1,من را نسبتا درست توصیف می کند (۴),4,من را اندکی توصیف می کند (۲),2,من را در حد متوسط توصیف می کند (۳),3,من را اندکی توصیف می کند (۲),2,من را بسیار درست توصیف می کند (۵),5,من را نسبتا درست توصیف می کند (۴),4,من را اصلا توصیف نمی کند (۱),1,من را در حد متوسط توصیف می کند (۳),3,من را بسیار درست توصیف می کند (۵),5,من را در حد متوسط توصیف می کند (۳),3,من را بسیار درست توصیف می کند (۵),5,من را بسیار درست توصیف می کند (۵),5,من را در حد متوسط توصیف می کند (۳),3,من را اندکی توصیف می کند (۲),2,من را در حد متوسط توصیف می کند (۳),3,چند بار در سال,3,دو یا چند بار در هفته,4,قطعا درست (۵),5,مطمئن نیستم (۳),3,مطمئن نیستم (۳),3,تا حدودی موافق (۵),5,تا حدودی موافق (۵),5,تا حدودی موافق (۵),5,تا حدودی موافق (۵),5,مخالف (۲),2,21,5,زن,1,,Iran (ایران),80,من در این کشور به دنیا آمدم و بزرگ شدم,1,,0,,0,منطقه شهری,1,منطقه شهری,1,گیلک/مازنی/شمالی,3,,اسلام,3,,کارشناسی (لیسانس),4,بله,1,زندگی راحت با درآمد فعلی,1
1,1749290429997,07/06/2025 10:00,1749301229997,3.5,07/06/2025 16:00,225484,3,questionnaire-f9qm,,46948591,BLINDED,13595849,,complete,,,computer,Desktop or Laptop,Mac OS 10.15.7,Chrome 136.0.0.0,1440x900,1440x778,,,0,Moral Foundations to Debrief Mehdinejad,3,consent,من را نسبتا درست توصیف می کند (۴),4,من را در حد متوسط توصیف می کند (۳),3,من را اندکی توصیف می کند (۲),2,من را اندکی توصیف می کند (۲),2,من را در حد متوسط توصیف می کند (۳),3,من را بسیار درست توصیف می کند (۵),5,من را نسبتا درست توصیف می کند (۴),4,من را اصلا توصیف نمی کند (۱),1,من را نسبتا درست توصیف می کند (۴),4,من را اندکی توصیف می کند (۲),2,من را اصلا توصیف نمی کند (۱),1,من را در حد متوسط توصیف می کند (۳),3,من را اصلا توصیف نمی کند (۱),1,من را بسیار درست توصیف می کند (۵),5,من را نسبتا درست توصیف می کند (۴),4,من را اصلا توصیف نمی کند (۱),1,من را در حد متوسط توصیف می کند (۳),3,من را بسیار درست توصیف می کند (۵),5,من را اندکی توصیف می کند (۲),2,من را در حد متوسط توصیف می کند (۳),3,من را نسبتا درست توصیف می کند (۴),4,من را در حد متوسط توصیف می کند (۳),3,من را اندکی توصیف می کند (۲),2,من را اصلا توصیف نمی کند (۱),1,من را اندکی توصیف می کند (۲),2,من را اصلا توصیف نمی کند (۱),1,من را اندکی توصیف می کند (۲),2,من را در حد متوسط توصیف می کند (۳),3,من را اندکی توصیف می کند (۲),2,من را اصلا توصیف نمی کند (۱),1,من را نسبتا درست توصیف می کند (۴),4,من را در حد متوسط توصیف می کند (۳),3,من را بسیار درست توصیف می کند (۵),5,من را نسبتا درست توصیف می کند (۴),4,من را اصلا توصیف نمی کند (۱),1,من را اندکی توصیف می کند (۲),2,من را در حد متوسط توصیف می کند (۳),3,هیچوقت,1,دو یا چند بار در هفته,4,حدودا درست (۴),4,قطعا نادرست  (۱),1,قطعا نادرست  (۱),1,مخالف (۲),2,مخالف (۲),2,بسیار مخالف (۱),1,تا حدودی موافق (۵),5,مخالف (۲),2,20,4,زن,1,,Iran (ایران),80,من در این کشور به دنیا آمدم و بزرگ شدم,1,,0,,0,منطقه شهری,1,منطقه شهری,1,گیلک/مازنی/شمالی,3,,اسلام,3,,دبیرستان (دوره متوسطه),2,بله,1,زندگی دشوار با درآمد فعلی,3
1,1749308284753,07/06/2025 14:58,1749322684753,4.5,07/06/2025 22:58,225484,3,questionnaire-f9qm,,46953960,BLINDED,13596748,,complete,,,mobile,undefined K,Android 10,Chrome 78.0.3904.108,360x780,360x650,,,0,Moral Foundations to Debrief Mehdinejad,3,consent,من را بسیار درست توصیف می کند (۵),5,من را اصلا توصیف نمی کند (۱),1,من را در حد متوسط توصیف می کند (۳),3,من را بسیار درست توصیف می کند (۵),5,من را نسبتا درست توصیف می کند (۴),4,من را بسیار درست توصیف می کند (۵),5,من را بسیار درست توصیف می کند (۵),5,من را در حد متوسط توصیف می کند (۳),3,من را نسبتا درست توصیف می کند (۴),4,من را نسبتا درست توصیف می کند (۴),4,من را نسبتا درست توصیف می کند (۴),4,من را بسیار درست توصیف می کند (۵),5,من را در حد متوسط توصیف می کند (۳),3,من را نسبتا درست توصیف می کند (۴),4,من را نسبتا درست توصیف می کند (۴),4,من را در حد متوسط توصیف می کند (۳),3,من را نسبتا درست توصیف می کند (۴),4,من را بسیار درست توصیف می کند (۵),5,من را بسیار درست توصیف می کند (۵),5,من را نسبتا درست توصیف می کند (۴),4,من را بسیار درست توصیف می کند (۵),5,من را نسبتا درست توصیف می کند (۴),4,من را در حد متوسط توصیف می کند (۳),3,من را بسیار درست توصیف می کند (۵),5,من را بسیار درست توصیف می کند (۵),5,من را اصلا توصیف نمی کند (۱),1,من را بسیار درست توصیف می کند (۵),5,من را بسیار درست توصیف می کند (۵),5,من را اندکی توصیف می کند (۲),2,من را اندکی توصیف می کند (۲),2,من را در حد متوسط توصیف می کند (۳),3,من را نسبتا درست توصیف می کند (۴),4,من را بسیار درست توصیف می کند (۵),5,من را نسبتا درست توصیف می کند (۴),4,من را بسیار درست توصیف می کند (۵),5,من را بسیار درست توصیف می کند (۵),5,من را در حد متوسط توصیف می کند (۳),3,چند بار در سال,3,یکبار در روز,5,قطعا درست (۵),5,قطعا درست (۵),5,قطعا درست (۵),5,تا حدودی موافق (۵),5,موافق (۶),6,بسیار موافق (۷),7,تا حدودی موافق (۵),5,بسیار موافق (۷),7,18,2,مرد,2,,Iran (ایران),80,من در این کشور ب�� دنیا آمدم و بزرگ شدم,1,,0,,0,منطقه شهری,1,منطقه شهری,1,فارس,1,,اسلام,3,,کاردانی (فوق دیپلم),3,بله,1,کنار آمدن با درآمد فعلی,2
1,1749497199793,09/06/2025 19:26,1749507999793,3.5,10/06/2025 01:26,225484,3,questionnaire-f9qm,,47007150,BLINDED,13608461,,complete,,,mobile,undefined K,Android 12,Chrome 136.0.7103.127,412x915,411x780,,,0,Moral Foundations to Debrief Mehdinejad,3,consent,من را در حد متوسط توصیف می کند (۳),3,من را نسبتا درست توصیف می کند (۴),4,من را نسبتا درست توصیف می کند (۴),4,من را نسبتا درست توصیف می کند (۴),4,من را بسیار درست توصیف می کند (۵),5,من را اندکی توصیف می کند (۲),2,من را در حد متوسط توصیف می کند (۳),3,من را بسیار درست توصیف می کند (۵),5,من را بسیار درست توصیف می کند (۵),5,من را بسیار درست توصیف می کند (۵),5,من را در حد متوسط توصیف می کند (۳),3,من را بسیار درست توصیف می کند (۵),5,من را در حد متوسط توصیف می کند (۳),3,من را بسیار درست توصیف می کند (۵),5,من را بسیار درست توصیف می کند (۵),5,من را نسبتا درست توصیف می کند (۴),4,من را نسبتا درست توصیف می کند (۴),4,من را نسبتا درست توصیف می کند (۴),4,من را در حد متوسط توصیف می کند (۳),3,من را بسیار درست توصیف می کند (۵),5,من را نسبتا درست توصیف می کند (۴),4,من را در حد متوسط توصیف می کند (۳),3,من را اندکی توصیف می کند (۲),2,من را نسبتا درست توصیف می کند (۴),4,من را نسبتا درست توصیف می کند (۴),4,من را در حد متوسط توصیف می کند (۳),3,من را بسیار درست توصیف می کند (۵),5,من را بسیار درست توصیف می کند (۵),5,من را اندکی توصیف می کند (۲),2,من را نسبتا درست توصیف می کند (۴),4,من را نسبتا درست توصیف می کند (۴),4,من را بسیار درست توصیف می کند (۵),5,من را بسیار درست توصیف می کند (۵),5,من را بسیار درست توصیف می کند (۵),5,من را بسیار درست توصیف می کند (۵),5,من را بسیار درست توصیف می کند (۵),5,من را در حد متوسط توصیف می کند (۳),3,چند بار در سال,3,به ندرت یا هیچوقت,1,مطمئن نیستم (۳),3,مطمئن نیستم (۳),3,مطمئن نیستم (۳),3,تا حدودی مخالف (۳),3,تا حدودی مخالف (۳),3,تا حدودی موافق (۵),5,تا حدودی مخالف (۳),3,مخالف (۲),2,18,2,زن,1,,Iran (ایران),80,من در این کشور به دنیا آمدم و بزرگ شدم,1,,0,,0,منطقه روستایی,3,منطقه روستایی,3,گیلک/مازنی/شمالی,3,,اسلام,3,,دبیرستان (دوره متوسطه),2,بله,1,کنار آمدن با درآمد فعلی,2
1,1752340171166,12/07/2025 17:09,1752350971166,3.5,12/07/2025 23:09,225484,3,questionnaire-f9qm,,48064281,BLINDED,13814330,,complete,,,mobile,undefined K,Android 12,Chrome 138.0.7204.67,393x873,392x735,,,0,Moral Foundations to Debrief Mehdinejad,3,consent,من را نسبتا درست توصیف می کند (۴),4,من را در حد متوسط توصیف می کند (۳),3,من را بسیار درست توصیف می کند (۵),5,من را اندکی توصیف می کند (۲),2,من را اندکی توصیف می کند (۲),2,من را اصلا توصیف نمی کند (۱),1,من را در حد متوسط توصیف می کند (۳),3,من را اندکی توصیف می کند (۲),2,من را بسیار درست توصیف می کند (۵),5,من را نسبتا درست توصیف می کند (۴),4,من را اندکی توصیف می کند (۲),2,من را بسیار درست توصیف می کند (۵),5,من را بسیار درست توصیف می کند (۵),5,من را بسیار درست توصیف می کند (۵),5,من را نسبتا درست توصیف می کند (۴),4,من را در حد متوسط توصیف می کند (۳),3,من را نسبتا درست توصیف می کند (۴),4,من را نسبتا درست توصیف می کند (۴),4,من را نسبتا درست توصیف می کند (۴),4,من را در حد متوسط توصیف می کند (۳),3,من را بسیار درست توصیف می کند (۵),5,من را در حد متوسط توصیف می کند (۳),3,من را اندکی توصیف می کند (۲),2,من را اندکی توصیف می کند (۲),2,من را نسبتا درست توصیف می کند (۴),4,من را نسبتا درست توصیف می کند (۴),4,من را در حد متوسط توصیف می کند (۳),3,من را اندکی توصیف می کند (۲),2,من را اصلا توصیف نمی کند (۱),1,من را اندکی توصیف می کند (۲),2,من را بسیار درست توصیف می کند (۵),5,من را در حد متوسط توصیف می کند (۳),3,من را بسیار درست توصیف می کند (۵),5,من را نسبتا درست توصیف می کند (۴),4,من را بسیار درست توصیف می کند (۵),5,من را بسیار درست توصیف می کند (۵),5,من را در حد متوسط توصیف می کند (۳),3,چند بار در ماه,4,بیش از یک بار در روز,6,قطعا درست (۵),5,قطعا درست (۵),5,قطعا درست (۵),5,تا حدودی موافق (۵),5,نه موافق و نه مخالف (۴),4,نه موافق و نه مخالف (۴),4,موافق (۶),6,موافق (۶),6,26,10,مرد,2,,Iran (ایران),80,من در این کشور به دنیا آمدم و بزرگ شدم,1,,0,,0,منطقه شهری,1,منطقه شهری,1,فارس,1,,اسلام,3,,کارشناسی (لیسانس),4,بله,1,زندگی راحت با درآمد فعلی,1
1,1752906681129,19/07/2025 06:31,1752917481129,3.5,19/07/2025 12:31,225484,3,questionnaire-f9qm,,48194069,BLINDED,13845708,,live,,,mobile,undefined K,Android 11,Chrome 138.0.7204.157,393x851,392x718,,,0,Moral Foundations to Debrief Mehdinejad,3,consent,من را نسبتا درست توصیف می کند (۴),4,من را در حد متوسط توصیف می کند (۳),3,من را نسبتا درست توصیف می کند (۴),4,من را نسبتا درست توصیف می کند (۴),4,من را نسبتا درست توصیف می کند (۴),4,من را در حد متوسط توصیف می کند (۳),3,من را نسبتا درست توصیف می کند (۴),4,من را در حد متوسط توصیف می کند (۳),3,من را در حد متوسط توصیف می کند (۳),3,من را بسیار درست توصیف می کند (۵),5,من را نسبتا درست توصیف می کند (۴),4,من را بسیار درست توصیف می کند (۵),5,من را نسبتا درست توصیف می کند (۴),4,من را نسبتا درست توصیف می کند (۴),4,من را نسبتا درست توصیف می کند (۴),4,من را نسبتا درست توصیف می کند (۴),4,من را در حد متوسط توصیف می کند (۳),3,من را بسیار درست توصیف می کند (۵),5,من را نسبتا درست توصیف می کند (۴),4,من را نسبتا درست توصیف می کند (۴),4,من را بسیار درست توصیف می کند (۵),5,من را نسبتا درست توصیف می کند (۴),4,من را بسیار درست توصیف می کند (۵),5,من را در حد متوسط توصیف می کند (۳),3,من را نسبتا درست توصیف می کند (۴),4,من را اندکی توصیف می کند (۲),2,من را نسبتا درست توصیف می کند (۴),4,من را نسبتا درست توصیف می کند (۴),4,,,,,,,,,,,,,,,,,,,,,,,,,,,,,,,,,,,,,,,,,,,,,,,,,,,,,,,,,,,,,,,,,,,
1,1747078421134,12/05/2025 19:33,1747089221134,3.5,13/05/2025 01:33,225484,3,questionnaire-f9qm,,46103630,BLINDED,13404879,,complete,,,mobile,undefined K,Android 11,Chrome 135.0.7049.111,412x892,411x756,,,0,Moral Foundations to Debrief Mehdinejad,3,consent,من را نسبتا درست توصیف می کند (۴),4,من را نسبتا درست توصیف می کند (۴),4,من را نسبتا درست توصیف می کند (۴),4,من را نسبتا درست توصیف می کند (۴),4,من را نسبتا درست توصیف می کند (۴),4,من را نسبتا درست توصیف می کند (۴),4,من را نسبتا درست توصیف می کند (۴),4,من را نسبتا درست توصیف می کند (۴),4,من را نسبتا درست توصیف می کند (۴),4,من را نسبتا درست توصیف می کند (۴),4,من را در حد متوسط توصیف می کند (۳),3,من را نسبتا درست توصیف می کند (۴),4,من را نسبتا درست توصیف می کند (۴),4,من را نسبتا درست توصیف می کند (۴),4,من را نسبتا درست توصیف می کند (۴),4,من را نسبتا درست توصیف می کند (۴),4,من را در حد متوسط توصیف می کند (۳),3,من را نسبتا درست توصیف می کند (۴),4,من را نسبتا درست توصیف می کند (۴),4,من را نسبتا درست توصیف می کند (۴),4,من را نسبتا درست توصیف می کند (۴),4,من را در حد متوسط توصیف می کند (۳),3,من را نسبتا درست توصیف می کند (۴),4,من را در حد متوسط توصیف می کند (۳),3,من را در حد متوسط توصیف می کند (۳),3,من را در حد متوسط توصیف می کند (۳),3,من را نسبتا درست توصیف می کند (۴),4,من را نسبتا درست توصیف می کند (۴),4,من را در حد متوسط توصیف می کند (۳),3,من را در حد متوسط توصیف می کند (۳),3,من را نسبتا درست توصیف می کند (۴),4,من را نسبتا درست توصیف می کند (۴),4,من را در حد متوسط توصیف می کند (۳),3,من را نسبتا درست توصیف می کند (۴),4,من را نسبتا درست توصیف می کند (۴),4,من را نسبتا درست توصیف می کند (۴),4,من را در حد متوسط توصیف می کند (۳),3,چند بار در سال,3,بیش از یک بار در روز,6,حدودا درست (۴),4,مطمئن نیستم (۳),3,حدودا درست (۴),4,نه موافق و نه مخالف (۴),4,نه موافق و نه مخالف (۴),4,نه موافق و نه مخالف (۴),4,تا حدودی موافق (۵),5,تا حدودی مخالف (۳),3,42,26,زن,1,,Iran (ایران),80,من در این کشور به دنیا آمدم و بزرگ شدم,1,,0,,0,منطقه شهری,1,منطقه شهری,1,گیلک/مازنی/شمالی,3,,اسلام,3,,کارشناسی (لیسانس),4,خیر,2,کنار آمدن با درآمد فعلی,2
1,1747078169525,12/05/2025 19:29,1747088969525,3.5,13/05/2025 01:29,225484,3,questionnaire-f9qm,,46103520,BLINDED,13405097,,complete,,,mobile,Apple iPhone,iOS 18.2.1,Mobile Safari 18.2.1,393x852,393x649,,,0,Moral Foundations to Debrief Mehdinejad,3,consent,من را نسبتا درست توصیف می کند (۴),4,من را بسیار درست توصیف می کند (۵),5,من را نسبتا درست توصیف می کند (۴),4,من را نسبتا درست توصیف می کند (۴),4,من را نسبتا درست توصیف می کند (۴),4,من را بسیار درست توصیف می کند (۵),5,من را بسیار درست توصیف می کند (۵),5,من را اندکی توصیف می کند (۲),2,من را نسبتا درست توصیف می کند (۴),4,من را نسبتا درست توصیف می کند (۴),4,من را نسبتا درست توصیف می کند (۴),4,من را نسبتا درست توصیف می کند (۴),4,من را در حد متوسط توصیف می کند (۳),3,من را اندکی توصیف می کند (۲),2,من را در حد متوسط توصیف می کند (۳),3,من را در حد متوسط توصیف می کند (۳),3,من را اندکی توصیف می کند (۲),2,من را بسیار درست توصیف می کند (۵),5,من را نسبتا درست توصیف می کند (۴),4,من را نسبتا درست توصیف می کند (۴),4,من را نسبتا درست توصیف می کند (۴),4,من را نسبتا درست توصیف می کند (۴),4,من را در حد متوسط توصیف می کند (۳),3,من را نسبتا درست توصیف می کند (۴),4,من را نسبتا درست توصیف می کند (۴),4,من را اندکی توصیف می کند (۲),2,من را نسبتا درست توصیف می کند (۴),4,من را نسبتا درست توصیف می کند (۴),4,من را اندکی توصیف می کند (۲),2,من را نسبتا درست توصیف می کند (۴),4,من را نسبتا درست توصیف می کند (۴),4,من را اندکی توصیف می کند (۲),2,من را نسبتا درست توصیف می کند (۴),4,من را نسبتا درست توصیف می کند (۴),4,من را نسبتا درست توصیف می کند (۴),4,من را در حد متوسط توصیف می کند (۳),3,من را در حد متوسط توصیف می کند (۳),3,هفته ای یکبار,5,بیش از یک بار در روز,6,قطعا درست (۵),5,حدودا درست (۴),4,حدودا درست (۴),4,تا حدودی موافق (۵),5,مخالف (۲),2,تا حدودی مخالف (۳),3,مخالف (۲),2,بسیار مخالف (۱),1,23,7,زن,1,,Iran (ایران),80,من در این کشور به دنیا آمدم و بزرگ شدم,1,,0,,0,منطقه شهری,1,منطقه شهری,1,فارس,1,,اسلام,3,,کارشناسی (لیسانس),4,خیر,2,زندگی راحت با درآمد فعلی,1
1,1747077542294,12/05/2025 19:19,1747088342294,3.5,13/05/2025 01:19,225484,3,questionnaire-f9qm,,46103258,BLINDED,13404987,,complete,,,mobile,undefined K,Android 13,Chrome 136.0.7103.60,385x854,384x718,,,0,Moral Foundations to Debrief Mehdinejad,3,consent,من را نسبتا درست توصیف می کند (۴),4,من را در حد متوسط توصیف می کند (۳),3,من را اندکی توصیف می کند (۲),2,من را نسبتا درست توصیف می کند (۴),4,من را اندکی توصیف می کند (۲),2,من را اصلا توصیف نمی کند (۱),1,من را نسبتا درست توصیف می کند (۴),4,من را نسبتا درست توصیف می کند (۴),4,من را اصلا توصیف نمی کند (۱),1,من را در حد متوسط توصیف می کند (۳),3,من را نسبتا درست توصیف می کند (۴),4,من را نسبتا درست توصیف می کند (۴),4,من را نسبتا درست توصیف می کند (۴),4,من را نسبتا درست توصیف می کند (۴),4,من را بسیار درست توصیف می کند (۵),5,من را بسیار درست توصیف می کند (۵),5,من را بسیار درست توصیف می کند (۵),5,من را بسیار درست توصیف می کند (۵),5,من را نسبتا درست توصیف می کند (۴),4,من را نسبتا درست توصیف می کند (۴),4,من را بسیار درست توصیف می کند (۵),5,من را در حد متوسط توصیف می کند (۳),3,من را بسیار درست توصیف می کند (۵),5,من را اندکی توصیف می کند (۲),2,من را بسیار درست توصیف می کند (۵),5,من را در حد متوسط توصیف می کند (۳),3,من را نسبتا درست توصیف می کند (۴),4,من را نسبتا درست توصیف می کند (۴),4,من را نسبتا درست توصیف می کند (۴),4,من را نسبتا درست توصیف می کند (۴),4,من را نسبتا درست توصیف می کند (۴),4,من را نسبتا درست توصیف می کند (۴),4,,,من را اندکی توصیف می کند (۲),2,من را نسبتا درست توصیف می کند (۴),4,من را بسیار درست توصیف می کند (۵),5,من را در حد متوسط توصیف می کند (۳),3,هیچوقت,1,بیش از یک بار در روز,6,قطعا درست (۵),5,قطعا درست (۵),5,حدودا درست (۴),4,تا حدودی موافق (۵),5,تا حدودی مخالف (۳),3,تا حدودی موافق (۵),5,تا حدودی موافق (۵),5,تا حدودی مخالف (۳),3,48,32,زن,1,,Iran (ایران),80,من در این کشور به دنیا آمدم و بزرگ شدم,1,,0,,0,منطقه شهری,1,منطقه شهری,1,گیلک/مازنی/شمالی,3,,اسلام,3,,تحصیلات تکمیلی (ارشد و دکتری),5,خیر,2,کنار آمدن با درآمد فعلی,2
1,1747075764802,12/05/2025 18:49,1747086564802,3.5,13/05/2025 00:49,225484,3,questionnaire-f9qm,,46102566,BLINDED,13404820,,complete,,,mobile,undefined K,Android 13,Chrome 135.0.7049.113,384x854,384x718,,,0,Moral Foundations to Debrief Mehdinejad,3,consent,من را بسیار درست توصیف می کند (۵),5,من را نسبتا درست توصیف می کند (۴),4,من را اندکی توصیف می کند (۲),2,من را اندکی توصیف می کند (۲),2,من را اندکی توصیف می کند (۲),2,من را بسیار درست توصیف می کند (۵),5,من را بسیار درست توصیف می کند (۵),5,من را نسبتا درست توصیف می کند (۴),4,من را اصلا توصیف نمی کند (۱),1,من را اصلا توصیف نمی کند (۱),1,من را اصلا توصیف نمی کند (۱),1,من را در حد متوسط توصیف می کند (۳),3,من را بسیار درست توصیف می کند (۵),5,من را بسیار درست توصیف می کند (۵),5,من را بسیار درست توصیف می کند (۵),5,من را در حد متوسط توصیف می کند (۳),3,من را در حد متوسط توصیف می کند (۳),3,من را در حد متوسط توصیف می کند (۳),3,من را در حد متوسط توصیف می کند (۳),3,من را نسبتا درست توصیف می کند (۴),4,من را اندکی توصیف می کند (۲),2,من را اصلا توصیف نمی کند (۱),1,من را اندکی توصیف می کند (۲),2,من را اصلا توصیف نمی کند (۱),1,من را نسبتا درست توصیف می کند (۴),4,من را اصلا توصیف نمی کند (۱),1,من را بسیار درست توصیف می کند (۵),5,من را اندکی توصیف می کند (۲),2,من را اندکی توصیف می کند (۲),2,من را اصلا توصیف نمی کند (۱),1,من را نسبتا درست توصیف می کند (۴),4,من را بسیار درست توصیف می کند (۵),5,من را نسبتا درست توصیف می کند (۴),4,من را بسیار درست توصیف می کند (۵),5,من را اندکی توصیف می کند (۲),2,من را اصلا توصیف نمی کند (۱),1,من را در حد متوسط توصیف می کند (۳),3,چند بار در سال,3,بیش از یک بار در روز,6,حدودا درست (۴),4,حدودا نادرست (۲),2,قطعا نادرست  (۱),1,بسیار مخالف (۱),1,مخالف (۲),2,تا حدودی مخالف (۳),3,نه موافق و نه مخالف (۴),4,بسیار مخالف (۱),1,23,7,زن,1,,Iran (ایران),80,من در این کشور به دنیا آمدم و بزرگ شدم,1,,0,,0,منطقه شهری,1,منطقه شهری,1,گیلک/مازنی/شمالی,3,,اسلام,3,,دبیرستان (دوره متوسطه),2,بله,1,کنار آمدن با درآمد فعلی,2
1,1747075361437,12/05/2025 18:42,1747086161437,3.5,13/05/2025 00:42,225484,3,questionnaire-f9qm,,46102395,BLINDED,13404754,,complete,,,computer,Desktop or Laptop,Windows 10,Firefox 138.0,1536x864,1485x711,,,0,Moral Foundations to Debrief Mehdinejad,3,consent,من را نسبتا درست توصیف می کند (۴),4,من را اندکی توصیف می کند (۲),2,من را نسبتا درست توصیف می کند (۴),4,من را در حد متوسط توصیف می کند (۳),3,من را اندکی توصیف می کند (۲),2,من را اندکی توصیف می کند (۲),2,من را نسبتا درست توصیف می کند (۴),4,من را اندکی توصیف می کند (۲),2,من را نسبتا درست توصیف می کند (۴),4,من را اندکی توصیف می کند (۲),2,من را اندکی توصیف می کند (۲),2,من را اصلا توصیف نمی کند (۱),1,من را نسبتا درست توصیف می کند (۴),4,من را نسبتا درست توصیف می کند (۴),4,من را بسیار درست توصیف می کند (۵),5,من را اصلا توصیف نمی کند (۱),1,من را اندکی توصیف می کند (۲),2,من را نسبتا درست توصیف می کند (۴),4,من را نسبتا درست توصیف می کند (۴),4,من را اندکی توصیف می کند (۲),2,من را بسیار درست توصیف می کند (۵),5,من را اندکی توصیف می کند (۲),2,من را اندکی توصیف می کند (۲),2,من را اندکی توصیف می کند (۲),2,من را نسبتا درست توصیف می کند (۴),4,من را اندکی توصیف می کند (۲),2,من را نسبتا درست توصیف می کند (۴),4,من را اندکی توصیف می کند (۲),2,من را اصلا توصیف نمی کند (۱),1,من را اصلا توصیف نمی کند (۱),1,من را نسبتا درست توصیف می کند (۴),4,من را نسبتا درست توصیف می کند (۴),4,من را بسیار درست توصیف می کند (۵),5,من را در حد متوسط توصیف می کند (۳),3,من را نسبتا درست توصیف می کند (۴),4,من را اصلا توصیف نمی کند (۱),1,من را در حد متوسط توصیف می کند (۳),3,هیچوقت,1,یکبار در روز,5,قطعا درست (۵),5,مطمئن نیستم (۳),3,حدودا نادرست (۲),2,نه موافق و نه مخالف (۴),4,مخالف (۲),2,تا حدودی مخالف (۳),3,نه موافق و نه مخالف (۴),4,مخالف (۲),2,27,11,زن,1,,Iran (ایران),80,من در این کشور به دنیا آمدم و بزرگ شدم,1,,0,,0,منطقه شهری,1,منطقه شهری,1,گیلک/مازنی/شمالی,3,,اسلام,3,,تحصیلات تکمیلی (ارشد و دکتری),5,خیر,2,کنار آمدن با درآمد فعلی,2
1,1749484701944,09/06/2025 15:58,1749495501944,3.5,09/06/2025 21:58,225484,3,questionnaire-f9qm,,46999692,BLINDED,13606557,,complete,,,mobile,undefined K,Android 10,Chrome 136.0.0.0,384x832,384x700,,,0,Moral Foundations to Debrief Mehdinejad,3,consent,من را نسبتا درست توصیف می کند (۴),4,من را نسبتا درست توصیف می کند (۴),4,من را نسبتا درست توصیف می کند (۴),4,من را نسبتا درست توصیف می کند (۴),4,من را در حد متوسط توصیف می کند (۳),3,من را نسبتا درست توصیف می کند (۴),4,من را نسبتا درست توصیف می کند (۴),4,من را در حد متوسط توصیف می کند (۳),3,من را نسبتا درست توصیف می کند (۴),4,من را در حد متوسط توصیف می کند (۳),3,من را نسبتا درست توصیف می کند (۴),4,من را در حد متوسط توصیف می کند (۳),3,من را نسبتا درست توصیف می کند (۴),4,من را نسبتا درست توصیف می کند (۴),4,من را نسبتا درست توصیف می کند (۴),4,من را در حد متوسط توصیف می کند (۳),3,من را نسبتا درست توصیف می کند (۴),4,من را نسبتا درست توصیف می کند (۴),4,من را نسبتا درست توصیف می کند (۴),4,من را در حد متوسط توصیف می کند (۳),3,من را بسیار درست توصیف می کند (۵),5,من را در حد متوسط توصیف می کند (۳),3,من را در حد متوسط توصیف می کند (۳),3,من را اندکی توصیف می کند (۲),2,من را در حد متوسط توصیف می کند (۳),3,من را اندکی توصیف می کند (۲),2,من را نسبتا درست توصیف می کند (۴),4,من را نسبتا درست توصیف می کند (۴),4,من را اندکی توصیف می کند (۲),2,من را اندکی توصیف می کند (۲),2,من را بسیار درست توصیف می کند (۵),5,من را اندکی توصیف می کند (۲),2,من را در حد متوسط توصیف می کند (۳),3,من را نسبتا درست توصیف می کند (۴),4,من را بسیار درست توصیف می کند (۵),5,من را اصلا توصیف نمی کند (۱),1,من را در حد متوسط توصیف می کند (۳),3,چند بار در سال,3,چند بار در ماه,2,قطعا درست (۵),5,قطعا درست (۵),5,حدودا درست (۴),4,تا حدودی مخالف (۳),3,تا حدودی مخالف (۳),3,تا حدودی موافق (۵),5,مخالف (۲),2,مخالف (۲),2,28,12,زن,1,,Iran (ایران),80,من در این کشور به دنیا آمدم و بزرگ شدم,1,,0,,0,منطقه روستایی,3,منطقه شهری,1,ترک/آذری,2,,اسلام,3,,تحصیلات تکمیلی (ارشد و دکتری),5,بله,1,کنار آمدن با درآمد فعلی,2
END OF FILE,,,,,,,,,,,,,,,,,,,,,,,,,,,,,,,,,,,,,,,,,,,,,,,,,,,,,,,,,,,,,,,,,,,,,,,,,,,,,,,,,,,,,,,,,,,,,,,,,,,,,,,,,,,,,,,,,,,,,,,,,,,,,,,,,,,,,,,,,,,,,,,,,,,,,,,
