Event Index,UTC Timestamp,UTC Date and Time,Local Timestamp,Local Timezone,Local Date and Time,Experiment ID,Experiment Version,Tree Node Key,Repeat Key,Schedule ID,Participant Public ID,Participant Private ID,Participant Starting Group,Participant Status,Participant Completion Code,Participant External Session ID,Participant Device Type,Participant Device,Participant OS,Participant Browser,Participant Monitor Size,Participant Viewport Size,Checkpoint,Room ID,Room Order,Task Name,Task Version,branch-2d1i,dhf_endors object-9 همه باید با خودشان روراست باشند، فارغ از آنچه که دیگران ممکن است فکر کنند.,dhf_endors object-9 همه باید با خودشان روراست باشند، فارغ از آنچه که دیگران ممکن است فکر کنند. Quantised,dhf_endors object-9 میزان احترام هر کس به خودش بسیار مهم‌تر از میزان احترامی است که دیگران برای او قائلند.,dhf_endors object-9 میزان احترام هر کس به خودش بسیار مهم‌تر از میزان احترامی است که دیگران برای او قائلند. Quantised,dhf_endors object-9 نظرات هر کس باید مستقل از چیزی باشد که اطرافیانش می‌اندیشند.,dhf_endors object-9 نظرات هر کس باید مستقل از چیزی باشد که اطرافیانش می‌اندیشند. Quantised,dhf_endors object-9 هر کس باید بر اساس نظرات خودش تصمیم بگیرد، نه بر اساس آنچه که دیگران فکر می‌کنند.,dhf_endors object-9 هر کس باید بر اساس نظرات خودش تصمیم بگیرد، نه بر اساس آنچه که دیگران فکر می‌کنند. Quantised,dhf_endors object-9 ارزشی که هر کس برای خودش قائل است نباید وابسته به چیزی باشد که دیگران درباره او می‌اندیشند.,dhf_endors object-9 ارزشی که هر کس برای خودش قائل است نباید وابسته به چیزی باشد که دیگران درباره او می‌اندیشند. Quantised,dhf_endors object-9 با همه (هرکه باشد) باید محترمانه رفتار کرد.,dhf_endors object-9 با همه (هرکه باشد) باید محترمانه رفتار کرد. Quantised,dhf_endors object-9 هر کس حق دارد نظر متفاوتی داشته باشد و باید به این حق احترام گذاشت.,dhf_endors object-9 هر کس حق دارد نظر متفاوتی داشته باشد و باید به این حق احترام گذاشت. Quantised,dhf_endors object-9 همه‌ی آدم‌ها فارغ از باورها یا شیوه زندگی‌شان به طور یکسان شایسته احترام هستند.,dhf_endors object-9 همه‌ی آدم‌ها فارغ از باورها یا شیوه زندگی‌شان به طور یکسان شایسته احترام هستند. Quantised,dhf_endors object-9 همه‌ی آدم‌ها باید مورد کرامت انسانی قرار گیرند، فارغ از اینکه چه کسی هستند یا اهل کجا هستند.,dhf_endors object-9 همه‌ی آدم‌ها باید مورد کرامت انسانی قرار گیرند، فارغ از اینکه چه کسی هستند یا اهل کجا هستند. Quantised,dhf_endors object-9 همه باید به انتخاب دیگران احترام بگذارند، حتی اگر با آن انتخاب مخالف باشند.,dhf_endors object-9 همه باید به انتخاب دیگران احترام بگذارند، حتی اگر با آن انتخاب مخالف باشند. Quantised,dhf_endors object-9 کسی که شرافت ندارد، شایسته‌ی احترام نیست.,dhf_endors object-9 کسی که شرافت ندارد، شایسته‌ی احترام نیست. Quantised,dhf_endors object-9 کسی شایسته‌ی احترام است که نشان دهد می‌تواند از حق خودش دفاع کند.,dhf_endors object-9 کسی شایسته‌ی احترام است که نشان دهد می‌تواند از حق خودش دفاع کند. Quantised,dhf_endors object-9 هرگز نباید بی‌احترامی به خود را تحمل کرد.,dhf_endors object-9 هرگز نباید بی‌احترامی به خود را تحمل کرد. Quantised,dhf_endors object-9 همه باید آمادگی داشته باشند تا به هر قیمتی که شده از شرافت خود دفاع کنند.,dhf_endors object-9 همه باید آمادگی داشته باشند تا به هر قیمتی که شده از شرافت خود دفاع کنند. Quantised,dhf_endors object-9 اگر به کسی توهین شود و او پاسخی ندهد، فرد ضعیفی به نظر خواهد رسید.,dhf_endors object-9 اگر به کسی توهین شود و او پاسخی ندهد، فرد ضعیفی به نظر خواهد رسید. Quantised,dhf_endors object-9 همه باید همواره این را در ذهن داشته باشند که رفتارهایشان چگونه بر آبروی اطرافیانشان تاثیر می‌گذارد.,dhf_endors object-9 همه باید همواره این را در ذهن داشته باشند که رفتارهایشان چگونه بر آبروی اطرافیانشان تاثیر می‌گذارد. Quantised,dhf_endors object-9 همه باید آبروی خانواده خود را حفظ و از آن  دفاع کنند.,dhf_endors object-9 همه باید آبروی خانواده خود را حفظ و از آن  دفاع کنند. Quantised,dhf_endors object-9 هیچکس نباید کاری انجام دهد که به آبروی خانوادگی‌اش لطمه بزند.,dhf_endors object-9 هیچکس نباید کاری انجام دهد که به آبروی خانوادگی‌اش لطمه بزند. Quantised,dhf_endors object-9 مردان باید از آبروی زنانی که با آنها مرتبط هستند، دفاع کنند.,dhf_endors object-9 مردان باید از آبروی زنانی که با آنها مرتبط هستند، دفاع کنند. Quantised,dhf_endors object-9 اگر آبروی دوستمان به خطر بیفتد، باید از آبروی او دفاع کنیم.,dhf_endors object-9 اگر آبروی دوستمان به خطر بیفتد، باید از آبروی او دفاع کنیم. Quantised,dhf_endors object-9 همه باید پیش از سخن گفتن به اندازه کافی فکر کنند تا بعدا شرمنده نشوند.,dhf_endors object-9 همه باید پیش از سخن گفتن به اندازه کافی فکر کنند تا بعدا شرمنده نشوند. Quantised,dhf_endors object-9 افراد باید رفتار خود را در برابر دیگران کنترل کنند.  ,dhf_endors object-9 افراد باید رفتار خود را در برابر دیگران کنترل کنند.   Quantised,dhf_endors object-9 همه باید همواره بدانند که چه چیزی برای هر موقعیتی مناسب است، و بر همان اساس عمل کنند.,dhf_endors object-9 همه باید همواره بدانند که چه چیزی برای هر موقعیتی مناسب است، و بر همان اساس عمل کنند. Quantised,dhf_endors object-9 کسانی شایسته احترام هستند که تمامی تلاش خود را انجام می‌دهند تا وظایفی را که از آنها توقع می‌رود به خوبی انجام دهند.,dhf_endors object-9 کسانی شایسته احترام هستند که تمامی تلاش خود را انجام می‌دهند تا وظایفی را که از آنها توقع می‌رود به خوبی انجام دهند. Quantised,dhf_endors object-9 همه باید از انجام هرکار ناشایستی که منجر به شرمندگی‌شان میشود خودداری کنند.,dhf_endors object-9 همه باید از انجام هرکار ناشایستی که منجر به شرمندگی‌شان میشود خودداری کنند. Quantised,dhf_endors object-9 به منظور حفظ روابط خوبمان باید خیلی فروتن باشیم.,dhf_endors object-9 به منظور حفظ روابط خوبمان باید خیلی فروتن باشیم. Quantised,dhf_endors object-9 همه باید بسیار حواسشان را جمع کنند تا باعث شرمندگی کسی نشوند، خصوصا اگر آن فرد در جایگاه بالاتری باشد.,dhf_endors object-9 همه باید بسیار حواسشان را جمع کنند تا باعث شرمندگی کسی نشوند، خصوصا اگر آن فرد در جایگاه بالاتری باشد. Quantised,dhf_endors object-9 به منظور حفظ روابط خوبمان با دیگران باید با آن ها با توجه به جایگاهشان رفتار کنیم.,dhf_endors object-9 به منظور حفظ روابط خوبمان با دیگران باید با آن ها با توجه به جایگاهشان رفتار کنیم. Quantised,dhf_endors object-9 همه باید به هر قیمتی که شده، تنش‌ها در روابط اجتماعی را به حداقل برسانند.,dhf_endors object-9 همه باید به هر قیمتی که شده، تنش‌ها در روابط اجتماعی را به حداقل برسانند. Quantised,dhf_endors object-9 هیچکس نباید دیگران را در ملاء عام سرزنش کند، به ویژه اگر طرف مقابل بزرگتر یا باتجربه‌تر باشد.,dhf_endors object-9 هیچکس نباید دیگران را در ملاء عام سرزنش کند، به ویژه اگر طرف مقابل بزرگتر یا باتجربه‌تر باشد. Quantised,dhf_norm object-160 همه باید با خودشان روراست باشند، فارغ از آنچه که دیگران ممکن است فکر کنند.,dhf_norm object-160 همه باید با خودشان روراست باشند، فارغ از آنچه که دیگران ممکن است فکر کنند. Quantised,dhf_norm object-160 میزان احترام هر کس به خودش بسیار مهم‌تر از میزان احترامی است که دیگران برای او قائلند.,dhf_norm object-160 میزان احترام هر کس به خودش بسیار مهم‌تر از میزان احترامی است که دیگران برای او قائلند. Quantised,dhf_norm object-160 نظرات هر کس باید مستقل از چیزی باشد که اطرافیانش می‌اندیشند.,dhf_norm object-160 نظرات هر کس باید مستقل از چیزی باشد که اطرافیانش می‌اندیشند. Quantised,dhf_norm object-160 هر کس باید بر اساس نظرات خودش تصمیم بگیرد، نه بر اساس آنچه که دیگران فکر می‌کنند.,dhf_norm object-160 هر کس باید بر اساس نظرات خودش تصمیم بگیرد، نه بر اساس آنچه که دیگران فکر می‌کنند. Quantised,dhf_norm object-160 ارزشی که هرکس برای خودش قائل است نباید وابسته به چیزی باشد که دیگران درباره او می‌اندیشند.,dhf_norm object-160 ارزشی که هرکس برای خودش قائل است نباید وابسته به چیزی باشد که دیگران درباره او می‌اندیشند. Quantised,dhf_norm object-160 با همه (هرکه باشد) باید محترمانه رفتار کرد.,dhf_norm object-160 با همه (هرکه باشد) باید محترمانه رفتار کرد. Quantised,dhf_norm object-160 هر کس حق دارد نظر متفاوتی داشته باشد و باید به این حق احترام گذاشت.,dhf_norm object-160 هر کس حق دارد نظر متفاوتی داشته باشد و باید به این حق احترام گذاشت. Quantised,dhf_norm object-160 همه‌ی آدم‌ها فارغ از باورها یا شیوه‌ی زندگی‌شان به طور یکسان شایسته احترام هستند.,dhf_norm object-160 همه‌ی آدم‌ها فارغ از باورها یا شیوه‌ی زندگی‌شان به طور یکسان شایسته احترام هستند. Quantised,dhf_norm object-160 همه‌ی آدم‌ها باید مورد کرامت انسانی قرار گیرند، فارغ از اینکه چه کسی هستند یا اهل کجا هستند.,dhf_norm object-160 همه‌ی آدم‌ها باید مورد کرامت انسانی قرار گیرند، فارغ از اینکه چه کسی هستند یا اهل کجا هستند. Quantised,dhf_norm object-160 همه باید به انتخاب دیگران احترام بگذارند، حتی اگر با آن انتخاب مخالف باشند.,dhf_norm object-160 همه باید به انتخاب دیگران احترام بگذارند، حتی اگر با آن انتخاب مخالف باشند. Quantised,dhf_norm object-160 کسی که شرافت ندارد، شایسته‌ی احترام نیست.,dhf_norm object-160 کسی که شرافت ندارد، شایسته‌ی احترام نیست. Quantised,dhf_norm object-160 کسی شایسته‌ی احترام است که نشان دهد می‌تواند از حق خودش دفاع کند.,dhf_norm object-160 کسی شایسته‌ی احترام است که نشان دهد می‌تواند از حق خودش دفاع کند. Quantised,dhf_norm object-160 هرگز نباید بی‌احترامی به خود را تحمل کرد.,dhf_norm object-160 هرگز نباید بی‌احترامی به خود را تحمل کرد. Quantised,dhf_norm object-160 همه باید آمادگی داشته باشند تا به هر قیمتی که شده از شرافت خود دفاع کنند.,dhf_norm object-160 همه باید آمادگی داشته باشند تا به هر قیمتی که شده از شرافت خود دفاع کنند. Quantised,dhf_norm object-160 اگر به کسی توهین شود و او پاسخی ندهد، فرد ضعیفی به نظر خواهد رسید.,dhf_norm object-160 اگر به کسی توهین شود و او پاسخی ندهد، فرد ضعیفی به نظر خواهد رسید. Quantised,dhf_norm object-160 همه باید همواره این را در ذهن داشته باشند که رفتارهایشان چگونه بر آبروی اطرافیانشان تاثیر می‌گذارد.,dhf_norm object-160 همه باید همواره این را در ذهن داشته باشند که رفتارهایشان چگونه بر آبروی اطرافیانشان تاثیر می‌گذارد. Quantised,dhf_norm object-160 همه باید آبروی خانواده خود را حفظ و از آن  دفاع کنند.,dhf_norm object-160 همه باید آبروی خانواده خود را حفظ و از آن  دفاع کنند. Quantised,dhf_norm object-160 هیچکس نباید کاری انجام دهد که به آبروی خانوادگی‌اش لطمه بزند.,dhf_norm object-160 هیچکس نباید کاری انجام دهد که به آبروی خانوادگی‌اش لطمه بزند. Quantised,dhf_norm object-160 مردان باید از آبروی زنانی که به آنها مرتبط هستند، دفاع کنند.,dhf_norm object-160 مردان باید از آبروی زنانی که به آنها مرتبط هستند، دفاع کنند. Quantised,dhf_norm object-160 اگر آبروی دوستمان به خطر بیفتد، باید از آبروی او دفاع کنیم.,dhf_norm object-160 اگر آبروی دوستمان به خطر بیفتد، باید از آبروی او دفاع کنیم. Quantised,dhf_norm object-160 همه باید پیش از سخن گفتن به اندازه کافی فکر کنند تا بعدا شرمنده نشوند.,dhf_norm object-160 همه باید پیش از سخن گفتن به اندازه کافی فکر کنند تا بعدا شرمنده نشوند. Quantised,dhf_norm object-160 افراد باید رفتار خود را در برابر دیگران کنترل کنند.  ,dhf_norm object-160 افراد باید رفتار خود را در برابر دیگران کنترل کنند.   Quantised,dhf_norm object-160 همه باید همواره بدانند که چه چیزی برای هر موقعیتی مناسب است، و بر همان اساس عمل کنند.,dhf_norm object-160 همه باید همواره بدانند که چه چیزی برای هر موقعیتی مناسب است، و بر همان اساس عمل کنند. Quantised,dhf_norm object-160 کسانی شایسته احترام هستند که تمامی تلاش خود را انجام می‌دهند تا وظایفی را که از آنها توقع می‌رود به خوبی انجام دهند.,dhf_norm object-160 کسانی شایسته احترام هستند که تمامی تلاش خود را انجام می‌دهند تا وظایفی را که از آنها توقع می‌رود به خوبی انجام دهند. Quantised,dhf_norm object-160 همه باید از انجام هرکار ناشایستی که منجر به شرمندگی‌شان می‌شود خودداری کنند.,dhf_norm object-160 همه باید از انجام هرکار ناشایستی که منجر به شرمندگی‌شان می‌شود خودداری کنند. Quantised,dhf_norm object-160 به منظور حفظ روابط خوبمان باید خیلی فروتن باشیم.,dhf_norm object-160 به منظور حفظ روابط خوبمان باید خیلی فروتن باشیم. Quantised,dhf_norm object-160 همه باید بسیار حواسشان را جمع کنند تا باعث شرمندگی کسی نشوند، خصوصا اگر آن فرد در جایگاه بالاتری باشد.,dhf_norm object-160 همه باید بسیار حواسشان را جمع کنند تا باعث شرمندگی کسی نشوند، خصوصا اگر آن فرد در جایگاه بالاتری باشد. Quantised,dhf_norm object-160 به منظور حفظ روابط خوبمان با دیگران باید با آن‌ها با توجه به جایگاهشان رفتار کنیم.,dhf_norm object-160 به منظور حفظ روابط خوبمان با دیگران باید با آن‌ها با توجه به جایگاهشان رفتار کنیم. Quantised,dhf_norm object-160 همه باید به هر قیمتی که شده، تنش‌ها در روابط اجتماعی را به حداقل برسانند.,dhf_norm object-160 همه باید به هر قیمتی که شده، تنش‌ها در روابط اجتماعی را به حداقل برسانند. Quantised,dhf_norm object-160 هیچکس نباید دیگران را در ملاء عام سرزنش کند، به ویژه اگر طرف مقابل بزرگتر یا باتجربه‌تر باشد.,dhf_norm object-160 هیچکس نباید دیگران را در ملاء عام سرزنش کند، به ویژه اگر طرف مقابل بزرگتر یا باتجربه‌تر باشد. Quantised,"dhf_norm object-160 بررسی توجه: اگر در حال خواندن این پرسش هستید، لطفا گزینۀ ""مخالف"" را انتخاب کنید.","dhf_norm object-160 بررسی توجه: اگر در حال خواندن این پرسش هستید، لطفا گزینۀ ""مخالف"" را انتخاب کنید. Quantised"
1,1747074780085,12/05/2025 18:33,1747085580085,3.5,13/05/2025 00:33,225484,3,questionnaire-355e,,46102175,BLINDED,13404807,,complete,,,mobile,undefined K,Android 14,Chrome 135.0.7049.113,384x832,384x695,,,0,Dignity Honor Face and Dictator Game Instructions,14,consent,کاملا موافق (۶),6,تا حدی موافق (۴),4,تا حدی موافق (۴),4,موافق (۵),5,تا حدی موافق (۴),4,تا حدی مخالف (۳),3,تا حدی موافق (۴),4,تا حدی مخالف (۳),3,موافق (۵),5,کاملا مخالف (۱),1,کاملا موافق (۶),6,تا حدی مخالف (۳),3,کاملا موافق (۶),6,موافق (۵),5,تا حدی موافق (۴),4,موافق (۵),5,تا حدی مخالف (۳),3,مخالف (۲),2,تا حدی موافق (۴),4,موافق (۵),5,موافق (۵),5,کاملا موافق (۶),6,مخالف (۲),2,کاملا موافق (۶),6,کاملا موافق (۶),6,مخالف (۲),2,تا حدی مخالف (۳),3,تا حدی مخالف (۳),3,تا حدی موافق (۴),4,تا حدی مخالف (۳),3,موافق (۵),5,موافق (۵),5,تا حدی مخالف (۳),3,تا حدی موافق (۴),4,تا حدی موافق (۴),4,مخالف (۲),2,تا حدی مخالف (۳),3,تا حدی مخالف (۳),3,تا حدی مخالف (۳),3,مخالف (۲),2,موافق (۵),5,کاملا موافق (۶),6,کاملا موافق (۶),6,موافق (۵),5,کاملا موافق (۶),6,موافق (۵),5,کاملا موافق (۶),6,موافق (۵),5,کاملا موافق (۶),6,کاملا موافق (۶),6,تا حدی موافق (۴),4,موافق (۵),5,تا حدی موافق (۴),4,تا حدی موافق (۴),4,کاملا موافق (۶),6,تا حدی موافق (۴),4,تا حدی موافق (۴),4,تا حدی موافق (۴),4,کاملا مخالف (۱),1,تا حدی موافق (۴),4,مخالف (۲),2
1,1747075307315,12/05/2025 18:41,1747086107315,3.5,13/05/2025 00:41,225484,3,questionnaire-355e,,46102377,BLINDED,13404869,,complete,,,mobile,Apple iPhone,iOS 17.4.1,Mobile Safari 17.4.1,390x844,390x648,,,0,Dignity Honor Face and Dictator Game Instructions,14,consent,موافق (۵),5,موافق (۵),5,تا حدی موافق (۴),4,موافق (۵),5,تا حدی موافق (۴),4,مخالف (۲),2,موافق (۵),5,تا حدی مخالف (۳),3,موافق (۵),5,تا حدی موافق (۴),4,تا حدی موافق (۴),4,تا حدی موافق (۴),4,کاملا موافق (۶),6,موافق (۵),5,کاملا مخالف (۱),1,مخالف (۲),2,تا حدی موافق (۴),4,مخالف (۲),2,تا حدی مخالف (۳),3,تا حدی موافق (۴),4,تا حدی موافق (۴),4,تا حدی مخالف (۳),3,تا حدی مخالف (۳),3,کاملا موافق (۶),6,تا حدی مخالف (۳),3,مخالف (۲),2,مخالف (۲),2,تا حدی موافق (۴),4,تا حدی مخالف (۳),3,کاملا موافق (۶),6,کاملا مخالف (۱),1,تا حدی مخالف (۳),3,مخالف (۲),2,کاملا مخالف (۱),1,کاملا مخالف (۱),1,کاملا مخالف (۱),1,کاملا مخالف (۱),1,مخالف (۲),2,کاملا مخالف (۱),1,کاملا مخالف (۱),1,مخالف (۲),2,کاملا مخالف (۱),1,موافق (۵),5,تا حدی موافق (۴),4,کاملا موافق (۶),6,مخالف (۲),2,کاملا موافق (۶),6,کاملا موافق (۶),6,کاملا مخالف (۱),1,تا حدی مخالف (۳),3,تا حدی مخالف (۳),3,تا حدی موافق (۴),4,کاملا مخالف (۱),1,مخالف (۲),2,تا حدی موافق (۴),4,مخالف (۲),2,کاملا موافق (۶),6,کاملا موافق (۶),6,مخالف (۲),2,مخالف (۲),2,مخالف (۲),2
1,1747071605942,12/05/2025 17:40,1747082405942,3.5,12/05/2025 23:40,225484,3,questionnaire-355e,,46102362,BLINDED,13404846,,complete,,,mobile,undefined K,Android 10,Chrome 136.0.0.0,360x720,360x592,,,0,Dignity Honor Face and Dictator Game Instructions,14,consent,تا حدی مخالف (۳),3,تا حدی موافق (۴),4,تا حدی مخالف (۳),3,تا حدی موافق (۴),4,مخالف (۲),2,تا حدی موافق (۴),4,موافق (۵),5,تا حدی موافق (۴),4,کاملا موافق (۶),6,تا حدی مخالف (۳),3,تا حدی موافق (۴),4,تا حدی موافق (۴),4,تا حدی مخالف (۳),3,موافق (۵),5,مخالف (۲),2,تا حدی موافق (۴),4,موافق (۵),5,تا حدی مخالف (۳),3,موافق (۵),5,موافق (۵),5,موافق (۵),5,تا حدی موافق (۴),4,تا حدی مخالف (۳),3,تا حدی موافق (۴),4,تا حدی مخالف (۳),3,تا حدی مخالف (۳),3,تا حدی موافق (۴),4,مخالف (۲),2,مخالف (۲),2,موافق (۵),5,تا حدی موافق (۴),4,تا حدی موافق (۴),4,تا حدی مخالف (۳),3,تا حدی مخالف (۳),3,تا حدی مخالف (۳),3,تا حدی مخالف (۳),3,تا حدی مخالف (۳),3,تا حدی مخالف (۳),3,موافق (۵),5,تا حدی مخالف (۳),3,تا حدی موافق (۴),4,تا حدی موافق (۴),4,تا حدی موافق (۴),4,موافق (۵),5,تا حدی مخالف (۳),3,موافق (۵),5,موافق (۵),5,تا حدی موافق (۴),4,موافق (۵),5,تا حدی موافق (۴),4,تا حدی موافق (۴),4,موافق (۵),5,موافق (۵),5,موافق (۵),5,تا حدی موافق (۴),4,تا حدی مخالف (۳),3,موافق (۵),5,تا حدی موافق (۴),4,تا حدی مخالف (۳),3,موافق (۵),5,مخالف (۲),2
1,1747075957049,12/05/2025 18:52,1747086757049,3.5,13/05/2025 00:52,225484,3,questionnaire-355e,,46102641,BLINDED,13404959,,complete,,,mobile,Apple iPhone,iOS 18.0.1,Mobile Safari 18.0.1,390x844,390x648,,,0,Dignity Honor Face and Dictator Game Instructions,14,consent,تا حدی موافق (۴),4,تا حدی موافق (۴),4,تا حدی موافق (۴),4,تا حدی موافق (۴),4,تا حدی موافق (۴),4,تا حدی موافق (۴),4,تا حدی موافق (۴),4,تا حدی موافق (۴),4,موافق (۵),5,تا حدی موافق (۴),4,تا حدی موافق (۴),4,تا حدی مخالف (۳),3,موافق (۵),5,تا حدی موافق (۴),4,تا حدی مخالف (۳),3,تا حدی مخالف (۳),3,تا حدی مخالف (۳),3,تا حدی مخالف (۳),3,تا حدی مخالف (۳),3,تا حدی موافق (۴),4,موافق (۵),5,تا حدی موافق (۴),4,تا حدی موافق (۴),4,موافق (۵),5,تا حدی موافق (۴),4,موافق (۵),5,تا حدی موافق (۴),4,تا حدی مخالف (۳),3,تا حدی موافق (۴),4,تا حدی موافق (۴),4,تا حدی مخالف (۳),3,تا حدی مخالف (۳),3,تا حدی مخالف (۳),3,تا حدی موافق (۴),4,تا حدی مخالف (۳),3,تا حدی مخالف (۳),3,تا حدی مخالف (۳),3,تا حدی موافق (۴),4,موافق (۵),5,تا حدی مخالف (۳),3,موافق (۵),5,تا حدی موافق (۴),4,موافق (۵),5,موافق (۵),5,تا حدی موافق (۴),4,تا حدی موافق (۴),4,کاملا موافق (۶),6,موافق (۵),5,موافق (۵),5,تا حدی موافق (۴),4,موافق (۵),5,تا حدی موافق (۴),4,موافق (۵),5,تا حدی موافق (۴),4,موافق (۵),5,موافق (۵),5,تا حدی موافق (۴),4,تا حدی موافق (۴),4,موافق (۵),5,موافق (۵),5,مخالف (۲),2
1,1747076059993,12/05/2025 18:54,1747086859993,3.5,13/05/2025 00:54,225484,3,questionnaire-355e,,46102694,BLINDED,13404966,,live,,,mobile,undefined K,Android 12,Chrome 135.0.7049.111,412x915,411x776,,,0,Dignity Honor Face and Dictator Game Instructions,14,consent,کاملا مخالف (۱),1,موافق (۵),5,مخالف (۲),2,موافق (۵),5,موافق (۵),5,تا حدی مخالف (۳),3,کاملا مخالف (۱),1,کاملا مخالف (۱),1,موافق (۵),5,کاملا موافق (۶),6,مخالف (۲),2,کاملا مخالف (۱),1,کاملا موافق (۶),6,موافق (۵),5,تا حدی موافق (۴),4,موافق (۵),5,تا حدی مخالف (۳),3,کاملا موافق (۶),6,موافق (۵),5,کاملا موافق (۶),6,کاملا موافق (۶),6,کاملا موافق (۶),6,تا حدی مخالف (۳),3,موافق (۵),5,کاملا مخالف (۱),1,تا حدی موافق (۴),4,کاملا مخالف (۱),1,کاملا مخالف (۱),1,مخالف (۲),2,تا حدی مخالف (۳),3,تا حدی موافق (۴),4,کاملا مخالف (۱),1,کاملا مخالف (۱),1,کاملا مخالف (۱),1,تا حدی موافق (۴),4,مخالف (۲),2,تا حدی موافق (۴),4,تا حدی مخالف (۳),3,تا حدی موافق (۴),4,کاملا مخالف (۱),1,کاملا مخالف (۱),1,مخالف (۲),2,کاملا موافق (۶),6,مخالف (۲),2,کاملا مخالف (۱),1,کاملا مخالف (۱),1,موافق (۵),5,کاملا مخالف (۱),1,کاملا مخالف (۱),1,موافق (۵),5,کاملا مخالف (۱),1,کاملا موافق (۶),6,مخالف (۲),2,کاملا مخالف (۱),1,کاملا مخالف (۱),1,کاملا مخالف (۱),1,تا حدی مخالف (۳),3,کاملا مخالف (۱),1,مخالف (۲),2,کاملا مخالف (۱),1,مخالف (۲),2
1,1747078670282,12/05/2025 19:37,1747089470282,3.5,13/05/2025 01:37,225484,3,questionnaire-355e,,46103711,BLINDED,13405287,,live,,,mobile,Apple iPhone,iOS 17.1.1,Mobile Safari 17.1.1,428x926,428x730,,,0,Dignity Honor Face and Dictator Game Instructions,14,consent,,,کاملا موافق (۶),6,تا حدی مخالف (۳),3,کاملا موافق (۶),6,,,,,کاملا موافق (۶),6,کاملا موافق (۶),6,کاملا موافق (۶),6,کاملا موافق (۶),6,تا حدی موافق (۴),4,تا حدی موافق (۴),4,,,تا حدی موافق (۴),4,تا حدی مخالف (۳),3,,,تا حدی موافق (۴),4,مخالف (۲),2,موافق (۵),5,تا حدی موافق (۴),4,تا حدی موافق (۴),4,موافق (۵),5,مخالف (۲),2,تا حدی مخالف (۳),3,تا حدی مخالف (۳),3,مخالف (۲),2,,,تا حدی مخالف (۳),3,مخالف (۲),2,کاملا موافق (۶),6,,,,,,,,,,,,,,,,,,,,,,,,,,,,,,,,,,,,,,,,,,,,,,,,,,,,,,,,,,,,,,
1,1747121320321,13/05/2025 07:28,1747132120321,3.5,13/05/2025 13:28,225484,3,questionnaire-355e,,46111782,BLINDED,13407512,,complete,,,mobile,undefined K,Android 11,Chrome 135.0.7049.111,412x915,411x781,,,0,Dignity Honor Face and Dictator Game Instructions,14,consent,موافق (۵),5,تا حدی مخالف (۳),3,موافق (۵),5,تا حدی موافق (۴),4,تا حدی موافق (۴),4,مخالف (۲),2,مخالف (۲),2,کاملا مخالف (۱),1,مخالف (۲),2,کاملا موافق (۶),6,مخالف (۲),2,موافق (۵),5,کاملا موافق (۶),6,تا حدی مخالف (۳),3,تا حدی مخالف (۳),3,موافق (۵),5,موافق (۵),5,تا حدی موافق (۴),4,تا حدی موافق (۴),4,موافق (۵),5,موافق (۵),5,موافق (۵),5,تا حدی موافق (۴),4,موافق (۵),5,موافق (۵),5,تا حدی موافق (۴),4,تا حدی موافق (۴),4,تا حدی موافق (۴),4,تا حدی موافق (۴),4,موافق (۵),5,موافق (۵),5,مخالف (۲),2,مخالف (۲),2,مخالف (۲),2,مخالف (۲),2,موافق (۵),5,مخالف (۲),2,مخالف (۲),2,مخالف (۲),2,مخالف (۲),2,تا حدی موافق (۴),4,موافق (۵),5,موافق (۵),5,موافق (۵),5,مخالف (۲),2,موافق (۵),5,کاملا موافق (۶),6,کاملا موافق (۶),6,کاملا موافق (۶),6,موافق (۵),5,موافق (۵),5,موافق (۵),5,موافق (۵),5,موافق (۵),5,موافق (۵),5,موافق (۵),5,موافق (۵),5,موافق (۵),5,موافق (۵),5,موافق (۵),5,مخالف (۲),2
1,1747132906951,13/05/2025 10:41,1747143706951,3.5,13/05/2025 16:41,225484,3,questionnaire-355e,,46123768,BLINDED,13409754,,live,,,computer,Desktop or Laptop,Windows 10,Firefox 138.0,1920x1080,1920x955,,,0,Dignity Honor Face and Dictator Game Instructions,14,consent,کاملا موافق (۶),6,موافق (۵),5,موافق (۵),5,موافق (۵),5,مخالف (۲),2,تا حدی موافق (۴),4,موافق (۵),5,مخالف (۲),2,موافق (۵),5,تا حدی موافق (۴),4,تا حدی موافق (۴),4,کاملا مخالف (۱),1,تا حدی موافق (۴),4,مخالف (۲),2,مخالف (۲),2,تا حدی موافق (۴),4,تا حدی موافق (۴),4,مخالف (۲),2,تا حدی موافق (۴),4,تا حدی موافق (۴),4,تا حدی موافق (۴),4,تا حدی موافق (۴),4,موافق (۵),5,تا حدی موافق (۴),4,تا حدی موافق (۴),4,تا حدی موافق (۴),4,مخالف (۲),2,تا حدی موافق (۴),4,مخالف (۲),2,تا حدی مخالف (۳),3,,,,,,,,,,,,,,,,,,,,,,,,,,,,,,,,,,,,,,,,,,,,,,,,,,,,,,,,,,,,,,
1,1747145838330,13/05/2025 14:17,1747156638330,3.5,13/05/2025 20:17,225484,3,questionnaire-355e,,46133369,BLINDED,13412130,,complete,,,mobile,undefined K,Android 13,Chrome 135.0.7049.113,385x854,384x725,,,0,Dignity Honor Face and Dictator Game Instructions,14,consent,کاملا موافق (۶),6,تا حدی موافق (۴),4,تا حدی موافق (۴),4,موافق (۵),5,موافق (۵),5,موافق (۵),5,کاملا موافق (۶),6,موافق (۵),5,کاملا موافق (۶),6,موافق (۵),5,تا حدی موافق (۴),4,مخالف (۲),2,مخالف (۲),2,تا حدی موافق (۴),4,مخالف (۲),2,تا حدی مخالف (۳),3,تا حدی موافق (۴),4,مخالف (۲),2,موافق (۵),5,موافق (۵),5,موافق (۵),5,موافق (۵),5,تا حدی موافق (۴),4,تا حدی موافق (۴),4,تا حدی مخالف (۳),3,تا حدی موافق (۴),4,تا حدی مخالف (۳),3,کاملا مخالف (۱),1,تا حدی موافق (۴),4,موافق (۵),5,موافق (۵),5,تا حدی مخالف (۳),3,تا حدی موافق (۴),4,تا حدی مخالف (۳),3,مخالف (۲),2,مخالف (۲),2,موافق (۵),5,کاملا مخالف (۱),1,تا حدی مخالف (۳),3,تا حدی مخالف (۳),3,موافق (۵),5,موافق (۵),5,موافق (۵),5,کاملا موافق (۶),6,موافق (۵),5,موافق (۵),5,موافق (۵),5,تا حدی موافق (۴),4,موافق (۵),5,تا حدی موافق (۴),4,کاملا موافق (۶),6,موافق (۵),5,موافق (۵),5,تا حدی موافق (۴),4,موافق (۵),5,تا حدی موافق (۴),4,موافق (۵),5,موافق (۵),5,تا حدی مخالف (۳),3,تا حدی مخالف (۳),3,مخالف (۲),2
1,1747165148008,13/05/2025 19:39,1747175948008,3.5,14/05/2025 01:39,225484,3,questionnaire-355e,,46151856,BLINDED,13415513,,complete,,,mobile,Apple iPhone,iOS 18.4.1,Mobile Safari 18.4.1,390x844,390x648,,,0,Dignity Honor Face and Dictator Game Instructions,14,consent,موافق (۵),5,تا حدی مخالف (۳),3,تا حدی موافق (۴),4,موافق (۵),5,تا حدی موافق (۴),4,تا حدی موافق (۴),4,موافق (۵),5,تا حدی موافق (۴),4,تا حدی موافق (۴),4,موافق (۵),5,تا حدی مخالف (۳),3,کاملا مخالف (۱),1,تا حدی موافق (۴),4,تا حدی مخالف (۳),3,مخالف (۲),2,مخالف (۲),2,مخالف (۲),2,مخالف (۲),2,کاملا مخالف (۱),1,تا حدی موافق (۴),4,تا حدی موافق (۴),4,تا حدی موافق (۴),4,تا حدی موافق (۴),4,مخالف (۲),2,تا حدی موافق (۴),4,تا حدی موافق (۴),4,مخالف (۲),2,تا حدی مخالف (۳),3,موافق (۵),5,تا حدی مخالف (۳),3,تا حدی مخالف (۳),3,تا حدی موافق (۴),4,تا حدی موافق (۴),4,مخالف (۲),2,مخالف (۲),2,مخالف (۲),2,تا حدی مخالف (۳),3,مخالف (۲),2,مخالف (۲),2,تا حدی مخالف (۳),3,موافق (۵),5,تا حدی مخالف (۳),3,تا حدی مخالف (۳),3,تا حدی موافق (۴),4,تا حدی موافق (۴),4,موافق (۵),5,کاملا موافق (۶),6,کاملا موافق (۶),6,کاملا موافق (۶),6,مخالف (۲),2,موافق (۵),5,موافق (۵),5,موافق (۵),5,موافق (۵),5,موافق (۵),5,موافق (۵),5,تا حدی موافق (۴),4,موافق (۵),5,تا حدی موافق (۴),4,موافق (۵),5,مخالف (۲),2
1,1747167508364,13/05/2025 20:18,1747178308364,3.5,14/05/2025 02:18,225484,3,questionnaire-355e,,46152943,BLINDED,13415711,,live,,,mobile,undefined K,Android 12,Chrome 135.0.7049.113,393x873,392x779,,,0,Dignity Honor Face and Dictator Game Instructions,14,consent,,,,,,,,,,,,,,,,,,,,,,,,,,,,,,,,,,,,,,,,,,,,,,,,,,,,,,,,,,,,,,,,,,,,,,,,,,,,,,,,,,,,,,,,,,,,,,,,,,,,,,,,,,,,,,,,,,,,,,,,,,
1,1747199795844,14/05/2025 05:16,1747214195844,4.5,14/05/2025 13:16,225484,3,questionnaire-355e,,46156860,BLINDED,13416793,,complete,,,mobile,Samsung SM-A325F,Android 13,Chrome 104.0.0.0,412x915,412x780,,,0,Dignity Honor Face and Dictator Game Instructions,14,consent,موافق (۵),5,کاملا موافق (۶),6,تا حدی مخالف (۳),3,کاملا موافق (۶),6,کاملا موافق (۶),6,تا حدی موافق (۴),4,کاملا موافق (۶),6,کاملا موافق (۶),6,کاملا موافق (۶),6,کاملا موافق (۶),6,تا حدی مخالف (۳),3,کاملا مخالف (۱),1,کاملا موافق (۶),6,کاملا موافق (۶),6,تا حدی مخالف (۳),3,تا حدی موافق (۴),4,کاملا موافق (۶),6,کاملا موافق (۶),6,تا حدی موافق (۴),4,کاملا موافق (۶),6,کاملا موافق (۶),6,کاملا موافق (۶),6,موافق (۵),5,تا حدی مخالف (۳),3,کاملا موافق (۶),6,مخالف (۲),2,موافق (۵),5,تا حدی مخالف (۳),3,تا حدی موافق (۴),4,کاملا موافق (۶),6,کاملا موافق (۶),6,کاملا موافق (۶),6,موافق (۵),5,کاملا موافق (۶),6,کاملا موافق (۶),6,تا حدی موافق (۴),4,کاملا موافق (۶),6,کاملا موافق (۶),6,کاملا موافق (۶),6,کاملا موافق (۶),6,مخالف (۲),2,مخالف (۲),2,کاملا موافق (۶),6,کاملا موافق (۶),6,تا حدی موافق (۴),4,تا حدی مخالف (۳),3,کاملا موافق (۶),6,کاملا موافق (۶),6,تا حدی مخالف (۳),3,کاملا موافق (۶),6,کاملا موافق (۶),6,کاملا موافق (۶),6,کاملا موافق (۶),6,تا حدی مخالف (۳),3,کاملا موافق (۶),6,مخالف (۲),2,کاملا موافق (۶),6,تا حدی مخالف (۳),3,موافق (۵),5,کاملا موافق (۶),6,مخالف (۲),2
1,1747233343265,14/05/2025 14:35,1747244143265,3.5,14/05/2025 20:35,225484,3,questionnaire-355e,,46178619,BLINDED,13421902,,complete,,,mobile,Samsung SM-A507FN,Android 11,Android Browser 4.0,412x892,411x764,,,0,Dignity Honor Face and Dictator Game Instructions,14,consent,کاملا موافق (۶),6,تا حدی موافق (۴),4,موافق (۵),5,تا حدی موافق (۴),4,کاملا موافق (۶),6,کاملا موافق (۶),6,کاملا موافق (۶),6,کاملا موافق (۶),6,کاملا موافق (۶),6,کاملا موافق (۶),6,تا حدی موافق (۴),4,مخالف (۲),2,کاملا موافق (۶),6,کاملا موافق (۶),6,موافق (۵),5,موافق (۵),5,کاملا موافق (۶),6,کاملا موافق (۶),6,کاملا موافق (۶),6,کاملا موافق (۶),6,کاملا موافق (۶),6,کاملا موافق (۶),6,کاملا موافق (۶),6,کاملا مخالف (۱),1,کاملا موافق (۶),6,تا حدی موافق (۴),4,کاملا موافق (۶),6,تا حدی موافق (۴),4,کاملا موافق (۶),6,کاملا موافق (۶),6,مخالف (۲),2,مخالف (۲),2,موافق (۵),5,تا حدی مخالف (۳),3,مخالف (۲),2,مخالف (۲),2,تا حدی مخالف (۳),3,مخالف (۲),2,تا حدی موافق (۴),4,مخالف (۲),2,تا حدی موافق (۴),4,تا حدی مخالف (۳),3,کاملا موافق (۶),6,موافق (۵),5,موافق (۵),5,تا حدی مخالف (۳),3,موافق (۵),5,تا حدی مخالف (۳),3,مخالف (۲),2,تا حدی مخالف (۳),3,مخالف (۲),2,کاملا مخالف (۱),1,مخالف (۲),2,تا حدی موافق (۴),4,تا حدی مخالف (۳),3,تا حدی مخالف (۳),3,تا حدی مخالف (۳),3,کاملا موافق (۶),6,مخالف (۲),2,مخالف (۲),2,کاملا مخالف (۱),1
1,1747254615355,14/05/2025 20:30,1747265415355,3.5,15/05/2025 02:30,225484,3,questionnaire-355e,,46192044,BLINDED,13424755,,live,,,mobile,undefined K,Android 11,Chrome 135.0.7049.111,412x869,411x734,,,0,Dignity Honor Face and Dictator Game Instructions,14,consent,کاملا موافق (۶),6,تا حدی موافق (۴),4,,,کاملا موافق (۶),6,تا حدی موافق (۴),4,مخالف (۲),2,موافق (۵),5,تا حدی موافق (۴),4,,,,,,,تا حدی موافق (۴),4,مخالف (۲),2,,,کاملا مخالف (۱),1,تا حدی موافق (۴),4,,,مخالف (۲),2,,,تا حدی مخالف (۳),3,تا حدی مخالف (۳),3,تا حدی مخالف (۳),3,کاملا مخالف (۱),1,کاملا مخالف (۱),1,تا حدی موافق (۴),4,تا حدی مخالف (۳),3,تا حدی مخالف (۳),3,تا حدی مخالف (۳),3,تا حدی مخالف (۳),3,تا حدی مخالف (۳),3,,,,,,,,,,,,,,,,,,,,,,,,,,,,,,,,,,,,,,,,,,,,,,,,,,,,,,,,,,,,,,
1,1747284207642,15/05/2025 04:43,1747295007642,3.5,15/05/2025 10:43,225484,3,questionnaire-355e,,46195785,BLINDED,13425794,,complete,,,mobile,undefined K,Android 10,Samsung Internet 24.0,412x915,412x784,,,0,Dignity Honor Face and Dictator Game Instructions,14,consent,تا حدی موافق (۴),4,تا حدی موافق (۴),4,تا حدی مخالف (۳),3,تا حدی موافق (۴),4,تا حدی موافق (۴),4,کاملا موافق (۶),6,موافق (۵),5,موافق (۵),5,موافق (۵),5,تا حدی موافق (۴),4,موافق (۵),5,تا حدی موافق (۴),4,موافق (۵),5,موافق (۵),5,مخالف (۲),2,موافق (۵),5,موافق (۵),5,موافق (۵),5,موافق (۵),5,موافق (۵),5,موافق (۵),5,موافق (۵),5,موافق (۵),5,موافق (۵),5,موافق (۵),5,موافق (۵),5,موافق (۵),5,مخالف (۲),2,کاملا موافق (۶),6,تا حدی موافق (۴),4,تا حدی موافق (۴),4,تا حدی موافق (۴),4,موافق (۵),5,تا حدی موافق (۴),4,تا حدی موافق (۴),4,تا حدی موافق (۴),4,تا حدی موافق (۴),4,تا حدی موافق (۴),4,تا حدی موافق (۴),4,تا حدی موافق (۴),4,موافق (۵),5,موافق (۵),5,کاملا موافق (۶),6,تا حدی موافق (۴),4,تا حدی موافق (۴),4,تا حدی موافق (۴),4,موافق (۵),5,تا حدی موافق (۴),4,تا حدی موافق (۴),4,تا حدی موافق (۴),4,تا حدی مخالف (۳),3,تا حدی موافق (۴),4,تا حدی موافق (۴),4,تا حدی موافق (۴),4,تا حدی موافق (۴),4,تا حدی موافق (۴),4,تا حدی موافق (۴),4,تا حدی موافق (۴),4,موافق (۵),5,تا حدی موافق (۴),4,مخالف (۲),2
1,1747291937774,15/05/2025 06:52,1747302737774,3.5,15/05/2025 12:52,225484,3,questionnaire-355e,,46196579,BLINDED,13425994,,live,,,mobile,Apple iPhone,iOS 18.4.1,Mobile Safari 18.4.1,390x844,390x648,,,0,Dignity Honor Face and Dictator Game Instructions,14,consent,موافق (۵),5,موافق (۵),5,تا حدی موافق (۴),4,تا حدی موافق (۴),4,موافق (۵),5,تا حدی موافق (۴),4,کاملا موافق (۶),6,تا حدی موافق (۴),4,تا حدی موافق (۴),4,تا حدی موافق (۴),4,تا حدی موافق (۴),4,مخالف (۲),2,کاملا موافق (۶),6,موافق (۵),5,موافق (۵),5,موافق (۵),5,کاملا موافق (۶),6,کاملا موافق (۶),6,کاملا موافق (۶),6,موافق (۵),5,کاملا موافق (۶),6,کاملا موافق (۶),6,موافق (۵),5,تا حدی موافق (۴),4,موافق (۵),5,موافق (۵),5,موافق (۵),5,موافق (۵),5,موافق (۵),5,تا حدی موافق (۴),4,کاملا موافق (۶),6,کاملا موافق (۶),6,موافق (۵),5,کاملا موافق (۶),6,کاملا موافق (۶),6,تا حدی موافق (۴),4,تا حدی موافق (۴),4,تا حدی مخالف (۳),3,موافق (۵),5,تا حدی مخالف (۳),3,موافق (۵),5,تا حدی مخالف (۳),3,کاملا موافق (۶),6,کاملا موافق (۶),6,موافق (۵),5,موافق (۵),5,کاملا موافق (۶),6,کاملا موافق (۶),6,کاملا موافق (۶),6,تا حدی موافق (۴),4,موافق (۵),5,موافق (۵),5,موافق (۵),5,موافق (۵),5,موافق (۵),5,موافق (۵),5,تا حدی موافق (۴),4,تا حدی موافق (۴),4,موافق (۵),5,تا حدی موافق (۴),4,مخالف (۲),2
1,1747302391323,15/05/2025 09:46,1747313191323,3.5,15/05/2025 15:46,225484,3,questionnaire-355e,,46206817,BLINDED,13427707,,live,,,mobile,undefined K,Android 10,MIUI Browser 14.18.1,393x851,393x663,,,0,Dignity Honor Face and Dictator Game Instructions,14,consent,کاملا موافق (۶),6,کاملا موافق (۶),6,موافق (۵),5,تا حدی موافق (۴),4,کاملا موافق (۶),6,کاملا مخالف (۱),1,موافق (۵),5,موافق (۵),5,موافق (۵),5,موافق (۵),5,موافق (۵),5,تا حدی موافق (۴),4,موافق (۵),5,کاملا موافق (۶),6,تا حدی موافق (۴),4,موافق (۵),5,کاملا موافق (۶),6,کاملا موافق (۶),6,کاملا موافق (۶),6,تا حدی موافق (۴),4,کاملا موافق (۶),6,کاملا موافق (۶),6,تا حدی موافق (۴),4,تا حدی موافق (۴),4,موافق (۵),5,تا حدی موافق (۴),4,موافق (۵),5,تا حدی مخالف (۳),3,کاملا موافق (۶),6,تا حدی موافق (۴),4,موافق (۵),5,کاملا موافق (۶),6,کاملا موافق (۶),6,تا حدی موافق (۴),4,تا حدی موافق (۴),4,تا حدی موافق (۴),4,موافق (۵),5,تا حدی موافق (۴),4,تا حدی موافق (۴),4,موافق (۵),5,تا حدی موافق (۴),4,موافق (۵),5,تا حدی موافق (۴),4,کاملا موافق (۶),6,موافق (۵),5,موافق (۵),5,موافق (۵),5,کاملا موافق (۶),6,کاملا موافق (۶),6,تا حدی موافق (۴),4,موافق (۵),5,کاملا موافق (۶),6,کاملا موافق (۶),6,تا حدی موافق (۴),4,کاملا موافق (۶),6,تا حدی موافق (۴),4,تا حدی موافق (۴),4,تا حدی موافق (۴),4,کاملا موافق (۶),6,موافق (۵),5,مخالف (۲),2
1,1747334294132,15/05/2025 18:38,1747345094132,3.5,16/05/2025 00:38,225484,3,questionnaire-355e,,46226206,BLINDED,13431553,,complete,,,mobile,undefined K,Android 11,Chrome 135.0.7049.113,412x892,411x756,,,0,Dignity Honor Face and Dictator Game Instructions,14,consent,موافق (۵),5,کاملا موافق (۶),6,موافق (۵),5,موافق (۵),5,کاملا موافق (۶),6,موافق (۵),5,کاملا موافق (۶),6,کاملا موافق (۶),6,کاملا موافق (۶),6,موافق (۵),5,تا حدی موافق (۴),4,مخالف (۲),2,موافق (۵),5,موافق (۵),5,کاملا مخالف (۱),1,تا حدی موافق (۴),4,تا حدی موافق (۴),4,تا حدی موافق (۴),4,موافق (۵),5,موافق (۵),5,موافق (۵),5,موافق (۵),5,تا حدی موافق (۴),4,کاملا موافق (۶),6,موافق (۵),5,موافق (۵),5,تا حدی موافق (۴),4,موافق (۵),5,تا حدی موافق (۴),4,موافق (۵),5,تا حدی موافق (۴),4,موافق (۵),5,موافق (۵),5,موافق (۵),5,کاملا موافق (۶),6,موافق (۵),5,کاملا موافق (۶),6,موافق (۵),5,موافق (۵),5,کاملا موافق (۶),6,موافق (۵),5,تا حدی موافق (۴),4,موافق (۵),5,موافق (۵),5,مخالف (۲),2,کاملا موافق (۶),6,کاملا موافق (۶),6,موافق (۵),5,موافق (۵),5,کاملا موافق (۶),6,موافق (۵),5,موافق (۵),5,موافق (۵),5,کاملا موافق (۶),6,موافق (۵),5,موافق (۵),5,کاملا موافق (۶),6,موافق (۵),5,تا حدی موافق (۴),4,کاملا موافق (۶),6,مخالف (۲),2
1,1747344301886,15/05/2025 21:25,1747355101886,3.5,16/05/2025 03:25,225484,3,questionnaire-355e,,46230607,BLINDED,13432993,,complete,,,mobile,undefined K,Android 11,Chrome 134.0.6998.135,393x873,392x736,,,0,Dignity Honor Face and Dictator Game Instructions,14,consent,موافق (۵),5,موافق (۵),5,کاملا موافق (۶),6,کاملا موافق (۶),6,کاملا موافق (۶),6,کاملا موافق (۶),6,کاملا موافق (۶),6,کاملا موافق (۶),6,کاملا موافق (۶),6,کاملا موافق (۶),6,موافق (۵),5,تا حدی مخالف (۳),3,موافق (۵),5,تا حدی موافق (۴),4,مخالف (۲),2,موافق (۵),5,کاملا مخالف (۱),1,کاملا مخالف (۱),1,کاملا مخالف (۱),1,موافق (۵),5,موافق (۵),5,کاملا موافق (۶),6,تا حدی مخالف (۳),3,تا حدی مخالف (۳),3,تا حدی مخالف (۳),3,تا حدی موافق (۴),4,موافق (۵),5,تا حدی موافق (۴),4,تا حدی مخالف (۳),3,موافق (۵),5,مخالف (۲),2,مخالف (۲),2,مخالف (۲),2,مخالف (۲),2,مخالف (۲),2,تا حدی مخالف (۳),3,کاملا مخالف (۱),1,مخالف (۲),2,مخالف (۲),2,مخالف (۲),2,کاملا موافق (۶),6,موافق (۵),5,تا حدی مخالف (۳),3,کاملا موافق (۶),6,تا حدی موافق (۴),4,کاملا موافق (۶),6,کاملا موافق (۶),6,کاملا موافق (۶),6,کاملا موافق (۶),6,تا حدی موافق (۴),4,کاملا موافق (۶),6,مخالف (۲),2,کاملا موافق (۶),6,کاملا موافق (۶),6,کاملا موافق (۶),6,کاملا موافق (۶),6,کاملا موافق (۶),6,موافق (۵),5,کاملا موافق (۶),6,کاملا موافق (۶),6,مخالف (۲),2
1,1747373881093,16/05/2025 05:38,1747384681093,3.5,16/05/2025 11:38,225484,3,questionnaire-355e,,46234405,BLINDED,13435856,,live,,,mobile,undefined K,Android 10,Chrome 136.0.0.0,412x883,411x750,,,0,Dignity Honor Face and Dictator Game Instructions,14,consent,,,,,,,,,,,,,,,,,,,,,,,,,,,,,,,,,,,,,,,,,,,,,,,,,,,,,,,,,,,,,,,,,,,,,,,,,,,,,,,,,,,,,,,,,,,,,,,,,,,,,,,,,,,,,,,,,,,,,,,,,,
1,1747375281035,16/05/2025 06:01,1747386081035,3.5,16/05/2025 12:01,225484,3,questionnaire-355e,,46234525,BLINDED,13435926,,complete,,,mobile,Apple iPhone,iOS 18.1,Mobile Safari 18.1,390x844,390x648,,,0,Dignity Honor Face and Dictator Game Instructions,14,consent,کاملا موافق (۶),6,کاملا موافق (۶),6,تا حدی موافق (۴),4,کاملا موافق (۶),6,کاملا موافق (۶),6,کاملا مخالف (۱),1,کاملا موافق (۶),6,تا حدی موافق (۴),4,تا حدی موافق (۴),4,تا حدی موافق (۴),4,تا حدی موافق (۴),4,تا حدی مخالف (۳),3,موافق (۵),5,مخالف (۲),2,تا حدی مخالف (۳),3,تا حدی مخالف (۳),3,تا حدی مخالف (۳),3,تا حدی مخالف (۳),3,موافق (۵),5,تا حدی موافق (۴),4,موافق (۵),5,تا حدی موافق (۴),4,کاملا موافق (۶),6,تا حدی مخالف (۳),3,مخالف (۲),2,تا حدی مخالف (۳),3,کاملا مخالف (۱),1,مخالف (۲),2,موافق (۵),5,تا حدی موافق (۴),4,تا حدی موافق (۴),4,کاملا مخالف (۱),1,مخالف (۲),2,مخالف (۲),2,مخالف (۲),2,تا حدی موافق (۴),4,تا حدی مخالف (۳),3,موافق (۵),5,مخالف (۲),2,تا حدی موافق (۴),4,کاملا موافق (۶),6,تا حدی موافق (۴),4,,,کاملا موافق (۶),6,موافق (۵),5,کاملا موافق (۶),6,کاملا موافق (۶),6,کاملا موافق (۶),6,کاملا موافق (۶),6,کاملا موافق (۶),6,تا حدی مخالف (۳),3,کاملا موافق (۶),6,تا حدی مخالف (۳),3,کاملا موافق (۶),6,کاملا موافق (۶),6,کاملا موافق (۶),6,کاملا موافق (۶),6,کاملا موافق (۶),6,موافق (۵),5,کاملا موافق (۶),6,مخالف (۲),2
1,1747384250547,16/05/2025 08:30,1747395050547,3.5,16/05/2025 14:30,225484,3,questionnaire-355e,,46236910,BLINDED,13436717,,complete,,,mobile,undefined K,Android 10,Chrome 111.0.0.0,412x915,412x777,,,0,Dignity Honor Face and Dictator Game Instructions,14,consent,,,,,,,,,,,,,,,,,,,,,,,,,,,,,,,,,,,,,,,,,,,,,,,,,,,,,,,,,,,,,,,,,,,,,,,,,,,,,,,,,,,,,,,,,,,,,,,,,,,,,,,,,,,,,,,,,,,,,,,,,,
1,1747507833533,17/05/2025 18:50,1747518633533,3.5,18/05/2025 00:50,225484,3,questionnaire-355e,,46278671,BLINDED,13448425,,complete,,,mobile,undefined K,Android 10,Chrome 136.0.0.0,412x732,411x651,,,0,Dignity Honor Face and Dictator Game Instructions,14,consent,کاملا موافق (۶),6,کاملا موافق (۶),6,تا حدی موافق (۴),4,تا حدی مخالف (۳),3,تا حدی مخالف (۳),3,موافق (۵),5,موافق (۵),5,تا حدی موافق (۴),4,کاملا موافق (۶),6,کاملا موافق (۶),6,موافق (۵),5,تا حدی مخالف (۳),3,موافق (۵),5,کاملا موافق (۶),6,کاملا مخالف (۱),1,تا حدی موافق (۴),4,کاملا موافق (۶),6,کاملا موافق (۶),6,کاملا موافق (۶),6,تا حدی موافق (۴),4,کاملا موافق (۶),6,کاملا موافق (۶),6,کاملا موافق (۶),6,تا حدی موافق (۴),4,کاملا موافق (۶),6,تا حدی موافق (۴),4,تا حدی مخالف (۳),3,تا حدی موافق (۴),4,کاملا موافق (۶),6,کاملا موافق (۶),6,مخالف (۲),2,کاملا مخالف (۱),1,کاملا مخالف (۱),1,کاملا مخالف (۱),1,مخالف (۲),2,کاملا مخالف (۱),1,کاملا مخالف (۱),1,کاملا مخالف (۱),1,کاملا مخالف (۱),1,تا حدی مخالف (۳),3,کاملا مخالف (۱),1,مخالف (۲),2,کاملا مخالف (۱),1,موافق (۵),5,موافق (۵),5,موافق (۵),5,تا حدی مخالف (۳),3,تا حدی موافق (۴),4,تا حدی موافق (۴),4,کاملا موافق (۶),6,کاملا مخالف (۱),1,موافق (۵),5,تا حدی موافق (۴),4,کاملا موافق (۶),6,تا حدی مخالف (۳),3,کاملا موافق (۶),6,تا حدی مخالف (۳),3,موافق (۵),5,مخالف (۲),2,کاملا مخالف (۱),1,مخالف (۲),2
1,1747920023955,22/05/2025 13:20,1747930823955,3.5,22/05/2025 19:20,225484,3,questionnaire-355e,,46395456,BLINDED,13479004,,complete,,,mobile,undefined K,Android 10,Chrome 136.0.0.0,384x854,384x756,,,0,Dignity Honor Face and Dictator Game Instructions,14,consent,موافق (۵),5,موافق (۵),5,موافق (۵),5,تا حدی موافق (۴),4,موافق (۵),5,تا حدی موافق (۴),4,تا حدی مخالف (۳),3,موافق (۵),5,تا حدی موافق (۴),4,تا حدی مخالف (۳),3,تا حدی مخالف (۳),3,تا حدی مخالف (۳),3,تا حدی موافق (۴),4,تا حدی مخالف (۳),3,تا حدی مخالف (۳),3,تا حدی موافق (۴),4,موافق (۵),5,تا حدی موافق (۴),4,تا حدی موافق (۴),4,موافق (۵),5,موافق (۵),5,موافق (۵),5,تا حدی موافق (۴),4,تا حدی موافق (۴),4,تا حدی مخالف (۳),3,تا حدی موافق (۴),4,تا حدی موافق (۴),4,تا حدی موافق (۴),4,مخالف (۲),2,موافق (۵),5,تا حدی موافق (۴),4,تا حدی مخالف (۳),3,موافق (۵),5,موافق (۵),5,مخالف (۲),2,مخالف (۲),2,کاملا موافق (۶),6,مخالف (۲),2,تا حدی مخالف (۳),3,مخالف (۲),2,موافق (۵),5,موافق (۵),5,موافق (۵),5,موافق (۵),5,کاملا موافق (۶),6,کاملا موافق (۶),6,کاملا موافق (۶),6,موافق (۵),5,موافق (۵),5,کاملا موافق (۶),6,کاملا موافق (۶),6,کاملا موافق (۶),6,کاملا موافق (۶),6,موافق (۵),5,موافق (۵),5,تا حدی مخالف (۳),3,موافق (۵),5,موافق (۵),5,موافق (۵),5,موافق (۵),5,مخالف (۲),2
1,1749115930469,05/06/2025 09:32,1749126730469,3.5,05/06/2025 15:32,225484,3,questionnaire-355e,,46871327,BLINDED,13581143,,complete,,,mobile,undefined K,Android 12,Chrome 136.0.7103.125,412x915,411x771,,,0,Dignity Honor Face and Dictator Game Instructions,14,consent,موافق (۵),5,موافق (۵),5,تا حدی موافق (۴),4,موافق (۵),5,موافق (۵),5,کاملا موافق (۶),6,کاملا موافق (۶),6,موافق (۵),5,کاملا موافق (۶),6,موافق (۵),5,موافق (۵),5,موافق (۵),5,کاملا موافق (۶),6,تا حدی موافق (۴),4,مخالف (۲),2,موافق (۵),5,موافق (۵),5,موافق (۵),5,موافق (۵),5,موافق (۵),5,کاملا موافق (۶),6,تا حدی موافق (۴),4,موافق (۵),5,موافق (۵),5,موافق (۵),5,موافق (۵),5,تا حدی موافق (۴),4,موافق (۵),5,موافق (۵),5,موافق (۵),5,تا حدی مخالف (۳),3,تا حدی موافق (۴),4,تا حدی مخالف (۳),3,تا حدی مخالف (۳),3,تا حدی موافق (۴),4,تا حدی موافق (۴),4,تا حدی مخالف (۳),3,تا حدی مخالف (۳),3,تا حدی مخالف (۳),3,تا حدی مخالف (۳),3,موافق (۵),5,موافق (۵),5,موافق (۵),5,موافق (۵),5,تا حدی موافق (۴),4,تا حدی مخالف (۳),3,موافق (۵),5,موافق (۵),5,موافق (۵),5,تا حدی موافق (۴),4,تا حدی موافق (۴),4,تا حدی مخالف (۳),3,تا حدی موافق (۴),4,تا حدی موافق (۴),4,تا حدی موافق (۴),4,تا حدی مخالف (۳),3,تا حدی موافق (۴),4,تا حدی موافق (۴),4,تا حدی موافق (۴),4,تا حدی موافق (۴),4,مخالف (۲),2
1,1749122433525,05/06/2025 11:20,1749133233525,3.5,05/06/2025 17:20,225484,3,questionnaire-355e,,46875203,BLINDED,13581950,,live,,,mobile,undefined K,Android 11,Chrome 137.0.7151.61,412x915,411x784,,,0,Dignity Honor Face and Dictator Game Instructions,14,consent,,,,,,,,,,,,,,,,,,,,,,,,,,,,,,,,,,,,,,,,,,,,,,,,,,,,,,,,,,,,,,,,,,,,,,,,,,,,,,,,,,,,,,,,,,,,,,,,,,,,,,,,,,,,,,,,,,,,,,,,,,
1,1749278470632,07/06/2025 06:41,1749289270632,3.5,07/06/2025 12:41,225484,3,questionnaire-355e,,46945366,BLINDED,13595481,,complete,,,mobile,undefined K,Android 10,Chrome 131.0.6778.39,393x851,393x720,,,0,Dignity Honor Face and Dictator Game Instructions,14,consent,موافق (۵),5,تا حدی موافق (۴),4,تا حدی موافق (۴),4,موافق (۵),5,کاملا موافق (۶),6,تا حدی مخالف (۳),3,موافق (۵),5,مخالف (۲),2,موافق (۵),5,تا حدی موافق (۴),4,تا حدی موافق (۴),4,تا حدی موافق (۴),4,موافق (۵),5,تا حدی موافق (۴),4,مخالف (۲),2,مخالف (۲),2,تا حدی مخالف (۳),3,تا حدی مخالف (۳),3,مخالف (۲),2,تا حدی مخالف (۳),3,کاملا موافق (۶),6,تا حدی موافق (۴),4,تا حدی موافق (۴),4,تا حدی موافق (۴),4,موافق (۵),5,تا حدی موافق (۴),4,تا حدی مخالف (۳),3,تا حدی مخالف (۳),3,تا حدی موافق (۴),4,تا حدی موافق (۴),4,تا حدی موافق (۴),4,موافق (۵),5,تا حدی مخالف (۳),3,تا حدی مخالف (۳),3,تا حدی مخالف (۳),3,مخالف (۲),2,تا حدی مخالف (۳),3,کاملا مخالف (۱),1,تا حدی موافق (۴),4,تا حدی مخالف (۳),3,موافق (۵),5,تا حدی موافق (۴),4,مخالف (۲),2,کاملا موافق (۶),6,موافق (۵),5,موافق (۵),5,موافق (۵),5,کاملا موافق (۶),6,موافق (۵),5,موافق (۵),5,تا حدی مخالف (۳),3,تا حدی موافق (۴),4,موافق (۵),5,موافق (۵),5,کاملا موافق (۶),6,کاملا موافق (۶),6,موافق (۵),5,موافق (۵),5,موافق (۵),5,مخالف (۲),2,مخالف (۲),2
1,1749286060092,07/06/2025 08:47,1749296860092,3.5,07/06/2025 14:47,225484,3,questionnaire-355e,,46946765,BLINDED,13595714,,live,,,mobile,undefined K,Android 14,Chrome 137.0.7151.61,384x832,384x728,,,0,Dignity Honor Face and Dictator Game Instructions,14,consent,,,مخالف (۲),2,,,,,,,,,,,کاملا مخالف (۱),1,,,,,,,,,,,,,,,,,,,کاملا موافق (۶),6,,,,,,,,,,,,,,,,,,,,,,,,,,,,,,,,,,,,,,,,,,,,,,,,,,,,,,,,,,,,,,,,,,,,,,,,,,,,,,,,,,,,,,
1,1749286085022,07/06/2025 08:48,1749296885022,3.5,07/06/2025 14:48,225484,3,questionnaire-355e,,46946774,BLINDED,13595716,,complete,,,mobile,undefined K,Android 14,Chrome 136.0.7103.127,393x873,392x735,,,0,Dignity Honor Face and Dictator Game Instructions,14,consent,کاملا موافق (۶),6,کاملا موافق (۶),6,کاملا موافق (۶),6,کاملا موافق (۶),6,کاملا موافق (۶),6,کاملا موافق (۶),6,کاملا موافق (۶),6,کاملا موافق (۶),6,موافق (۵),5,موافق (۵),5,مخالف (۲),2,مخالف (۲),2,تا حدی مخالف (۳),3,تا حدی موافق (۴),4,کاملا مخالف (۱),1,موافق (۵),5,تا حدی موافق (۴),4,موافق (۵),5,کاملا موافق (۶),6,کاملا موافق (۶),6,تا حدی موافق (۴),4,تا حدی موافق (۴),4,تا حدی موافق (۴),4,تا حدی موافق (۴),4,تا حدی موافق (۴),4,تا حدی موافق (۴),4,موافق (۵),5,کاملا مخالف (۱),1,موافق (۵),5,کاملا موافق (۶),6,تا حدی مخالف (۳),3,تا حدی موافق (۴),4,تا حدی موافق (۴),4,مخالف (۲),2,تا حدی موافق (۴),4,مخالف (۲),2,تا حدی موافق (۴),4,مخالف (۲),2,مخالف (۲),2,مخالف (۲),2,تا حدی موافق (۴),4,مخالف (۲),2,موافق (۵),5,کاملا موافق (۶),6,موافق (۵),5,موافق (۵),5,کاملا موافق (۶),6,موافق (۵),5,موافق (۵),5,موافق (۵),5,موافق (۵),5,کاملا موافق (۶),6,موافق (۵),5,موافق (۵),5,تا حدی موافق (۴),4,تا حدی موافق (۴),4,موافق (۵),5,موافق (۵),5,موافق (۵),5,موافق (۵),5,مخالف (۲),2
1,1749286443105,07/06/2025 08:54,1749297243105,3.5,07/06/2025 14:54,225484,3,questionnaire-355e,,46946924,BLINDED,13595746,,complete,,,mobile,undefined K,Android 13,Chrome 136.0.7103.125,393x873,392x735,,,0,Dignity Honor Face and Dictator Game Instructions,14,consent,تا حدی موافق (۴),4,کاملا موافق (۶),6,تا حدی موافق (۴),4,تا حدی مخالف (۳),3,موافق (۵),5,کاملا موافق (۶),6,موافق (۵),5,موافق (۵),5,موافق (۵),5,تا حدی موافق (۴),4,تا حدی مخالف (۳),3,موافق (۵),5,تا حدی موافق (۴),4,تا حدی موافق (۴),4,مخالف (۲),2,تا حدی موافق (۴),4,موافق (۵),5,تا حدی موافق (۴),4,تا حدی موافق (۴),4,موافق (۵),5,موافق (۵),5,تا حدی موافق (۴),4,موافق (۵),5,تا حدی موافق (۴),4,تا حدی موافق (۴),4,تا حدی موافق (۴),4,تا حدی موافق (۴),4,مخالف (۲),2,تا حدی موافق (۴),4,کاملا موافق (۶),6,مخالف (۲),2,تا حدی موافق (۴),4,تا حدی مخالف (۳),3,مخالف (۲),2,مخالف (۲),2,تا حدی مخالف (۳),3,تا حدی مخالف (۳),3,مخالف (۲),2,تا حدی مخالف (۳),3,تا حدی مخالف (۳),3,موافق (۵),5,کاملا موافق (۶),6,کاملا موافق (۶),6,تا حدی موافق (۴),4,کاملا موافق (۶),6,تا حدی موافق (۴),4,موافق (۵),5,موافق (۵),5,موافق (۵),5,تا حدی موافق (۴),4,موافق (۵),5,موافق (۵),5,موافق (۵),5,موافق (۵),5,موافق (۵),5,کاملا مخالف (۱),1,مخالف (۲),2,کاملا موافق (۶),6,تا حدی موافق (۴),4,موافق (۵),5,مخالف (۲),2
1,1749287242338,07/06/2025 09:07,1749298042338,3.5,07/06/2025 15:07,225484,3,questionnaire-355e,,46947252,BLINDED,13595799,,complete,,,mobile,undefined K,Android 10,Chrome 137.0.0.0,407x904,406x798,,,0,Dignity Honor Face and Dictator Game Instructions,14,consent,تا حدی موافق (۴),4,تا حدی موافق (۴),4,موافق (۵),5,موافق (۵),5,موافق (۵),5,کاملا مخالف (۱),1,موافق (۵),5,تا حدی مخالف (۳),3,مخالف (۲),2,تا حدی موافق (۴),4,مخالف (۲),2,مخالف (۲),2,تا حدی موافق (۴),4,موافق (۵),5,تا حدی مخالف (۳),3,تا حدی موافق (۴),4,تا حدی موافق (۴),4,تا حدی موافق (۴),4,تا حدی موافق (۴),4,موافق (۵),5,تا حدی موافق (۴),4,موافق (۵),5,تا حدی موافق (۴),4,مخالف (۲),2,تا حدی موافق (۴),4,تا حدی موافق (۴),4,تا حدی موافق (۴),4,تا حدی موافق (۴),4,تا حدی مخالف (۳),3,تا حدی مخالف (۳),3,,,,,,,,,,,,,,,,,,,,,,,,,,,,,,,,,,,,,,,,,,,,,,,,,,,,,,,,,,,,,,
1,1749287264860,07/06/2025 09:07,1749298064860,3.5,07/06/2025 15:07,225484,3,questionnaire-355e,,46947259,BLINDED,13595801,,complete,,,mobile,undefined K,Android 11,Chrome 136.0.7103.125,393x873,392x736,,,0,Dignity Honor Face and Dictator Game Instructions,14,consent,موافق (۵),5,تا حدی موافق (۴),4,تا حدی مخالف (۳),3,تا حدی موافق (۴),4,تا حدی موافق (۴),4,تا حدی مخالف (۳),3,تا حدی موافق (۴),4,مخالف (۲),2,تا حدی مخالف (۳),3,مخالف (۲),2,مخالف (۲),2,مخالف (۲),2,موافق (۵),5,تا حدی موافق (۴),4,مخالف (۲),2,مخالف (۲),2,تا حدی مخالف (۳),3,تا حدی مخالف (۳),3,مخالف (۲),2,موافق (۵),5,تا حدی موافق (۴),4,تا حدی موافق (۴),4,تا حدی موافق (۴),4,مخالف (۲),2,تا حدی موافق (۴),4,مخالف (۲),2,مخالف (۲),2,مخالف (۲),2,تا حدی موافق (۴),4,موافق (۵),5,موافق (۵),5,موافق (۵),5,تا حدی مخالف (۳),3,تا حدی موافق (۴),4,تا حدی موافق (۴),4,تا حدی مخالف (۳),3,تا حدی موافق (۴),4,تا حدی مخالف (۳),3,تا حدی موافق (۴),4,تا حدی مخالف (۳),3,تا حدی موافق (۴),4,تا حدی مخالف (۳),3,موافق (۵),5,موافق (۵),5,مخالف (۲),2,تا حدی مخالف (۳),3,تا حدی مخالف (۳),3,تا حدی موافق (۴),4,تا حدی موافق (۴),4,موافق (۵),5,تا حدی موافق (۴),4,تا حدی موافق (۴),4,تا حدی مخالف (۳),3,تا حدی موافق (۴),4,تا حدی موافق (۴),4,تا حدی موافق (۴),4,مخالف (۲),2,تا حدی مخالف (۳),3,تا حدی مخالف (۳),3,تا حدی موافق (۴),4,مخالف (۲),2
1,1749287774881,07/06/2025 09:16,1749298574881,3.5,07/06/2025 15:16,225484,3,questionnaire-355e,,46947479,BLINDED,13595826,,complete,,,mobile,undefined K,Android 10,Chrome 137.0.0.0,393x873,392x736,,,0,Dignity Honor Face and Dictator Game Instructions,14,consent,کاملا موافق (۶),6,کاملا موافق (۶),6,مخالف (۲),2,موافق (۵),5,کاملا موافق (۶),6,کاملا موافق (۶),6,کاملا موافق (۶),6,کاملا موافق (۶),6,کاملا موافق (۶),6,کاملا موافق (۶),6,کاملا مخالف (۱),1,کاملا مخالف (۱),1,مخالف (۲),2,کاملا موافق (۶),6,کاملا مخالف (۱),1,کاملا موافق (۶),6,کاملا موافق (۶),6,مخالف (۲),2,کاملا موافق (۶),6,کاملا موافق (۶),6,کاملا موافق (۶),6,کاملا موافق (۶),6,کاملا موافق (۶),6,مخالف (۲),2,موافق (۵),5,تا حدی موافق (۴),4,تا حدی موافق (۴),4,تا حدی موافق (۴),4,کاملا موافق (۶),6,کاملا موافق (۶),6,مخالف (۲),2,مخالف (۲),2,مخالف (۲),2,مخالف (۲),2,مخالف (۲),2,مخالف (۲),2,مخالف (۲),2,مخالف (۲),2,مخالف (۲),2,مخالف (۲),2,موافق (۵),5,موافق (۵),5,کاملا موافق (۶),6,تا حدی موافق (۴),4,کاملا موافق (۶),6,تا حدی مخالف (۳),3,موافق (۵),5,تا حدی موافق (۴),4,تا حدی موافق (۴),4,تا حدی موافق (۴),4,تا حدی موافق (۴),4,تا حدی موافق (۴),4,تا حدی موافق (۴),4,موافق (۵),5,تا حدی مخالف (۳),3,مخالف (۲),2,موافق (۵),5,کاملا موافق (۶),6,تا حدی موافق (۴),4,تا حدی موافق (۴),4,مخالف (۲),2
1,1749287909727,07/06/2025 09:18,1749298709727,3.5,07/06/2025 15:18,225484,3,questionnaire-355e,,46947542,BLINDED,13595831,,live,,,mobile,undefined K,Android 14,Chrome 137.0.7151.61,384x832,384x701,,,0,Dignity Honor Face and Dictator Game Instructions,14,consent,,,,,,,,,,,,,,,,,,,,,,,,,,,,,,,,,,,,,,,,,,,,,,,,,,,,,,,,,,,,,,,,,,,,,,,,,,,,,,,,,,,,,,,,,,,,,,,,,,,,,,,,,,,,,,,,,,,,,,,,,,
1,1749287987876,07/06/2025 09:19,1749298787876,3.5,07/06/2025 15:19,225484,3,questionnaire-355e,,46947583,BLINDED,13595839,,complete,,,mobile,Apple iPhone,iOS 15.1.1,Mobile Safari 15.1.1,390x844,390x648,,,0,Dignity Honor Face and Dictator Game Instructions,14,consent,کاملا موافق (۶),6,کاملا موافق (۶),6,موافق (۵),5,کاملا موافق (۶),6,کاملا موافق (۶),6,تا حدی موافق (۴),4,کاملا موافق (۶),6,موافق (۵),5,موافق (۵),5,تا حدی موافق (۴),4,تا حدی موافق (۴),4,تا حدی مخالف (۳),3,موافق (۵),5,تا حدی مخالف (۳),3,مخالف (۲),2,موافق (۵),5,موافق (۵),5,تا حدی مخالف (۳),3,تا حدی موافق (۴),4,موافق (۵),5,تا حدی موافق (۴),4,تا حدی موافق (۴),4,تا حدی موافق (۴),4,تا حدی موافق (۴),4,تا حدی مخالف (۳),3,مخالف (۲),2,کاملا مخالف (۱),1,کاملا مخالف (۱),1,کاملا مخالف (۱),1,تا حدی موافق (۴),4,تا حدی مخالف (۳),3,مخالف (۲),2,مخالف (۲),2,مخالف (۲),2,مخالف (۲),2,مخالف (۲),2,مخالف (۲),2,مخالف (۲),2,مخالف (۲),2,مخالف (۲),2,موافق (۵),5,موافق (۵),5,موافق (۵),5,موافق (۵),5,موافق (۵),5,تا حدی مخالف (۳),3,کاملا موافق (۶),6,کاملا موافق (۶),6,موافق (۵),5,تا حدی موافق (۴),4,کاملا موافق (۶),6,موافق (۵),5,موافق (۵),5,تا حدی مخالف (۳),3,کاملا موافق (۶),6,موافق (۵),5,تا حدی موافق (۴),4,موافق (۵),5,تا حدی مخالف (۳),3,موافق (۵),5,مخالف (۲),2
1,1749288276003,07/06/2025 09:24,1749299076003,3.5,07/06/2025 15:24,225484,3,questionnaire-355e,,46947712,BLINDED,13595849,,complete,,,computer,Desktop or Laptop,Mac OS 10.15.7,Chrome 136.0.0.0,1440x900,1440x778,,,0,Dignity Honor Face and Dictator Game Instructions,14,consent,تا حدی مخالف (۳),3,تا حدی مخالف (۳),3,تا حدی موافق (۴),4,مخالف (۲),2,تا حدی مخالف (۳),3,مخالف (۲),2,تا حدی مخالف (۳),3,موافق (۵),5,کاملا موافق (۶),6,تا حدی مخالف (۳),3,مخالف (۲),2,کاملا مخالف (۱),1,موافق (۵),5,تا حدی مخالف (۳),3,کاملا مخالف (۱),1,تا حدی موافق (۴),4,تا حدی موافق (۴),4,مخالف (۲),2,تا حدی موافق (۴),4,تا حدی موافق (۴),4,کاملا موافق (۶),6,کاملا موافق (۶),6,موافق (۵),5,مخالف (۲),2,تا حدی موافق (۴),4,تا حدی موافق (۴),4,مخالف (۲),2,مخالف (۲),2,موافق (۵),5,کاملا موافق (۶),6,تا حدی مخالف (۳),3,موافق (۵),5,تا حدی موافق (۴),4,کاملا مخالف (۱),1,کاملا مخالف (۱),1,مخالف (۲),2,موافق (۵),5,کاملا مخالف (۱),1,موافق (۵),5,کاملا مخالف (۱),1,موافق (۵),5,تا حدی مخالف (۳),3,تا حدی موافق (۴),4,تا حدی موافق (۴),4,تا حدی موافق (۴),4,موافق (۵),5,کاملا موافق (۶),6,کاملا موافق (۶),6,کاملا موافق (۶),6,موافق (۵),5,تا حدی موافق (۴),4,تا حدی موافق (۴),4,موافق (۵),5,تا حدی مخالف (۳),3,کاملا موافق (۶),6,مخالف (۲),2,کاملا موافق (۶),6,موافق (۵),5,تا حدی موافق (۴),4,کاملا موافق (۶),6,مخالف (۲),2
1,1749306209265,07/06/2025 14:23,1749320609265,4.5,07/06/2025 22:23,225484,3,questionnaire-355e,,46953262,BLINDED,13596748,,complete,,,mobile,undefined K,Android 10,Chrome 78.0.3904.108,360x780,360x650,,,0,Dignity Honor Face and Dictator Game Instructions,14,consent,کاملا موافق (۶),6,موافق (۵),5,تا حدی موافق (۴),4,کاملا موافق (۶),6,کاملا موافق (۶),6,تا حدی موافق (۴),4,تا حدی مخالف (۳),3,مخالف (۲),2,تا حدی مخالف (۳),3,تا حدی موافق (۴),4,موافق (۵),5,موافق (۵),5,تا حدی موافق (۴),4,موافق (۵),5,کاملا مخالف (۱),1,موافق (۵),5,کاملا موافق (۶),6,موافق (۵),5,موافق (۵),5,موافق (۵),5,تا حدی موافق (۴),4,تا حدی موافق (۴),4,موافق (۵),5,کاملا موافق (۶),6,موافق (۵),5,تا حدی موافق (۴),4,موافق (۵),5,تا حدی موافق (۴),4,موافق (۵),5,تا حدی مخالف (۳),3,کاملا موافق (۶),6,کاملا موافق (۶),6,کاملا موافق (۶),6,کاملا موافق (۶),6,کاملا موافق (۶),6,مخالف (۲),2,موافق (۵),5,کاملا مخالف (۱),1,تا حدی مخالف (۳),3,تا حدی موافق (۴),4,موافق (۵),5,موافق (۵),5,موافق (۵),5,کاملا موافق (۶),6,کاملا مخالف (۱),1,موافق (۵),5,موافق (۵),5,موافق (۵),5,موافق (۵),5,کاملا موافق (۶),6,موافق (۵),5,تا حدی موافق (۴),4,موافق (۵),5,کاملا موافق (۶),6,موافق (۵),5,تا حدی موافق (۴),4,تا حدی موافق (۴),4,تا حدی موافق (۴),4,کاملا موافق (۶),6,تا حدی موافق (۴),4,مخالف (۲),2
1,1749494544583,09/06/2025 18:42,1749505344583,3.5,10/06/2025 00:42,225484,3,questionnaire-355e,,47005247,BLINDED,13608461,,complete,,,mobile,undefined K,Android 12,Chrome 136.0.7103.127,412x915,411x780,,,0,Dignity Honor Face and Dictator Game Instructions,14,consent,کاملا موافق (۶),6,کاملا موافق (۶),6,تا حدی موافق (۴),4,کاملا موافق (۶),6,کاملا موافق (۶),6,کاملا موافق (۶),6,موافق (۵),5,تا حدی موافق (۴),4,موافق (۵),5,تا حدی موافق (۴),4,موافق (۵),5,تا حدی موافق (۴),4,موافق (۵),5,موافق (۵),5,تا حدی موافق (۴),4,کاملا موافق (۶),6,موافق (۵),5,موافق (۵),5,موافق (۵),5,موافق (۵),5,کاملا موافق (۶),6,موافق (۵),5,موافق (۵),5,تا حدی مخالف (۳),3,کاملا موافق (۶),6,موافق (۵),5,کاملا موافق (۶),6,مخالف (۲),2,کاملا موافق (۶),6,کاملا موافق (۶),6,موافق (۵),5,موافق (۵),5,تا حدی موافق (۴),4,موافق (۵),5,موافق (۵),5,تا حدی مخالف (۳),3,تا حدی موافق (۴),4,تا حدی موافق (۴),4,تا حدی موافق (۴),4,تا حدی موافق (۴),4,کاملا موافق (۶),6,تا حدی موافق (۴),4,کاملا موافق (۶),6,تا حدی موافق (۴),4,موافق (۵),5,تا حدی موافق (۴),4,تا حدی موافق (۴),4,تا حدی مخالف (۳),3,تا حدی موافق (۴),4,موافق (۵),5,کاملا موافق (۶),6,موافق (۵),5,کاملا موافق (۶),6,تا حدی موافق (۴),4,موافق (۵),5,تا حدی موافق (۴),4,تا حدی موافق (۴),4,تا حدی موافق (۴),4,موافق (۵),5,تا حدی موافق (۴),4,مخالف (۲),2
1,1751716889770,05/07/2025 12:01,1751727689770,3.5,05/07/2025 18:01,225484,3,questionnaire-355e,,47808022,BLINDED,13771614,,live,,,mobile,undefined K,Android 14,Chrome 138.0.7204.45,360x780,360x643,,,0,Dignity Honor Face and Dictator Game Instructions,14,consent,تا حدی موافق (۴),4,موافق (۵),5,موافق (۵),5,تا حدی موافق (۴),4,کاملا موافق (۶),6,تا حدی موافق (۴),4,موافق (۵),5,موافق (۵),5,موافق (۵),5,موافق (۵),5,موافق (۵),5,کاملا مخالف (۱),1,موافق (۵),5,موافق (۵),5,تا حدی مخالف (۳),3,موافق (۵),5,کاملا موافق (۶),6,تا حدی موافق (۴),4,موافق (۵),5,موافق (۵),5,کاملا موافق (۶),6,کاملا موافق (۶),6,موافق (۵),5,موافق (۵),5,کاملا موافق (۶),6,تا حدی مخالف (۳),3,موافق (۵),5,تا حدی موافق (۴),4,تا حدی موافق (۴),4,کاملا موافق (۶),6,تا حدی موافق (۴),4,موافق (۵),5,موافق (۵),5,تا حدی موافق (۴),4,موافق (۵),5,تا حدی موافق (۴),4,موافق (۵),5,موافق (۵),5,تا حدی موافق (۴),4,تا حدی موافق (۴),4,موافق (۵),5,کاملا مخالف (۱),1,موافق (۵),5,موافق (۵),5,کاملا مخالف (۱),1,موافق (۵),5,موافق (۵),5,موافق (۵),5,کاملا موافق (۶),6,تا حدی موافق (۴),4,موافق (۵),5,کاملا موافق (۶),6,موافق (۵),5,موافق (۵),5,موافق (۵),5,تا حدی مخالف (۳),3,تا حدی موافق (۴),4,تا حدی مخالف (۳),3,تا حدی مخالف (۳),3,کاملا موافق (۶),6,مخالف (۲),2
1,1751721804258,05/07/2025 13:23,1751732604258,3.5,05/07/2025 19:23,225484,3,questionnaire-355e,,47808586,BLINDED,13771715,,live,,,mobile,undefined K,Android 14,Chrome 137.0.7151.117,412x918,411x821,,,0,Dignity Honor Face and Dictator Game Instructions,14,consent,,,,,,,,,,,,,,,,,,,,,,,,,,,,,,,,,,,,,,,,,,,,,,,,,,,,,,,,,,,,,,,,,,,,,,,,,,,,,,,,,,,,,,,,,,,,,,,,,,,,,,,,,,,,,,,,,,,,,,,,,,
1,1752338839666,12/07/2025 16:47,1752349639666,3.5,12/07/2025 22:47,225484,3,questionnaire-355e,,48063929,BLINDED,13814330,,complete,,,mobile,undefined K,Android 12,Chrome 138.0.7204.67,393x873,392x735,,,0,Dignity Honor Face and Dictator Game Instructions,14,consent,موافق (۵),5,موافق (۵),5,تا حدی موافق (۴),4,موافق (۵),5,تا حدی موافق (۴),4,کاملا موافق (۶),6,موافق (۵),5,تا حدی موافق (۴),4,موافق (۵),5,کاملا موافق (۶),6,تا حدی موافق (۴),4,تا حدی مخالف (۳),3,تا حدی موافق (۴),4,موافق (۵),5,تا حدی موافق (۴),4,کاملا موافق (۶),6,موافق (۵),5,موافق (۵),5,موافق (۵),5,موافق (۵),5,موافق (۵),5,موافق (۵),5,تا حدی موافق (۴),4,موافق (۵),5,تا حدی موافق (۴),4,موافق (۵),5,موافق (۵),5,تا حدی موافق (۴),4,موافق (۵),5,موافق (۵),5,تا حدی موافق (۴),4,تا حدی مخالف (۳),3,تا حدی موافق (۴),4,تا حدی موافق (۴),4,تا حدی موافق (۴),4,تا حدی موافق (۴),4,تا حدی مخالف (۳),3,تا حدی موافق (۴),4,تا حدی موافق (۴),4,تا حدی موافق (۴),4,موافق (۵),5,موافق (۵),5,موافق (۵),5,کاملا موافق (۶),6,موافق (۵),5,تا حدی موافق (۴),4,کاملا موافق (۶),6,کاملا موافق (۶),6,تا حدی موافق (۴),4,موافق (۵),5,تا حدی موافق (۴),4,موافق (۵),5,تا حدی موافق (۴),4,موافق (۵),5,موافق (۵),5,تا حدی مخالف (۳),3,موافق (۵),5,موافق (۵),5,تا حدی موافق (۴),4,موافق (۵),5,مخالف (۲),2
1,1752666612668,16/07/2025 11:50,1752677412668,3.5,16/07/2025 17:50,225484,3,questionnaire-355e,,48132561,BLINDED,13830600,,live,,,mobile,undefined K,Android 15,Chrome 138.0.7204.67,412x915,411x782,,,0,Dignity Honor Face and Dictator Game Instructions,14,consent,تا حدی موافق (۴),4,تا حدی موافق (۴),4,تا حدی موافق (۴),4,تا حدی موافق (۴),4,تا حدی موافق (۴),4,تا حدی موافق (۴),4,تا حدی موافق (۴),4,تا حدی موافق (۴),4,موافق (۵),5,تا حدی موافق (۴),4,موافق (۵),5,تا حدی موافق (۴),4,تا حدی موافق (۴),4,تا حدی موافق (۴),4,مخالف (۲),2,تا حدی موافق (۴),4,مخالف (۲),2,تا حدی موافق (۴),4,کاملا موافق (۶),6,تا حدی موافق (۴),4,موافق (۵),5,تا حدی موافق (۴),4,تا حدی موافق (۴),4,تا حدی موافق (۴),4,تا حدی موافق (۴),4,تا حدی موافق (۴),4,تا حدی مخالف (۳),3,تا حدی موافق (۴),4,موافق (۵),5,تا حدی مخالف (۳),3,تا حدی موافق (۴),4,مخالف (۲),2,تا حدی موافق (۴),4,موافق (۵),5,تا حدی موافق (۴),4,موافق (۵),5,تا حدی موافق (۴),4,موافق (۵),5,تا حدی موافق (۴),4,تا حدی مخالف (۳),3,تا حدی مخالف (۳),3,تا حدی مخالف (۳),3,تا حدی مخالف (۳),3,موافق (۵),5,موافق (۵),5,تا حدی موافق (۴),4,تا حدی موافق (۴),4,تا حدی موافق (۴),4,موافق (۵),5,موافق (۵),5,موافق (۵),5,کاملا موافق (۶),6,موافق (۵),5,تا حدی موافق (۴),4,تا حدی موافق (۴),4,موافق (۵),5,تا حدی موافق (۴),4,تا حدی موافق (۴),4,تا حدی موافق (۴),4,تا حدی موافق (۴),4,تا حدی موافق (۴),4
1,1752686070020,16/07/2025 17:14,1752696870020,3.5,16/07/2025 23:14,225484,3,questionnaire-355e,,48138558,BLINDED,13832391,,live,,,mobile,undefined K,Android 15,Chrome 138.0.7204.67,412x915,411x782,,,0,Dignity Honor Face and Dictator Game Instructions,14,consent,,,,,,,,,,,,,,,,,,,,,,,,,,,,,,,,,,,,,,,,,,,,,,,,,,,,,,,,,,,,,,,,,,,,,,,,,,,,,,,,,,,,,,,,,,,,,,,,,,,,,,,,,,,,,,,,,,,,,,,,,,
1,1752743714295,17/07/2025 09:15,1752754514295,3.5,17/07/2025 15:15,225484,3,questionnaire-355e,,48146288,BLINDED,13834483,,live,,,mobile,undefined K,Android 15,Chrome 138.0.7204.67,412x915,411x782,,,0,Dignity Honor Face and Dictator Game Instructions,14,consent,تا حدی موافق (۴),4,موافق (۵),5,تا حدی موافق (۴),4,تا حدی موافق (۴),4,تا حدی مخالف (۳),3,موافق (۵),5,تا حدی موافق (۴),4,تا حدی موافق (۴),4,تا حدی موافق (۴),4,تا حدی موافق (۴),4,تا حدی موافق (۴),4,تا حدی موافق (۴),4,تا حدی موافق (۴),4,موافق (۵),5,تا حدی موافق (۴),4,تا حدی موافق (۴),4,موافق (۵),5,تا حدی موافق (۴),4,تا حدی موافق (۴),4,موافق (۵),5,موافق (۵),5,تا حدی موافق (۴),4,تا حدی موافق (۴),4,موافق (۵),5,موافق (۵),5,تا حدی موافق (۴),4,موافق (۵),5,تا حدی موافق (۴),4,تا حدی موافق (۴),4,تا حدی مخالف (۳),3,تا حدی موافق (۴),4,تا حدی موافق (۴),4,تا حدی موافق (۴),4,تا حدی موافق (۴),4,تا حدی موافق (۴),4,تا حدی موافق (۴),4,تا حدی موافق (۴),4,تا حدی موافق (۴),4,تا حدی موافق (۴),4,تا حدی موافق (۴),4,تا حدی مخالف (۳),3,تا حدی مخالف (۳),3,تا حدی موافق (۴),4,تا حدی موافق (۴),4,تا حدی موافق (۴),4,موافق (۵),5,تا حدی موافق (۴),4,تا حدی مخالف (۳),3,,,تا حدی موافق (۴),4,تا حدی موافق (۴),4,تا حدی موافق (۴),4,تا حدی موافق (۴),4,تا حدی موافق (۴),4,موافق (۵),5,تا حدی موافق (۴),4,تا حدی موافق (۴),4,تا حدی موافق (۴),4,تا حدی موافق (۴),4,تا حدی موافق (۴),4,تا حدی موافق (۴),4
1,1752904888765,19/07/2025 06:01,1752915688765,3.5,19/07/2025 12:01,225484,3,questionnaire-355e,,48193920,BLINDED,13845708,,live,,,mobile,undefined K,Android 11,Chrome 138.0.7204.157,393x851,392x718,,,0,Dignity Honor Face and Dictator Game Instructions,14,consent,کاملا موافق (۶),6,موافق (۵),5,موافق (۵),5,کاملا موافق (۶),6,کاملا موافق (۶),6,موافق (۵),5,موافق (۵),5,تا حدی مخالف (۳),3,تا حدی موافق (۴),4,مخالف (۲),2,موافق (۵),5,مخالف (۲),2,موافق (۵),5,موافق (۵),5,تا حدی موافق (۴),4,تا حدی موافق (۴),4,موافق (۵),5,تا حدی موافق (۴),4,موافق (۵),5,موافق (۵),5,موافق (۵),5,موافق (۵),5,تا حدی مخالف (۳),3,کاملا موافق (۶),6,تا حدی موافق (۴),4,موافق (۵),5,تا حدی موافق (۴),4,موافق (۵),5,تا حدی موافق (۴),4,موافق (۵),5,کاملا موافق (۶),6,کاملا موافق (۶),6,کاملا موافق (۶),6,کاملا موافق (۶),6,کاملا موافق (۶),6,کاملا موافق (۶),6,کاملا موافق (۶),6,موافق (۵),5,کاملا موافق (۶),6,کاملا موافق (۶),6,موافق (۵),5,موافق (۵),5,کاملا موافق (۶),6,تا حدی موافق (۴),4,کاملا موافق (۶),6,مخالف (۲),2,مخالف (۲),2,کاملا مخالف (۱),1,موافق (۵),5,موافق (۵),5,موافق (۵),5,تا حدی موافق (۴),4,موافق (۵),5,موافق (۵),5,تا حدی موافق (۴),4,مخالف (۲),2,مخالف (۲),2,موافق (۵),5,تا حدی موافق (۴),4,موافق (۵),5,مخالف (۲),2
1,1749286687565,07/06/2025 08:58,1749297487565,3.5,07/06/2025 14:58,225484,3,questionnaire-355e,,46947032,BLINDED,13595760,,live,,,mobile,undefined K,Android 15,Chrome 136.0.7103.125,360x800,360x694,,,0,Dignity Honor Face and Dictator Game Instructions,14,consent,کاملا موافق (۶),6,تا حدی موافق (۴),4,تا حدی مخالف (۳),3,تا حدی موافق (۴),4,موافق (۵),5,تا حدی موافق (۴),4,,,,,موافق (۵),5,تا حدی موافق (۴),4,کاملا موافق (۶),6,مخالف (۲),2,مخالف (۲),2,موافق (۵),5,,,کاملا موافق (۶),6,,,تا حدی مخالف (۳),3,کاملا موافق (۶),6,تا حدی موافق (۴),4,,,کاملا موافق (۶),6,مخالف (۲),2,موافق (۵),5,موافق (۵),5,,,موافق (۵),5,موافق (۵),5,موافق (۵),5,کاملا موافق (۶),6,,,,,,,,,,,,,,,,,,,,,,,,,,,,,,,,,,,,,,,,,,,,,,,,,,,,,,,,,,,,,,
1,1749286524150,07/06/2025 08:55,1749297324150,3.5,07/06/2025 14:55,225484,3,questionnaire-355e,,46946952,BLINDED,13595755,,live,,,mobile,undefined K,Android 15,Chrome 136.0.7103.125,360x800,360x694,,,0,Dignity Honor Face and Dictator Game Instructions,14,consent,,,,,,,,,,,,,,,,,,,,,,,,,,,,,,,,,,,,,,,,,,,,,,,,,,,,,,,,,,,,,,,,,,,,,,,,,,,,,,,,,,,,,,,,,,,,,,,,,,,,,,,,,,,,,,,,,,,,,,,,,,
1,1749151834348,05/06/2025 19:30,1749162634348,3.5,06/06/2025 01:30,225484,3,questionnaire-355e,,46891907,BLINDED,13585840,,live,,,mobile,undefined K,Android 13,Chrome 136.0.7103.125,412x915,411x776,,,0,Dignity Honor Face and Dictator Game Instructions,14,consent,,,,,,,,,,,,,,,,,,,,,,,,,,,,,,,,,,,,,,,,,,,,,,,,,,,,,,,,,,,,,,,,,,,,,,,,,,,,,,,,,,,,,,,,,,,,,,,,,,,,,,,,,,,,,,,,,,,,,,,,,,
1,1748239844832,26/05/2025 06:10,1748250644832,3.5,26/05/2025 12:10,225484,3,questionnaire-355e,,46494324,BLINDED,13501437,,live,,,mobile,undefined K,Android 15,Chrome 136.0.7103.61,491x1091,491x944,,,0,Dignity Honor Face and Dictator Game Instructions,14,consent,,,,,,,,,,,,,,,,,,,,,,,,,,,,,,,,,,,,,,,,,,,,,,,,,,,,,,,,,,,,,,,,,,,,,,,,,,,,,,,,,,,,,,,,,,,,,,,,,,,,,,,,,,,,,,,,,,,,,,,,,,
1,1747338656500,15/05/2025 19:50,1747349456500,3.5,16/05/2025 01:50,225484,3,questionnaire-355e,,46229281,BLINDED,13432339,,live,,,mobile,undefined undefined,Android 11,Firefox 138.0,378x840,378x717,,,0,Dignity Honor Face and Dictator Game Instructions,14,consent,کاملا موافق (۶),6,کاملا موافق (۶),6,موافق (۵),5,موافق (۵),5,کاملا موافق (۶),6,موافق (۵),5,کاملا موافق (۶),6,موافق (۵),5,کاملا موافق (۶),6,موافق (۵),5,کاملا موافق (۶),6,موافق (۵),5,کاملا موافق (۶),6,کاملا موافق (۶),6,کاملا مخالف (۱),1,موافق (۵),5,کاملا موافق (۶),6,موافق (۵),5,موافق (۵),5,کاملا موافق (۶),6,کاملا موافق (۶),6,موافق (۵),5,موافق (۵),5,موافق (۵),5,کاملا موافق (۶),6,موافق (۵),5,کاملا موافق (۶),6,کاملا موافق (۶),6,کاملا موافق (۶),6,کاملا موافق (۶),6,کاملا موافق (۶),6,کاملا موافق (۶),6,کاملا موافق (۶),6,کاملا موافق (۶),6,کاملا موافق (۶),6,موافق (۵),5,کاملا موافق (۶),6,کاملا موافق (۶),6,موافق (۵),5,,,موافق (۵),5,کاملا موافق (۶),6,کاملا موافق (۶),6,کاملا موافق (۶),6,مخالف (۲),2,کاملا موافق (۶),6,کاملا موافق (۶),6,کاملا موافق (۶),6,کاملا موافق (۶),6,کاملا موافق (۶),6,کاملا موافق (۶),6,موافق (۵),5,کاملا موافق (۶),6,کاملا موافق (۶),6,موافق (۵),5,موافق (۵),5,کاملا موافق (۶),6,کاملا موافق (۶),6,کاملا موافق (۶),6,کاملا موافق (۶),6,مخالف (۲),2
1,1747303044289,15/05/2025 09:57,1747313844289,3.5,15/05/2025 15:57,225484,3,questionnaire-355e,,46207342,BLINDED,13427811,,live,,,mobile,undefined K,Android 10,Chrome 136.0.0.0,360x780,360x655,,,0,Dignity Honor Face and Dictator Game Instructions,14,consent,کاملا موافق (۶),6,کاملا موافق (۶),6,,,کاملا موافق (۶),6,کاملا موافق (۶),6,کاملا موافق (۶),6,کاملا موافق (۶),6,کاملا موافق (۶),6,کاملا موافق (۶),6,کاملا موافق (۶),6,کاملا موافق (۶),6,,,کاملا موافق (۶),6,کاملا موافق (۶),6,تا حدی مخالف (۳),3,کاملا موافق (۶),6,کاملا موافق (۶),6,کاملا موافق (۶),6,,,کاملا موافق (۶),6,کاملا موافق (۶),6,کاملا موافق (۶),6,کاملا موافق (۶),6,,,کاملا موافق (۶),6,کاملا موافق (۶),6,کاملا موافق (۶),6,کاملا موافق (۶),6,کاملا موافق (۶),6,کاملا موافق (۶),6,کاملا موافق (۶),6,,,,,کاملا موافق (۶),6,,,,,,,کاملا موافق (۶),6,کاملا موافق (۶),6,,,کاملا موافق (۶),6,,,کاملا موافق (۶),6,کاملا موافق (۶),6,تا حدی موافق (۴),4,کاملا موافق (۶),6,کاملا موافق (۶),6,کاملا موافق (۶),6,,,کاملا موافق (۶),6,کاملا موافق (۶),6,,,کاملا موافق (۶),6,,,کاملا موافق (۶),6,کاملا موافق (۶),6,کاملا موافق (۶),6,,,کاملا موافق (۶),6,کاملا موافق (۶),6,مخالف (۲),2
1,1747302545600,15/05/2025 09:49,1747313345600,3.5,15/05/2025 15:49,225484,3,questionnaire-355e,,46206926,BLINDED,13427732,,live,,,mobile,undefined K,Android 10,Chrome 136.0.0.0,360x780,360x655,,,0,Dignity Honor Face and Dictator Game Instructions,14,consent,کاملا موافق (۶),6,کاملا موافق (۶),6,,,کاملا موافق (۶),6,کاملا موافق (۶),6,کاملا موافق (۶),6,,,کاملا موافق (۶),6,کاملا موافق (۶),6,موافق (۵),5,,,,,کاملا موافق (۶),6,کاملا موافق (۶),6,,,,,کاملا موافق (۶),6,کاملا موافق (۶),6,,,کاملا موافق (۶),6,کاملا موافق (۶),6,,,کاملا موافق (۶),6,تا حدی موافق (۴),4,کاملا موافق (۶),6,کاملا موافق (۶),6,کاملا موافق (۶),6,کاملا موافق (۶),6,کاملا موافق (۶),6,,,,,,,,,,,,,,,,,,,,,,,,,,,,,,,,,,,,,,,,,,,,,,,,,,,,,,,,,,,,,,,,
1,1747220188401,14/05/2025 10:56,1747227388401,2,14/05/2025 14:56,225484,3,questionnaire-355e,,46165550,BLINDED,13419245,,live,,,mobile,Apple iPhone,iOS 18.4.1,Mobile Safari 18.4.1,390x844,390x648,,,0,Dignity Honor Face and Dictator Game Instructions,14,consent,,,,,,,,,,,,,,,,,,,,,,,,,,,,,,,,,,,,,,,,,,,,,,,,,,,,,,,,,,,,,,,,,,,,,,,,,,,,,,,,,,,,,,,,,,,,,,,,,,,,,,,,,,,,,,,,,,,,,,,,,,
1,1747150812218,13/05/2025 15:40,1747161612218,3.5,13/05/2025 21:40,225484,3,questionnaire-355e,,46138676,BLINDED,13413503,,live,,,mobile,undefined K,Android 10,Chrome 136.0.0.0,424x918,423x780,,,0,Dignity Honor Face and Dictator Game Instructions,14,consent,موافق (۵),5,موافق (۵),5,مخالف (۲),2,تا حدی موافق (۴),4,کاملا موافق (۶),6,مخالف (۲),2,موافق (۵),5,تا حدی موافق (۴),4,موافق (۵),5,تا حدی موافق (۴),4,کاملا موافق (۶),6,تا حدی موافق (۴),4,موافق (۵),5,موافق (۵),5,مخالف (۲),2,موافق (۵),5,موافق (۵),5,موافق (۵),5,تا حدی مخالف (۳),3,موافق (۵),5,موافق (۵),5,موافق (۵),5,تا حدی موافق (۴),4,موافق (۵),5,موافق (۵),5,تا حدی موافق (۴),4,موافق (۵),5,موافق (۵),5,موافق (۵),5,تا حدی موافق (۴),4,تا حدی موافق (۴),4,موافق (۵),5,موافق (۵),5,تا حدی موافق (۴),4,موافق (۵),5,تا حدی موافق (۴),4,موافق (۵),5,موافق (۵),5,موافق (۵),5,موافق (۵),5,موافق (۵),5,موافق (۵),5,موافق (۵),5,موافق (۵),5,تا حدی موافق (۴),4,موافق (۵),5,موافق (۵),5,موافق (۵),5,مخالف (۲),2,تا حدی موافق (۴),4,موافق (۵),5,موافق (۵),5,موافق (۵),5,موافق (۵),5,موافق (۵),5,تا حدی موافق (۴),4,موافق (۵),5,موافق (۵),5,تا حدی موافق (۴),4,موافق (۵),5,مخالف (۲),2
1,1747141458381,13/05/2025 13:04,1747152258381,3.5,13/05/2025 19:04,225484,3,questionnaire-355e,,46129619,BLINDED,13411222,,live,,,mobile,undefined K,Android 13,Chrome 136.0.7103.60,412x915,411x780,,,0,Dignity Honor Face and Dictator Game Instructions,14,consent,,,موافق (۵),5,تا حدی موافق (۴),4,,,موافق (۵),5,مخالف (۲),2,مخالف (۲),2,مخالف (۲),2,تا حدی مخالف (۳),3,کاملا مخالف (۱),1,تا حدی موافق (۴),4,تا حدی مخالف (۳),3,موافق (۵),5,,,موافق (۵),5,مخالف (۲),2,مخالف (۲),2,,,,,تا حدی موافق (۴),4,موافق (۵),5,موافق (۵),5,موافق (۵),5,موافق (۵),5,,,تا حدی موافق (۴),4,مخالف (۲),2,مخالف (۲),2,تا حدی موافق (۴),4,تا حدی موافق (۴),4,,,,,,,,,,,,,,,,,,,,,,,,,,,,,,,,,,,,,,,,,,,,,,,,,,,,,,,,,,,,,,
1,1747075443316,12/05/2025 18:44,1747086243316,3.5,13/05/2025 00:44,225484,3,questionnaire-355e,,46102424,BLINDED,13404879,,complete,,,mobile,undefined K,Android 11,Chrome 135.0.7049.111,412x892,411x756,,,0,Dignity Honor Face and Dictator Game Instructions,14,consent,موافق (۵),5,موافق (۵),5,موافق (۵),5,تا حدی موافق (۴),4,موافق (۵),5,موافق (۵),5,موافق (۵),5,کاملا موافق (۶),6,موافق (۵),5,تا حدی موافق (۴),4,تا حدی موافق (۴),4,مخالف (۲),2,موافق (۵),5,تا حدی موافق (۴),4,تا حدی مخالف (۳),3,تا حدی موافق (۴),4,کاملا موافق (۶),6,موافق (۵),5,موافق (۵),5,موافق (۵),5,موافق (۵),5,تا حدی موافق (۴),4,موافق (۵),5,تا حدی موافق (۴),4,موافق (۵),5,موافق (۵),5,تا حدی موافق (۴),4,تا حدی موافق (۴),4,تا حدی موافق (۴),4,موافق (۵),5,تا حدی موافق (۴),4,تا حدی موافق (۴),4,تا حدی موافق (۴),4,تا حدی موافق (۴),4,تا حدی موافق (۴),4,موافق (۵),5,موافق (۵),5,موافق (۵),5,موافق (۵),5,تا حدی موافق (۴),4,تا حدی مخالف (۳),3,تا حدی موافق (۴),4,موافق (۵),5,موافق (۵),5,تا حدی موافق (۴),4,تا حدی موافق (۴),4,موافق (۵),5,موافق (۵),5,موافق (۵),5,موافق (۵),5,تا حدی موافق (۴),4,تا حدی موافق (۴),4,موافق (۵),5,تا حدی موافق (۴),4,موافق (۵),5,موافق (۵),5,موافق (۵),5,موافق (۵),5,تا حدی موافق (۴),4,موافق (۵),5,مخالف (۲),2
1,1747077224715,12/05/2025 19:13,1747088024715,3.5,13/05/2025 01:13,225484,3,questionnaire-355e,,46103140,BLINDED,13405097,,complete,,,mobile,Apple iPhone,iOS 18.2.1,Mobile Safari 18.2.1,393x852,393x649,,,0,Dignity Honor Face and Dictator Game Instructions,14,consent,موافق (۵),5,موافق (۵),5,تا حدی موافق (۴),4,موافق (۵),5,موافق (۵),5,مخالف (۲),2,مخالف (۲),2,تا حدی موافق (۴),4,موافق (۵),5,مخالف (۲),2,مخالف (۲),2,موافق (۵),5,تا حدی موافق (۴),4,مخالف (۲),2,مخالف (۲),2,موافق (۵),5,تا حدی موافق (۴),4,مخالف (۲),2,موافق (۵),5,موافق (۵),5,تا حدی موافق (۴),4,تا حدی موافق (۴),4,تا حدی موافق (۴),4,تا حدی موافق (۴),4,مخالف (۲),2,مخالف (۲),2,موافق (۵),5,تا حدی موافق (۴),4,مخالف (۲),2,کاملا موافق (۶),6,موافق (۵),5,مخالف (۲),2,مخالف (۲),2,مخالف (۲),2,موافق (۵),5,موافق (۵),5,تا حدی موافق (۴),4,مخالف (۲),2,مخالف (۲),2,مخالف (۲),2,موافق (۵),5,موافق (۵),5,موافق (۵),5,موافق (۵),5,مخالف (۲),2,تا حدی موافق (۴),4,موافق (۵),5,کاملا موافق (۶),6,تا حدی موافق (۴),4,موافق (۵),5,تا حدی موافق (۴),4,موافق (۵),5,موافق (۵),5,موافق (۵),5,موافق (۵),5,تا حدی موافق (۴),4,موافق (۵),5,موافق (۵),5,مخالف (۲),2,مخالف (۲),2,مخالف (۲),2
1,1747077961223,12/05/2025 19:26,1747088761223,3.5,13/05/2025 01:26,225484,3,questionnaire-355e,,46103423,BLINDED,13405204,,live,,,mobile,undefined K,Android 11,Chrome 134.0.6998.135,393x851,392x719,,,0,Dignity Honor Face and Dictator Game Instructions,14,consent,,,,,,,,,,,,,,,,,,,,,,,,,,,,,,,,,,,,,,,,,,,,,,,,,,,,,,,,,,,,,,,,,,,,,,,,,,,,,,,,,,,,,,,,,,,,,,,,,,,,,,,,,,,,,,,,,,,,,,,,,,
1,1747076170707,12/05/2025 18:56,1747086970707,3.5,13/05/2025 00:56,225484,3,questionnaire-355e,,46102740,BLINDED,13404987,,complete,,,mobile,undefined K,Android 13,Chrome 136.0.7103.60,385x854,384x718,,,0,Dignity Honor Face and Dictator Game Instructions,14,consent,تا حدی موافق (۴),4,کاملا موافق (۶),6,موافق (۵),5,موافق (۵),5,موافق (۵),5,کاملا موافق (۶),6,موافق (۵),5,تا حدی مخالف (۳),3,کاملا موافق (۶),6,موافق (۵),5,تا حدی مخالف (۳),3,موافق (۵),5,موافق (۵),5,تا حدی موافق (۴),4,مخالف (۲),2,کاملا موافق (۶),6,کاملا موافق (۶),6,موافق (۵),5,کاملا موافق (۶),6,موافق (۵),5,موافق (۵),5,موافق (۵),5,موافق (۵),5,کاملا مخالف (۱),1,موافق (۵),5,موافق (۵),5,موافق (۵),5,موافق (۵),5,تا حدی مخالف (۳),3,کاملا موافق (۶),6,موافق (۵),5,کاملا موافق (۶),6,تا حدی مخالف (۳),3,موافق (۵),5,موافق (۵),5,موافق (۵),5,موافق (۵),5,تا حدی مخالف (۳),3,موافق (۵),5,موافق (۵),5,تا حدی مخالف (۳),3,مخالف (۲),2,موافق (۵),5,موافق (۵),5,مخالف (۲),2,موافق (۵),5,کاملا موافق (۶),6,کاملا موافق (۶),6,کاملا موافق (۶),6,موافق (۵),5,کاملا موافق (۶),6,موافق (۵),5,موافق (۵),5,موافق (۵),5,کاملا موافق (۶),6,موافق (۵),5,موافق (۵),5,تا حدی موافق (۴),4,مخالف (۲),2,موافق (۵),5,مخالف (۲),2
1,1747074889827,12/05/2025 18:34,1747085689827,3.5,13/05/2025 00:34,225484,3,questionnaire-355e,,46102219,BLINDED,13404820,,complete,,,mobile,undefined K,Android 13,Chrome 135.0.7049.113,384x854,384x718,,,0,Dignity Honor Face and Dictator Game Instructions,14,consent,کاملا موافق (۶),6,کاملا موافق (۶),6,موافق (۵),5,تا حدی موافق (۴),4,کاملا موافق (۶),6,تا حدی موافق (۴),4,کاملا موافق (۶),6,تا حدی موافق (۴),4,کاملا موافق (۶),6,کاملا موافق (۶),6,تا حدی موافق (۴),4,تا حدی موافق (۴),4,کاملا موافق (۶),6,تا حدی مخالف (۳),3,مخالف (۲),2,تا حدی موافق (۴),4,تا حدی موافق (۴),4,موافق (۵),5,تا حدی موافق (۴),4,تا حدی موافق (۴),4,کاملا موافق (۶),6,موافق (۵),5,کاملا موافق (۶),6,کاملا موافق (۶),6,تا حدی موافق (۴),4,مخالف (۲),2,تا حدی موافق (۴),4,تا حدی موافق (۴),4,تا حدی موافق (۴),4,کاملا موافق (۶),6,موافق (۵),5,تا حدی مخالف (۳),3,تا حدی موافق (۴),4,مخالف (۲),2,تا حدی مخالف (۳),3,مخالف (۲),2,تا حدی مخالف (۳),3,موافق (۵),5,مخالف (۲),2,تا حدی مخالف (۳),3,موافق (۵),5,کاملا موافق (۶),6,تا حدی موافق (۴),4,موافق (۵),5,تا حدی موافق (۴),4,موافق (۵),5,کاملا موافق (۶),6,کاملا موافق (۶),6,کاملا موافق (۶),6,تا حدی موافق (۴),4,تا حدی موافق (۴),4,تا حدی موافق (۴),4,تا حدی موافق (۴),4,موافق (۵),5,موافق (۵),5,موافق (۵),5,موافق (۵),5,کاملا موافق (۶),6,تا حدی موافق (۴),4,موافق (۵),5,مخالف (۲),2
1,1747074347016,12/05/2025 18:25,1747085147016,3.5,13/05/2025 00:25,225484,3,questionnaire-355e,,46101944,BLINDED,13404754,,complete,,,computer,Desktop or Laptop,Windows 10,Firefox 138.0,1536x864,1485x711,,,0,Dignity Honor Face and Dictator Game Instructions,14,consent,موافق (۵),5,موافق (۵),5,تا حدی مخالف (۳),3,موافق (۵),5,موافق (۵),5,تا حدی مخالف (۳),3,موافق (۵),5,تا حدی مخالف (۳),3,تا حدی موافق (۴),4,تا حدی مخالف (۳),3,تا حدی موافق (۴),4,تا حدی مخالف (۳),3,تا حدی موافق (۴),4,تا حدی موافق (۴),4,مخالف (۲),2,تا حدی مخالف (۳),3,تا حدی مخالف (۳),3,تا حدی مخالف (۳),3,تا حدی مخالف (۳),3,تا حدی موافق (۴),4,تا حدی موافق (۴),4,تا حدی موافق (۴),4,تا حدی موافق (۴),4,تا حدی مخالف (۳),3,تا حدی مخالف (۳),3,تا حدی مخالف (۳),3,تا حدی مخالف (۳),3,تا حدی مخالف (۳),3,تا حدی مخالف (۳),3,تا حدی مخالف (۳),3,تا حدی موافق (۴),4,تا حدی مخالف (۳),3,تا حدی مخالف (۳),3,تا حدی مخالف (۳),3,تا حدی موافق (۴),4,تا حدی مخالف (۳),3,مخالف (۲),2,موافق (۵),5,تا حدی مخالف (۳),3,تا حدی موافق (۴),4,کاملا موافق (۶),6,موافق (۵),5,تا حدی مخالف (۳),3,کاملا موافق (۶),6,موافق (۵),5,موافق (۵),5,موافق (۵),5,کاملا موافق (۶),6,کاملا موافق (۶),6,موافق (۵),5,کاملا موافق (۶),6,موافق (۵),5,موافق (۵),5,کاملا موافق (۶),6,کاملا موافق (۶),6,موافق (۵),5,کاملا موافق (۶),6,کاملا موافق (۶),6,موافق (۵),5,کاملا موافق (۶),6,مخالف (۲),2
1,1749483179526,09/06/2025 15:32,1749493979526,3.5,09/06/2025 21:32,225484,3,questionnaire-355e,,46998752,BLINDED,13606557,,complete,,,mobile,undefined K,Android 10,Chrome 136.0.0.0,384x832,384x700,,,0,Dignity Honor Face and Dictator Game Instructions,14,consent,موافق (۵),5,تا حدی مخالف (۳),3,تا حدی موافق (۴),4,موافق (۵),5,موافق (۵),5,مخالف (۲),2,کاملا موافق (۶),6,کاملا موافق (۶),6,موافق (۵),5,موافق (۵),5,مخالف (۲),2,مخالف (۲),2,تا حدی موافق (۴),4,موافق (۵),5,کاملا مخالف (۱),1,موافق (۵),5,تا حدی موافق (۴),4,تا حدی مخالف (۳),3,تا حدی مخالف (۳),3,تا حدی موافق (۴),4,کاملا موافق (۶),6,موافق (۵),5,موافق (۵),5,موافق (۵),5,تا حدی موافق (۴),4,تا حدی مخالف (۳),3,تا حدی مخالف (۳),3,تا حدی مخالف (۳),3,مخالف (۲),2,موافق (۵),5,تا حدی موافق (۴),4,موافق (۵),5,مخالف (۲),2,مخالف (۲),2,مخالف (۲),2,تا حدی مخالف (۳),3,مخالف (۲),2,تا حدی موافق (۴),4,تا حدی موافق (۴),4,موافق (۵),5,کا��لا موافق (۶),6,کاملا موافق (۶),6,کاملا موافق (۶),6,کاملا موافق (۶),6,کاملا موافق (۶),6,کاملا موافق (۶),6,کاملا موافق (۶),6,کاملا موافق (۶),6,کاملا موافق (۶),6,کاملا موافق (۶),6,موافق (۵),5,موافق (۵),5,کاملا موافق (۶),6,کاملا موافق (۶),6,کاملا موافق (۶),6,کاملا موافق (۶),6,کاملا موافق (۶),6,موافق (۵),5,کاملا موافق (۶),6,کاملا موافق (۶),6,مخالف (۲),2
1,1749306511487,07/06/2025 14:28,1749317311487,3.5,07/06/2025 20:28,225484,3,questionnaire-355e,,46953347,BLINDED,13596764,,live,,,mobile,undefined K,Android 11,Chrome 136.0.7103.125,393x851,392x767,,,0,Dignity Honor Face and Dictator Game Instructions,14,consent,,,,,,,,,,,,,,,,,,,,,,,,,,,,,,,,,,,,,,,,,,,,,,,,,,,,,,,,,,,,,,,,,,,,,,,,,,,,,,,,,,,,,,,,,,,,,,,,,,,,,,,,,,,,,,,,,,,,,,,,,,
1,1749305611581,07/06/2025 14:13,1749316411581,3.5,07/06/2025 20:13,225484,3,questionnaire-355e,,46953110,BLINDED,13596719,,live,,,mobile,undefined K,Android 10,Chrome 136.0.0.0,393x873,392x735,,,0,Dignity Honor Face and Dictator Game Instructions,14,consent,,,,,,,,,,,,,,,,,,,,,,,,,,,,,,,,,,,,,,,,,,,,,,,,,,,,,,,,,,,,,,,,,,,,,,,,,,,,,,,,,,,,,,,,,,,,,,,,,,,,,,,,,,,,,,,,,,,,,,,,,,
1,1749288695146,07/06/2025 09:31,1749299495146,3.5,07/06/2025 15:31,225484,3,questionnaire-355e,,46947885,BLINDED,13595903,,live,,,mobile,undefined K,Android 15,Chrome 137.0.7151.61,407x904,406x797,,,0,Dignity Honor Face and Dictator Game Instructions,14,consent,,,کاملا موافق (۶),6,,,کاملا موافق (۶),6,موافق (۵),5,تا حدی موافق (۴),4,,,تا حدی مخالف (۳),3,موافق (۵),5,موافق (۵),5,,,تا حدی موافق (۴),4,کاملا موافق (۶),6,کاملا موافق (۶),6,,,موافق (۵),5,کاملا موافق (۶),6,کاملا موافق (۶),6,کاملا موافق (۶),6,,,کاملا موافق (۶),6,موافق (۵),5,موافق (۵),5,کاملا موافق (۶),6,موافق (۵),5,کاملا موافق (۶),6,تا حدی موافق (۴),4,موافق (۵),5,کاملا موافق (۶),6,موافق (۵),5,,,,,,,,,,,,,,,,,,,,,,,,,,,,,,,,,,,,,,,,,,,,,,,,,,,,,,,,,,,,,,
1,1747301349250,15/05/2025 09:29,1747312149250,3.5,15/05/2025 15:29,225484,3,questionnaire-355e,,46202317,BLINDED,13427004,,live,,,mobile,undefined K,Android 14,Chrome 136.0.7103.60,384x832,384x696,,,0,Dignity Honor Face and Dictator Game Instructions,14,consent,موافق (۵),5,موافق (۵),5,تا حدی موافق (۴),4,تا حدی موافق (۴),4,کاملا موافق (۶),6,مخالف (۲),2,کاملا مخالف (۱),1,کاملا مخالف (۱),1,تا حدی مخالف (۳),3,کاملا مخالف (۱),1,,,مخالف (۲),2,موافق (۵),5,کاملا مخالف (۱),1,کاملا مخالف (۱),1,کاملا مخالف (۱),1,کاملا مخالف (۱),1,کاملا مخالف (۱),1,مخالف (۲),2,تا حدی موافق (۴),4,تا حدی موافق (۴),4,تا حدی موافق (۴),4,تا حدی موافق (۴),4,تا حدی موافق (۴),4,کاملا مخالف (۱),1,مخالف (۲),2,کاملا مخالف (۱),1,موافق (۵),5,تا حدی موافق (۴),4,,,,,,,,,,,,,,,,,,,,,,,,,,,,,,,,,,,,,,,,,,,,,,,,,,,,,,,,,,,,,,,,
1,1747074034305,12/05/2025 18:20,1747084834305,3.5,13/05/2025 00:20,225484,3,questionnaire-355e,,46101779,BLINDED,13404714,,live,,,mobile,Apple iPhone,iOS 18.0.1,Mobile Safari 18.0.1,390x844,390x663,,,0,Dignity Honor Face and Dictator Game Instructions,14,consent,موافق (۵),5,تا حدی موافق (۴),4,تا حدی موافق (۴),4,تا حدی موافق (۴),4,تا حدی موافق (۴),4,تا حدی موافق (۴),4,تا حدی موافق (۴),4,تا حدی مخالف (۳),3,تا حدی موافق (۴),4,تا حدی موافق (۴),4,تا حدی مخالف (۳),3,تا حدی مخالف (۳),3,موافق (۵),5,تا حدی موافق (۴),4,تا حدی موافق (۴),4,تا حدی موافق (۴),4,تا حدی موافق (۴),4,تا حدی مخالف (۳),3,تا حدی مخالف (۳),3,تا حدی موافق (۴),4,تا حدی موافق (۴),4,تا حدی موافق (۴),4,تا حدی موافق (۴),4,تا حدی موافق (۴),4,تا حدی موافق (۴),4,موافق (۵),5,تا حدی مخالف (۳),3,تا حدی مخالف (۳),3,تا حدی موافق (۴),4,تا حدی موافق (۴),4,تا حدی موافق (۴),4,تا حدی مخالف (۳),3,تا حدی مخالف (۳),3,تا حدی موافق (۴),4,تا حدی مخالف (۳),3,تا حدی موافق (۴),4,تا حدی موافق (۴),4,تا حدی مخالف (۳),3,تا حدی مخالف (۳),3,مخالف (۲),2,موافق (۵),5,تا ح��ی موافق (۴),4,موافق (۵),5,موافق (۵),5,تا حدی موافق (۴),4,موافق (۵),5,کاملا موافق (۶),6,موافق (۵),5,موافق (۵),5,تا حدی موافق (۴),4,موافق (۵),5,موافق (۵),5,موافق (۵),5,تا حدی مخالف (۳),3,موافق (۵),5,تا حدی موافق (۴),4,موافق (۵),5,تا حدی موافق (۴),4,تا حدی موافق (۴),4,موافق (۵),5,مخالف (۲),2
END OF FILE,,,,,,,,,,,,,,,,,,,,,,,,,,,,,,,,,,,,,,,,,,,,,,,,,,,,,,,,,,,,,,,,,,,,,,,,,,,,,,,,,,,,,,,,,,,,,,,,,,,,,,,,,,,,,,,,,,,,,,,,,,,,,,,,,,,,,,,,,,,,,,,,,,,,,,
